83c14c00d011a,0,60358985,gaussian,60.000000,1.000000,1000,40250,99398,103608,59016,59148
83c14c00d011a,0,60358985,gaussian,60.000000,1.000000,1000,104402,164666,164703,60214,60264
83c14c00d011a,0,60358985,gaussian,60.000000,1.000000,1000,164965,225726,225763,60708,60761
83c14c00d011a,0,60358985,gaussian,60.000000,1.000000,1000,225959,285785,285822,59771,59826
83c14c00d011a,0,60358985,gaussian,60.000000,1.000000,1000,286018,345096,345136,59027,59078
83c14c00d011a,0,60358985,gaussian,60.000000,1.000000,1000,345315,407040,407075,61678,61725
83c14c00d011a,0,60358985,gaussian,60.000000,1.000000,1000,407374,468439,468479,61015,61065
83c14c00d011a,0,60358985,gaussian,60.000000,1.000000,1000,468690,527266,527306,58528,58576
83c14c00d011a,0,60358985,gaussian,60.000000,1.000000,1000,527522,587905,587940,60329,60383
83c14c00d011a,0,60358985,gaussian,60.000000,1.000000,1000,588116,646885,646921,58717,58769
83c14c00d011a,0,60358985,gaussian,60.000000,1.000000,1000,647095,706147,706183,59003,59052
83c14c00d011a,0,60358985,gaussian,60.000000,1.000000,1000,706356,766788,766823,60380,60432
83c14c00d011a,0,60358985,gaussian,60.000000,1.000000,1000,767014,826284,826322,59221,59270
83c14c00d011a,0,60358985,gaussian,60.000000,1.000000,1000,826501,886021,886057,59470,59520
83c14c00d011a,0,60358985,gaussian,60.000000,1.000000,1000,886291,947013,947052,60672,60722
83c14c00d011a,0,60358985,gaussian,60.000000,1.000000,1000,947219,1005822,1005857,58546,58603
83c14c00d011a,0,60358985,gaussian,60.000000,1.000000,1000,1006069,1066230,1066326,59906,60161
83c14c00d011a,0,60358985,gaussian,60.000000,1.000000,1000,1066703,1126398,1126434,59641,59695
83c14c00d011a,0,60358985,gaussian,60.000000,1.000000,1000,1126687,1188251,1188290,61515,61564
83c14c00d011a,0,60358985,gaussian,60.000000,1.000000,1000,1188506,1248914,1248950,60351,60408
83c14c00d011a,0,60358985,gaussian,60.000000,1.000000,1000,1249101,1310744,1310780,61588,61643
83c14c00d011a,0,60358985,gaussian,60.000000,1.000000,1000,1310948,1369877,1369915,58872,58929
83c14c00d011a,0,60358985,gaussian,60.000000,1.000000,1000,1370086,1429891,1429929,59749,59805
83c14c00d011a,0,60358985,gaussian,60.000000,1.000000,1000,1430097,1488757,1488793,58606,58660
83c14c00d011a,0,60358985,gaussian,60.000000,1.000000,1000,1488973,1548294,1548329,59269,59321
83c14c00d011a,0,60358985,gaussian,60.000000,1.000000,1000,1548500,1607318,1607354,58768,58818
83c14c00d011a,0,60358985,gaussian,60.000000,1.000000,1000,1607528,1667140,1667179,59562,59612
83c14c00d011a,0,60358985,gaussian,60.000000,1.000000,1000,1667389,1728938,1728978,61497,61549
83c14c00d011a,0,60358985,gaussian,60.000000,1.000000,1000,1729144,1788772,1788811,59574,59628
83c14c00d011a,0,60358985,gaussian,60.000000,1.000000,1000,1790705,1850805,1850885,60050,60100
83c14c00d011a,0,60358985,gaussian,60.000000,1.000000,1000,1851197,1910111,1910146,58863,58914
83c14c00d011a,0,60358985,gaussian,60.000000,1.000000,1000,1910313,1971232,1971269,60866,60919
83c14c00d011a,0,60358985,gaussian,60.000000,1.000000,1000,1971442,2030456,2030544,58768,59014
83c14c00d011a,0,60358985,gaussian,60.000000,1.000000,1000,2030919,2088802,2088837,57832,57883
83c14c00d011a,0,60358985,gaussian,60.000000,1.000000,1000,2089013,2147999,2148035,58935,58986
83c14c00d011a,0,60358985,gaussian,60.000000,1.000000,1000,2148229,2209520,2209558,61236,61291
83c14c00d011a,0,60358985,gaussian,60.000000,1.000000,1000,2209733,2269322,2269360,59537,59589
83c14c00d011a,0,60358985,gaussian,60.000000,1.000000,1000,2269563,2330145,2330183,60525,60582
83c14c00d011a,0,60358985,gaussian,60.000000,1.000000,1000,2330363,2392154,2392192,61741,61791
83c14c00d011a,0,60358985,gaussian,60.000000,1.000000,1000,2392356,2451234,2451269,58832,58878
83c14c00d011a,0,60358985,gaussian,60.000000,1.000000,1000,2451424,2511085,2511123,59610,59661
83c14c00d011a,0,60358985,gaussian,60.000000,1.000000,1000,2511282,2571198,2571234,59865,59916
83c14c00d011a,0,60358985,gaussian,60.000000,1.000000,1000,2571441,2633124,2633162,61635,61683
83c14c00d011a,0,60358985,gaussian,60.000000,1.000000,1000,2636355,2697112,2697202,60705,60757
83c14c00d011a,0,60358985,gaussian,60.000000,1.000000,1000,2697387,2756113,2756149,58672,58726
83c14c00d011a,0,60358985,gaussian,60.000000,1.000000,1000,2756308,2816873,2816909,60517,60565
83c14c00d011a,0,60358985,gaussian,60.000000,1.000000,1000,2817076,2876757,2876795,59626,59681
83c14c00d011a,0,60358985,gaussian,60.000000,1.000000,1000,2876976,2938641,2938678,61613,61665
83c14c00d011a,0,60358985,gaussian,60.000000,1.000000,1000,2938834,3000057,3000095,61170,61223
83c14c00d011a,0,60358985,gaussian,60.000000,1.000000,1000,3000256,3060036,3060136,59529,59780
83c14c00d011a,0,60358985,gaussian,60.000000,1.000000,1000,3060529,3119642,3119678,59060,59113
83c14c00d011a,0,60358985,gaussian,60.000000,1.000000,1000,3119899,3179445,3179481,59493,59546
83c14c00d011a,0,60358985,gaussian,60.000000,1.000000,1000,3179660,3239758,3239794,60041,60098
83c14c00d011a,0,60358985,gaussian,60.000000,1.000000,1000,3239959,3298071,3298106,58057,58112
83c14c00d011a,0,60358985,gaussian,60.000000,1.000000,1000,3298269,3358965,3359003,60647,60696
83c14c00d011a,0,60358985,gaussian,60.000000,1.000000,1000,3359186,3417731,3417769,58493,58545
83c14c00d011a,0,60358985,gaussian,60.000000,1.000000,1000,3417932,3478446,3478481,60462,60514
83c14c00d011a,0,60358985,gaussian,60.000000,1.000000,1000,3478787,3538282,3538320,59444,59495
83c14c00d011a,0,60358985,gaussian,60.000000,1.000000,1000,3538534,3600297,3600331,61704,61763
83c14c00d011a,0,60358985,gaussian,60.000000,1.000000,1000,3600511,3659013,3659051,58450,58502
83c14c00d011a,0,60358985,gaussian,60.000000,1.000000,1000,3659266,3719307,3719342,59986,60041
83c14c00d011a,0,60358985,gaussian,60.000000,1.000000,1000,3719517,3779498,3779533,59929,59981
83c14c00d011a,0,60358985,gaussian,60.000000,1.000000,1000,3779731,3838952,3838988,59166,59221
83c14c00d011a,0,60358985,gaussian,60.000000,1.000000,1000,3839195,3897755,3897791,58503,58560
83c14c00d011a,0,60358985,gaussian,60.000000,1.000000,1000,3897947,3957107,3957143,59105,59160
83c14c00d011a,0,60358985,gaussian,60.000000,1.000000,1000,3957316,4018616,4018652,61248,61300
83c14c00d011a,0,60358985,gaussian,60.000000,1.000000,1000,4018829,4080084,4080171,61002,61255
83c14c00d011a,0,60358985,gaussian,60.000000,1.000000,1000,4080554,4141177,4141213,60572,60623
83c14c00d011a,0,60358985,gaussian,60.000000,1.000000,1000,4141422,4200491,4200527,59013,59069
83c14c00d011a,0,60358985,gaussian,60.000000,1.000000,1000,4200716,4260971,4261009,60202,60255
83c14c00d011a,0,60358985,gaussian,60.000000,1.000000,1000,4261185,4323043,4323082,61806,61858
83c14c00d011a,0,60358985,gaussian,60.000000,1.000000,1000,4323290,4381700,4381736,58357,58410
83c14c00d011a,0,60358985,gaussian,60.000000,1.000000,1000,4381914,4440777,4440813,58809,58863
83c14c00d011a,0,60358985,gaussian,60.000000,1.000000,1000,4441021,4503288,4503326,62218,62267
83c14c00d011a,0,60358985,gaussian,60.000000,1.000000,1000,4503479,4563509,4563544,59975,60030
83c14c00d011a,0,60358985,gaussian,60.000000,1.000000,1000,4563699,4621858,4621896,58114,58159
83c14c00d011a,0,60358985,gaussian,60.000000,1.000000,1000,4622048,4680959,4680997,58859,58911
83c14c00d011a,0,60358985,gaussian,60.000000,1.000000,1000,4681272,4741812,4741851,60488,60540
83c14c00d011a,0,60358985,gaussian,60.000000,1.000000,1000,4742074,4801601,4801640,59474,59527
83c14c00d011a,0,60358985,gaussian,60.000000,1.000000,1000,4801959,4861999,4862034,59990,60040
83c14c00d011a,0,60358985,gaussian,60.000000,1.000000,1000,4862207,4922452,4922491,60193,60245
83c14c00d011a,0,60358985,gaussian,60.000000,1.000000,1000,4922659,4982231,4982267,59518,59572
83c14c00d011a,0,60358985,gaussian,60.000000,1.000000,1000,4982426,5044284,5044373,61604,61858
83c14c00d011a,0,60358985,gaussian,60.000000,1.000000,1000,5044726,5104991,5105026,60208,60265
83c14c00d011a,0,60358985,gaussian,60.000000,1.000000,1000,5105315,5165695,5165733,60327,60380
83c14c00d011a,0,60358985,gaussian,60.000000,1.000000,1000,5165893,5227312,5227347,61368,61419
83c14c00d011a,0,60358985,gaussian,60.000000,1.000000,1000,5227525,5286820,5286858,59241,59295
83c14c00d011a,0,60358985,gaussian,60.000000,1.000000,1000,5287013,5345940,5345976,58874,58927
83c14c00d011a,0,60358985,gaussian,60.000000,1.000000,1000,5346135,5405864,5405900,59674,59729
83c14c00d011a,0,60358985,gaussian,60.000000,1.000000,1000,5406061,5465206,5465244,59093,59145
83c14c00d011a,0,60358985,gaussian,60.000000,1.000000,1000,5465403,5525935,5525971,60480,60532
83c14c00d011a,0,60358985,gaussian,60.000000,1.000000,1000,5526226,5586158,5586193,59880,59932
83c14c00d011a,0,60358985,gaussian,60.000000,1.000000,1000,5586355,5647187,5647222,60780,60832
83c14c00d011a,0,60358985,gaussian,60.000000,1.000000,1000,5647378,5706993,5707029,59564,59615
83c14c00d011a,0,60358985,gaussian,60.000000,1.000000,1000,5707290,5767117,5767155,59776,59827
83c14c00d011a,0,60358985,gaussian,60.000000,1.000000,1000,5767308,5828566,5828602,61202,61258
83c14c00d011a,0,60358985,gaussian,60.000000,1.000000,1000,5828764,5889222,5889257,60407,60458
83c14c00d011a,0,60358985,gaussian,60.000000,1.000000,1000,5889422,5948191,5948228,58713,58769
83c14c00d011a,0,60358985,gaussian,60.000000,1.000000,1000,5948440,6008545,6008581,60052,60105
83c14c00d011a,0,60358985,gaussian,60.000000,1.000000,1000,6008743,6068966,6069054,59968,60223
83c14c00d011a,0,60358985,gaussian,60.000000,1.000000,1000,6069405,6130896,6130932,61444,61491
83c14c00d011a,0,60358985,gaussian,60.000000,1.000000,1000,6131152,6192303,6192339,61097,61151
83c14c00d011a,0,60358985,gaussian,60.000000,1.000000,1000,6192533,6252663,6252702,60078,60130
83c14c00d011a,0,60358985,gaussian,60.000000,1.000000,1000,6252859,6313190,6313228,60281,60331
83c14c00d011a,0,60358985,gaussian,60.000000,1.000000,1000,6313391,6374338,6374374,60895,60947
83c14c00d011a,0,60358985,gaussian,60.000000,1.000000,1000,6374537,6435296,6435331,60704,60759
83c14c00d011a,0,60358985,gaussian,60.000000,1.000000,1000,6435487,6496134,6496171,60603,60647
83c14c00d011a,0,60358985,gaussian,60.000000,1.000000,1000,6496348,6555889,6555924,59485,59541
83c14c00d011a,0,60358985,gaussian,60.000000,1.000000,1000,6556093,6619174,6619208,63027,63081
83c14c00d011a,0,60358985,gaussian,60.000000,1.000000,1000,6619371,6678649,6678687,59228,59278
83c14c00d011a,0,60358985,gaussian,60.000000,1.000000,1000,6678849,6738737,6738775,59833,59888
83c14c00d011a,0,60358985,gaussian,60.000000,1.000000,1000,6738943,6797375,6797413,58381,58432
83c14c00d011a,0,60358985,gaussian,60.000000,1.000000,1000,6797589,6857594,6857631,59951,60005
83c14c00d011a,0,60358985,gaussian,60.000000,1.000000,1000,6857790,6918463,6918502,60627,60673
83c14c00d011a,0,60358985,gaussian,60.000000,1.000000,1000,6918680,6980021,6980058,61289,61341
83c14c00d011a,0,60358985,gaussian,60.000000,1.000000,1000,6980290,7040512,7040602,59969,60222
83c14c00d011a,0,60358985,gaussian,60.000000,1.000000,1000,7040956,7102913,7102951,61907,61957
83c14c00d011a,0,60358985,gaussian,60.000000,1.000000,1000,7103164,7164648,7164686,61427,61484
83c14c00d011a,0,60358985,gaussian,60.000000,1.000000,1000,7164837,7227190,7227226,62301,62353
83c14c00d011a,0,60358985,gaussian,60.000000,1.000000,1000,7227388,7287127,7287163,59684,59739
83c14c00d011a,0,60358985,gaussian,60.000000,1.000000,1000,7287331,7348958,7348994,61571,61627
83c14c00d011a,0,60358985,gaussian,60.000000,1.000000,1000,7349157,7410848,7410884,61636,61691
83c14c00d011a,0,60358985,gaussian,60.000000,1.000000,1000,7411042,7469660,7469696,58563,58618
83c14c00d011a,0,60358985,gaussian,60.000000,1.000000,1000,7469855,7531070,7531109,61161,61215
83c14c00d011a,0,60358985,gaussian,60.000000,1.000000,1000,7531265,7589810,7589848,58491,58545
83c14c00d011a,0,60358985,gaussian,60.000000,1.000000,1000,7590050,7649580,7649615,59478,59530
83c14c00d011a,0,60358985,gaussian,60.000000,1.000000,1000,7649778,7708572,7708608,58745,58794
83c14c00d011a,0,60358985,gaussian,60.000000,1.000000,1000,7708780,7767959,7767997,59129,59179
83c14c00d011a,0,60358985,gaussian,60.000000,1.000000,1000,7768151,7829201,7829239,60996,61050
83c14c00d011a,0,60358985,gaussian,60.000000,1.000000,1000,7829397,7889044,7889080,59592,59647
83c14c00d011a,0,60358985,gaussian,60.000000,1.000000,1000,7889254,7949536,7949572,60229,60282
83c14c00d011a,0,60358985,gaussian,60.000000,1.000000,1000,7949726,8009265,8009301,59488,59539
83c14c00d011a,0,60358985,gaussian,60.000000,1.000000,1000,8009473,8067292,8067382,57575,57819
83c14c00d011a,0,60358985,gaussian,60.000000,1.000000,1000,8067742,8128935,8128970,61135,61193
83c14c00d011a,0,60358985,gaussian,60.000000,1.000000,1000,8129191,8190031,8190069,60787,60840
83c14c00d011a,0,60358985,gaussian,60.000000,1.000000,1000,8190286,8249146,8249185,58811,58860
83c14c00d011a,0,60358985,gaussian,60.000000,1.000000,1000,8249335,8309048,8309084,59662,59713
83c14c00d011a,0,60358985,gaussian,60.000000,1.000000,1000,8309261,8368957,8368996,59642,59696
83c14c00d011a,0,60358985,gaussian,60.000000,1.000000,1000,8369156,8430022,8430060,60817,60866
83c14c00d011a,0,60358985,gaussian,60.000000,1.000000,1000,8430217,8489195,8489233,58927,58978
83c14c00d011a,0,60358985,gaussian,60.000000,1.000000,1000,8489397,8550044,8550080,60593,60647
83c14c00d011a,0,60358985,gaussian,60.000000,1.000000,1000,8550246,8610236,8610272,59937,59990
83c14c00d011a,0,60358985,gaussian,60.000000,1.000000,1000,8610436,8670459,8670493,59966,60023
83c14c00d011a,0,60358985,gaussian,60.000000,1.000000,1000,8670673,8730311,8730350,59584,59638
83c14c00d011a,0,60358985,gaussian,60.000000,1.000000,1000,8730516,8791823,8791862,61257,61307
83c14c00d011a,0,60358985,gaussian,60.000000,1.000000,1000,8792017,8852290,8852328,60220,60273
83c14c00d011a,0,60358985,gaussian,60.000000,1.000000,1000,8854658,8916227,8916318,61519,61569
83c14c00d011a,0,60358985,gaussian,60.000000,1.000000,1000,8916485,8975999,8976034,59461,59514
83c14c00d011a,0,60358985,gaussian,60.000000,1.000000,1000,8976205,9036339,9036432,59828,60134
83c14c00d011a,0,60358985,gaussian,60.000000,1.000000,1000,9036956,9097001,9097036,59993,60045
83c14c00d011a,0,60358985,gaussian,60.000000,1.000000,1000,9097198,9154754,9154793,57503,57556
83c14c00d011a,0,60358985,gaussian,60.000000,1.000000,1000,9154960,9214897,9214933,59889,59937
83c14c00d011a,0,60358985,gaussian,60.000000,1.000000,1000,9215094,9275343,9275378,60198,60249
83c14c00d011a,0,60358985,gaussian,60.000000,1.000000,1000,9275736,9335509,9335543,59723,59773
83c14c00d011a,0,60358985,gaussian,60.000000,1.000000,1000,9335755,9398181,9398221,62377,62426
83c14c00d011a,0,60358985,gaussian,60.000000,1.000000,1000,9398381,9459145,9459181,60712,60764
83c14c00d011a,0,60358985,gaussian,60.000000,1.000000,1000,9459391,9520891,9520929,61451,61500
83c14c00d011a,0,60358985,gaussian,60.000000,1.000000,1000,9521147,9582147,9582185,60948,61000
83c14c00d011a,0,60358985,gaussian,60.000000,1.000000,1000,9582360,9643729,9643765,61315,61369
83c14c00d011a,0,60358985,gaussian,60.000000,1.000000,1000,9643925,9702727,9702762,58751,58802
83c14c00d011a,0,60358985,gaussian,60.000000,1.000000,1000,9702926,9763608,9763645,60626,60682
83c14c00d011a,0,60358985,gaussian,60.000000,1.000000,1000,9763807,9822560,9822597,58699,58753
83c14c00d011a,0,60358985,gaussian,60.000000,1.000000,1000,9822768,9882851,9882886,60028,60083
83c14c00d011a,0,60358985,gaussian,60.000000,1.000000,1000,9883085,9943853,9943889,60712,60768
83c14c00d011a,0,60358985,gaussian,60.000000,1.000000,1000,9944055,10003651,10003688,59547,59596
83c14c00d011a,0,60358985,gaussian,60.000000,1.000000,1000,10003869,10064189,10064285,60062,60320
83c14c00d011a,0,60358985,gaussian,60.000000,1.000000,1000,10064653,10125309,10125347,60603,60656
83c14c00d011a,0,60358985,gaussian,60.000000,1.000000,1000,10125508,10184838,10184874,59275,59330
83c14c00d011a,0,60358985,gaussian,60.000000,1.000000,1000,10185030,10244057,10244093,58980,59027
83c14c00d011a,0,60358985,gaussian,60.000000,1.000000,1000,10244249,10303132,10303170,58829,58883
83c14c00d011a,0,60358985,gaussian,60.000000,1.000000,1000,10303332,10362783,10362821,59404,59451
83c14c00d011a,0,60358985,gaussian,60.000000,1.000000,1000,10362976,10423347,10423383,60319,60371
83c14c00d011a,0,60358985,gaussian,60.000000,1.000000,1000,10423567,10487465,10487501,63849,63898
83c14c00d011a,0,60358985,gaussian,60.000000,1.000000,1000,10487661,10546913,10546949,59197,59252
83c14c00d011a,0,60358985,gaussian,60.000000,1.000000,1000,10547111,10605781,10605816,58618,58670
83c14c00d011a,0,60358985,gaussian,60.000000,1.000000,1000,10605986,10666374,10666412,60338,60388
83c14c00d011a,0,60358985,gaussian,60.000000,1.000000,1000,10666565,10726262,10726298,59645,59697
83c14c00d011a,0,60358985,gaussian,60.000000,1.000000,1000,10726507,10785912,10785948,59349,59405
83c14c00d011a,0,60358985,gaussian,60.000000,1.000000,1000,10786101,10848189,10848224,62031,62088
83c14c00d011a,0,60358985,gaussian,60.000000,1.000000,1000,10848378,10907874,10907910,59441,59496
83c14c00d011a,0,60358985,gaussian,60.000000,1.000000,1000,10908073,10968037,10968073,59909,59964
83c14c00d011a,0,60358985,gaussian,60.000000,1.000000,1000,10968232,11029148,11029237,60667,60916
83c14c00d011a,0,60358985,gaussian,60.000000,1.000000,1000,11029610,11090717,11090752,61059,61107
83c14c00d011a,0,60358985,gaussian,60.000000,1.000000,1000,11090966,11150553,11150589,59532,59587
83c14c00d011a,0,60358985,gaussian,60.000000,1.000000,1000,11150745,11209530,11209566,58729,58785
83c14c00d011a,0,60358985,gaussian,60.000000,1.000000,1000,11209774,11269220,11269258,59393,59446
83c14c00d011a,0,60358985,gaussian,60.000000,1.000000,1000,11269412,11329075,11329110,59610,59663
83c14c00d011a,0,60358985,gaussian,60.000000,1.000000,1000,11329274,11389663,11389703,60339,60389
83c14c00d011a,0,60358985,gaussian,60.000000,1.000000,1000,11389871,11449766,11449805,59847,59895
83c14c00d011a,0,60358985,gaussian,60.000000,1.000000,1000,11449984,11508150,11508186,58114,58166
83c14c00d011a,0,60358985,gaussian,60.000000,1.000000,1000,11508396,11569986,11570024,61538,61590
83c14c00d011a,0,60358985,gaussian,60.000000,1.000000,1000,11570299,11629953,11629991,59598,59654
83c14c00d011a,0,60358985,gaussian,60.000000,1.000000,1000,11630145,11690181,11690219,59987,60036
83c14c00d011a,0,60358985,gaussian,60.000000,1.000000,1000,11690380,11749600,11749635,59166,59220
83c14c00d011a,0,60358985,gaussian,60.000000,1.000000,1000,11749797,11809826,11809862,59977,60029
83c14c00d011a,0,60358985,gaussian,60.000000,1.000000,1000,11810025,11870358,11870394,60281,60333
83c14c00d011a,0,60358985,gaussian,60.000000,1.000000,1000,11870614,11930420,11930455,59751,59806
83c14c00d011a,0,60358985,gaussian,60.000000,1.000000,1000,11930608,11989461,11989499,58798,58853
83c14c00d011a,0,60358985,gaussian,60.000000,1.000000,1000,11989657,12049620,12049712,59709,59963
83c14c00d011a,0,60358985,gaussian,60.000000,1.000000,1000,12050064,12109277,12109315,59157,59213
83c14c00d011a,0,60358985,gaussian,60.000000,1.000000,1000,12109502,12169976,12170011,60425,60474
83c14c00d011a,0,60358985,gaussian,60.000000,1.000000,1000,12170174,12229989,12230024,59766,59815
83c14c00d011a,0,60358985,gaussian,60.000000,1.000000,1000,12230204,12290218,12290257,59962,60014
83c14c00d011a,0,60358985,gaussian,60.000000,1.000000,1000,12290420,12350381,12350420,59908,59961
83c14c00d011a,0,60358985,gaussian,60.000000,1.000000,1000,12350616,12411556,12411592,60885,60940
83c14c00d011a,0,60358985,gaussian,60.000000,1.000000,1000,12411803,12471332,12471367,59474,59529
83c14c00d011a,0,60358985,gaussian,60.000000,1.000000,1000,12471531,12531802,12531841,60223,60271
83c14c00d011a,0,60358985,gaussian,60.000000,1.000000,1000,12531993,12591321,12591359,59275,59328
83c14c00d011a,0,60358985,gaussian,60.000000,1.000000,1000,12591511,12652485,12652523,60917,60974
83c14c00d011a,0,60358985,gaussian,60.000000,1.000000,1000,12652697,12711100,12711135,58353,58403
83c14c00d011a,0,60358985,gaussian,60.000000,1.000000,1000,12711305,12772184,12772223,60833,60879
83c14c00d011a,0,60358985,gaussian,60.000000,1.000000,1000,12772378,12832015,12832053,59585,59637
83c14c00d011a,0,60358985,gaussian,60.000000,1.000000,1000,12832263,12892493,12892530,60173,60230
83c14c00d011a,0,60358985,gaussian,60.000000,1.000000,1000,12892775,12953985,12954020,61160,61210
83c14c00d011a,0,60358985,gaussian,60.000000,1.000000,1000,12954183,13013386,13013422,59147,59203
83c14c00d011a,0,60358985,gaussian,60.000000,1.000000,1000,13013598,13073610,13073701,59752,60012
83c14c00d011a,0,60358985,gaussian,60.000000,1.000000,1000,13074070,13133172,13133207,59044,59102
83c14c00d011a,0,60358985,gaussian,60.000000,1.000000,1000,13133369,13193699,13193737,60282,60330
83c14c00d011a,0,60358985,gaussian,60.000000,1.000000,1000,13193899,13251730,13251768,57784,57831
83c14c00d011a,0,60358985,gaussian,60.000000,1.000000,1000,13251932,13311593,13311631,59613,59661
83c14c00d011a,0,60358985,gaussian,60.000000,1.000000,1000,13311803,13371097,13371136,59241,59294
83c14c00d011a,0,60358985,gaussian,60.000000,1.000000,1000,13371289,13432697,13432732,61351,61408
83c14c00d011a,0,60358985,gaussian,60.000000,1.000000,1000,13432888,13492469,13492504,59525,59581
83c14c00d011a,0,60358985,gaussian,60.000000,1.000000,1000,13492669,13551774,13551810,59051,59105
83c14c00d011a,0,60358985,gaussian,60.000000,1.000000,1000,13551963,13611335,13611371,59319,59372
83c14c00d011a,0,60358985,gaussian,60.000000,1.000000,1000,13611551,13671565,13671603,59961,60014
83c14c00d011a,0,60358985,gaussian,60.000000,1.000000,1000,13671761,13732102,13732137,60290,60341
83c14c00d011a,0,60358985,gaussian,60.000000,1.000000,1000,13732300,13791020,13791055,58670,58720
83c14c00d011a,0,60358985,gaussian,60.000000,1.000000,1000,13791271,13851343,13851379,60018,60072
83c14c00d011a,0,60358985,gaussian,60.000000,1.000000,1000,13851593,13911616,13911651,59965,60023
83c14c00d011a,0,60358985,gaussian,60.000000,1.000000,1000,13911843,13972767,13972803,60874,60924
83c14c00d011a,0,60358985,gaussian,60.000000,1.000000,1000,13972984,14033669,14033759,60435,60685
83c14c00d011a,0,60358985,gaussian,60.000000,1.000000,1000,14034113,14094810,14094848,60645,60697
83c14c00d011a,0,60358985,gaussian,60.000000,1.000000,1000,14095017,14154253,14154291,59182,59236
83c14c00d011a,0,60358985,gaussian,60.000000,1.000000,1000,14154444,14213539,14213575,59043,59095
83c14c00d011a,0,60358985,gaussian,60.000000,1.000000,1000,14213776,14272427,14272463,58595,58651
83c14c00d011a,0,60358985,gaussian,60.000000,1.000000,1000,14272619,14333090,14333128,60422,60471
83c14c00d011a,0,60358985,gaussian,60.000000,1.000000,1000,14333373,14393187,14393223,59766,59814
83c14c00d011a,0,60358985,gaussian,60.000000,1.000000,1000,14393386,14455094,14455132,61652,61708
83c14c00d011a,0,60358985,gaussian,60.000000,1.000000,1000,14455285,14515733,14515769,60397,60448
83c14c00d011a,0,60358985,gaussian,60.000000,1.000000,1000,14515929,14574724,14574761,58740,58795
83c14c00d011a,0,60358985,gaussian,60.000000,1.000000,1000,14574921,14635836,14635873,60867,60915
83c14c00d011a,0,60358985,gaussian,60.000000,1.000000,1000,14636032,14695585,14695623,59501,59553
83c14c00d011a,0,60358985,gaussian,60.000000,1.000000,1000,14695786,14753911,14753947,58075,58125
83c14c00d011a,0,60358985,gaussian,60.000000,1.000000,1000,14754126,14815513,14815548,61331,61387
83c14c00d011a,0,60358985,gaussian,60.000000,1.000000,1000,14815746,14875328,14875364,59525,59582
83c14c00d011a,0,60358985,gaussian,60.000000,1.000000,1000,14875528,14934656,14934692,59075,59128
83c14c00d011a,0,60358985,gaussian,60.000000,1.000000,1000,14934893,14994254,14994292,59309,59361
83c14c00d011a,0,60358985,gaussian,60.000000,1.000000,1000,14996664,15056067,15056165,59156,59403
83c14c00d011a,0,60358985,gaussian,60.000000,1.000000,1000,15056537,15116331,15116370,59744,59794
83c14c00d011a,0,60358985,gaussian,60.000000,1.000000,1000,15116584,15177155,15177194,60524,60571
83c14c00d011a,0,60358985,gaussian,60.000000,1.000000,1000,15177378,15238077,15238112,60649,60699
83c14c00d011a,0,60358985,gaussian,60.000000,1.000000,1000,15238274,15299330,15299368,61003,61056
83c14c00d011a,0,60358985,gaussian,60.000000,1.000000,1000,15299567,15359564,15359603,59945,59997
83c14c00d011a,0,60358985,gaussian,60.000000,1.000000,1000,15359771,15420477,15420516,60656,60706
83c14c00d011a,0,60358985,gaussian,60.000000,1.000000,1000,15420709,15480704,15480742,59944,59995
83c14c00d011a,0,60358985,gaussian,60.000000,1.000000,1000,15480940,15543018,15543053,62024,62078
83c14c00d011a,0,60358985,gaussian,60.000000,1.000000,1000,15543219,15603334,15603370,60059,60115
83c14c00d011a,0,60358985,gaussian,60.000000,1.000000,1000,15603531,15664263,15664301,60683,60732
83c14c00d011a,0,60358985,gaussian,60.000000,1.000000,1000,15664462,15723230,15723269,58719,58768
83c14c00d011a,0,60358985,gaussian,60.000000,1.000000,1000,15723435,15783583,15783618,60097,60148
83c14c00d011a,0,60358985,gaussian,60.000000,1.000000,1000,15783788,15845697,15845736,61856,61909
83c14c00d011a,0,60358985,gaussian,60.000000,1.000000,1000,15845900,15905379,15905414,59429,59479
83c14c00d011a,0,60358985,gaussian,60.000000,1.000000,1000,15905578,15964416,15964451,58787,58838
83c14c00d011a,0,60358985,gaussian,60.000000,1.000000,1000,15964613,16023189,16023228,58525,58576
83c14c00d011a,0,60358985,gaussian,60.000000,1.000000,1000,16023381,16083398,16083493,58439,60017
83c14c00d011a,0,60358985,gaussian,60.000000,1.000000,1000,16083846,16143419,16143454,59524,59573
83c14c00d011a,0,60358985,gaussian,60.000000,1.000000,1000,16143617,16205476,16205514,61803,61859
83c14c00d011a,0,60358985,gaussian,60.000000,1.000000,1000,16205665,16264843,16264881,59126,59178
83c14c00d011a,0,60358985,gaussian,60.000000,1.000000,1000,16265057,16326024,16326059,60912,60967
83c14c00d011a,0,60358985,gaussian,60.000000,1.000000,1000,16326230,16385525,16385561,59246,59295
83c14c00d011a,0,60358985,gaussian,60.000000,1.000000,1000,16385713,16445721,16445755,59952,60008
83c14c00d011a,0,60358985,gaussian,60.000000,1.000000,1000,16445918,16507911,16507948,61937,61993
83c14c00d011a,0,60358985,gaussian,60.000000,1.000000,1000,16508123,16567437,16567473,59264,59314
83c14c00d011a,0,60358985,gaussian,60.000000,1.000000,1000,16567724,16627954,16627992,60177,60230
83c14c00d011a,0,60358985,gaussian,60.000000,1.000000,1000,16628199,16689121,16689159,60877,60922
83c14c00d011a,0,60358985,gaussian,60.000000,1.000000,1000,16689325,16749413,16749450,60036,60088
83c14c00d011a,0,60358985,gaussian,60.000000,1.000000,1000,16749644,16812264,16812304,62571,62620
83c14c00d011a,0,60358985,gaussian,60.000000,1.000000,1000,16812492,16872106,16872141,59562,59614
83c14c00d011a,0,60358985,gaussian,60.000000,1.000000,1000,16872312,16931649,16931687,59289,59337
83c14c00d011a,0,60358985,gaussian,60.000000,1.000000,1000,16931884,16992182,16992217,60245,60298
83c14c00d011a,0,60358985,gaussian,60.000000,1.000000,1000,16992392,17054203,17054295,61562,61811
83c14c00d011a,0,60358985,gaussian,60.000000,1.000000,1000,17054672,17113399,17113437,58675,58727
83c14c00d011a,0,60358985,gaussian,60.000000,1.000000,1000,17113594,17173198,17173237,59551,59604
83c14c00d011a,0,60358985,gaussian,60.000000,1.000000,1000,17173395,17233468,17233506,60023,60073
83c14c00d011a,0,60358985,gaussian,60.000000,1.000000,1000,17233664,17292651,17292687,58932,58987
83c14c00d011a,0,60358985,gaussian,60.000000,1.000000,1000,17292949,17355736,17355771,62734,62787
83c14c00d011a,0,60358985,gaussian,60.000000,1.000000,1000,17355924,17416554,17416592,60583,60630
83c14c00d011a,0,60358985,gaussian,60.000000,1.000000,1000,17416839,17476117,17476155,59230,59278
83c14c00d011a,0,60358985,gaussian,60.000000,1.000000,1000,17476307,17535076,17535113,58717,58769
83c14c00d011a,0,60358985,gaussian,60.000000,1.000000,1000,17535272,17596030,17596065,60706,60758
83c14c00d011a,0,60358985,gaussian,60.000000,1.000000,1000,17596227,17657727,17657764,61442,61500
83c14c00d011a,0,60358985,gaussian,60.000000,1.000000,1000,17657935,17717213,17717249,59221,59278
83c14c00d011a,0,60358985,gaussian,60.000000,1.000000,1000,17717403,17778420,17778456,60966,61017
83c14c00d011a,0,60358985,gaussian,60.000000,1.000000,1000,17778608,17838036,17838074,59374,59428
83c14c00d011a,0,60358985,gaussian,60.000000,1.000000,1000,17838232,17898798,17898836,60511,60566
83c14c00d011a,0,60358985,gaussian,60.000000,1.000000,1000,17899005,17960595,17960630,61541,61590
83c14c00d011a,0,60358985,gaussian,60.000000,1.000000,1000,17960793,18020833,18020868,59990,60040
83c14c00d011a,0,60358985,gaussian,60.000000,1.000000,1000,18021022,18082135,18082242,60851,61113
83c14c00d011a,0,60358985,gaussian,60.000000,1.000000,1000,18082672,18142535,18142571,59813,59863
83c14c00d011a,0,60358985,gaussian,60.000000,1.000000,1000,18142744,18203509,18203544,60707,60765
83c14c00d011a,0,60358985,gaussian,60.000000,1.000000,1000,18203712,18263895,18263931,60127,60183
83c14c00d011a,0,60358985,gaussian,60.000000,1.000000,1000,18264094,18325887,18325923,61739,61793
83c14c00d011a,0,60358985,gaussian,60.000000,1.000000,1000,18326090,18387096,18387134,60952,61006
83c14c00d011a,0,60358985,gaussian,60.000000,1.000000,1000,18387351,18447991,18448029,60589,60640
83c14c00d011a,0,60358985,gaussian,60.000000,1.000000,1000,18448209,18509199,18509235,60940,60990
83c14c00d011a,0,60358985,gaussian,60.000000,1.000000,1000,18509430,18570940,18570975,61453,61510
83c14c00d011a,0,60358985,gaussian,60.000000,1.000000,1000,18571130,18630157,18630194,58974,59027
83c14c00d011a,0,60358985,gaussian,60.000000,1.000000,1000,18630402,18690040,18690078,59589,59638
83c14c00d011a,0,60358985,gaussian,60.000000,1.000000,1000,18690241,18751865,18751903,61578,61624
83c14c00d011a,0,60358985,gaussian,60.000000,1.000000,1000,18752108,18812750,18812787,60585,60642
83c14c00d011a,0,60358985,gaussian,60.000000,1.000000,1000,18812947,18874858,18874894,61860,61911
83c14c00d011a,0,60358985,gaussian,60.000000,1.000000,1000,18875082,18934876,18934914,59745,59794
83c14c00d011a,0,60358985,gaussian,60.000000,1.000000,1000,18935082,18993325,18993361,58193,58243
83c14c00d011a,0,60358985,gaussian,60.000000,1.000000,1000,18993526,19056277,19056373,62498,62751
83c14c00d011a,0,60358985,gaussian,60.000000,1.000000,1000,19056724,19116170,19116207,59391,59446
83c14c00d011a,0,60358985,gaussian,60.000000,1.000000,1000,19116400,19176288,19176324,59839,59888
83c14c00d011a,0,60358985,gaussian,60.000000,1.000000,1000,19176489,19236143,19236181,59601,59654
83c14c00d011a,0,60358985,gaussian,60.000000,1.000000,1000,19236345,19296376,19296411,59973,60031
83c14c00d011a,0,60358985,gaussian,60.000000,1.000000,1000,19296566,19355217,19355253,58600,58651
83c14c00d011a,0,60358985,gaussian,60.000000,1.000000,1000,19355414,19414042,19414077,58575,58628
83c14c00d011a,0,60358985,gaussian,60.000000,1.000000,1000,19414251,19475509,19475544,61203,61258
83c14c00d011a,0,60358985,gaussian,60.000000,1.000000,1000,19475698,19536455,19536491,60702,60757
83c14c00d011a,0,60358985,gaussian,60.000000,1.000000,1000,19536647,19596877,19596914,60182,60230
83c14c00d011a,0,60358985,gaussian,60.000000,1.000000,1000,19597072,19655240,19655279,58120,58168
83c14c00d011a,0,60358985,gaussian,60.000000,1.000000,1000,19655433,19715821,19715857,60333,60388
83c14c00d011a,0,60358985,gaussian,60.000000,1.000000,1000,19716012,19775071,19775110,59009,59059
83c14c00d011a,0,60358985,gaussian,60.000000,1.000000,1000,19775263,19835078,19835114,59759,59815
83c14c00d011a,0,60358985,gaussian,60.000000,1.000000,1000,19835275,19895347,19895382,60019,60072
83c14c00d011a,0,60358985,gaussian,60.000000,1.000000,1000,19895591,19956634,19956669,60986,61043
83c14c00d011a,0,60358985,gaussian,60.000000,1.000000,1000,19956836,20016248,20016287,59357,59412
83c14c00d011a,0,60358985,gaussian,60.000000,1.000000,1000,20016452,20077326,20077415,60623,60874
83c14c00d011a,0,60358985,gaussian,60.000000,1.000000,1000,20077819,20138442,20138478,60568,60623
83c14c00d011a,0,60358985,gaussian,60.000000,1.000000,1000,20138640,20199246,20199284,60552,60606
83c14c00d011a,0,60358985,gaussian,60.000000,1.000000,1000,20199452,20259425,20259462,59920,59973
83c14c00d011a,0,60358985,gaussian,60.000000,1.000000,1000,20259638,20319084,20319120,59395,59446
83c14c00d011a,0,60358985,gaussian,60.000000,1.000000,1000,20319271,20379053,20379088,59731,59782
83c14c00d011a,0,60358985,gaussian,60.000000,1.000000,1000,20379252,20439968,20440006,60660,60716
83c14c00d011a,0,60358985,gaussian,60.000000,1.000000,1000,20440237,20500342,20500381,60053,60105
83c14c00d011a,0,60358985,gaussian,60.000000,1.000000,1000,20500531,20559516,20559554,58932,58985
83c14c00d011a,0,60358985,gaussian,60.000000,1.000000,1000,20559713,20619811,20619846,60046,60098
83c14c00d011a,0,60358985,gaussian,60.000000,1.000000,1000,20620009,20679792,20679827,59731,59783
83c14c00d011a,0,60358985,gaussian,60.000000,1.000000,1000,20679999,20739778,20739816,59732,59779
83c14c00d011a,0,60358985,gaussian,60.000000,1.000000,1000,20739987,20798954,20798993,58921,58967
83c14c00d011a,0,60358985,gaussian,60.000000,1.000000,1000,20799146,20861433,20861469,62234,62287
83c14c00d011a,0,60358985,gaussian,60.000000,1.000000,1000,20861627,20922617,20922653,60937,60990
83c14c00d011a,0,60358985,gaussian,60.000000,1.000000,1000,20922814,20982861,20982899,59990,60047
83c14c00d011a,0,60358985,gaussian,60.000000,1.000000,1000,20983051,21043221,21043311,59921,60170
83c14c00d011a,0,60358985,gaussian,60.000000,1.000000,1000,21043729,21103273,21103309,59495,59544
83c14c00d011a,0,60358985,gaussian,60.000000,1.000000,1000,21103468,21163139,21163177,59618,59671
83c14c00d011a,0,60358985,gaussian,60.000000,1.000000,1000,21163337,21223869,21223905,60479,60532
83c14c00d011a,0,60358985,gaussian,60.000000,1.000000,1000,21226154,21283792,21283882,57581,57638
83c14c00d011a,0,60358985,gaussian,60.000000,1.000000,1000,21284046,21343224,21343262,59121,59178
83c14c00d011a,0,60358985,gaussian,60.000000,1.000000,1000,21343432,21402813,21402848,59323,59381
83c14c00d011a,0,60358985,gaussian,60.000000,1.000000,1000,21403000,21464735,21464773,61684,61735
83c14c00d011a,0,60358985,gaussian,60.000000,1.000000,1000,21464986,21525842,21525880,60804,60856
83c14c00d011a,0,60358985,gaussian,60.000000,1.000000,1000,21526093,21585045,21585084,58900,58952
83c14c00d011a,0,60358985,gaussian,60.000000,1.000000,1000,21585264,21645111,21645146,59793,59847
83c14c00d011a,0,60358985,gaussian,60.000000,1.000000,1000,21645374,21705848,21705884,60419,60474
83c14c00d011a,0,60358985,gaussian,60.000000,1.000000,1000,21706056,21766053,21766088,59945,59997
83c14c00d011a,0,60358985,gaussian,60.000000,1.000000,1000,21766264,21827846,21827884,61530,61582
83c14c00d011a,0,60358985,gaussian,60.000000,1.000000,1000,21828055,21887870,21887908,59758,59815
83c14c00d011a,0,60358985,gaussian,60.000000,1.000000,1000,21888067,21948406,21948442,60287,60339
83c14c00d011a,0,60358985,gaussian,60.000000,1.000000,1000,21948708,22010487,22010521,61726,61779
83c14c00d011a,0,60358985,gaussian,60.000000,1.000000,1000,22010709,22068887,22068984,57926,58178
83c14c00d011a,0,60358985,gaussian,60.000000,1.000000,1000,22069409,22130586,22130621,61119,61177
83c14c00d011a,0,60358985,gaussian,60.000000,1.000000,1000,22130773,22189118,22189154,58293,58345
83c14c00d011a,0,60358985,gaussian,60.000000,1.000000,1000,22189311,22250177,22250212,60812,60866
83c14c00d011a,0,60358985,gaussian,60.000000,1.000000,1000,22250366,22310281,22310317,59861,59915
83c14c00d011a,0,60358985,gaussian,60.000000,1.000000,1000,22310488,22369649,22369684,59113,59161
83c14c00d011a,0,60358985,gaussian,60.000000,1.000000,1000,22369849,22429235,22429273,59332,59386
83c14c00d011a,0,60358985,gaussian,60.000000,1.000000,1000,22429531,22489035,22489074,59455,59504
83c14c00d011a,0,60358985,gaussian,60.000000,1.000000,1000,22489234,22548339,22548374,59057,59105
83c14c00d011a,0,60358985,gaussian,60.000000,1.000000,1000,22548564,22608669,22608705,60050,60105
83c14c00d011a,0,60358985,gaussian,60.000000,1.000000,1000,22608865,22668687,22668725,59771,59822
83c14c00d011a,0,60358985,gaussian,60.000000,1.000000,1000,22668892,22730209,22730245,61266,61317
83c14c00d011a,0,60358985,gaussian,60.000000,1.000000,1000,22730406,22790612,22790648,60154,60206
83c14c00d011a,0,60358985,gaussian,60.000000,1.000000,1000,22790802,22853193,22853231,62344,62391
83c14c00d011a,0,60358985,gaussian,60.000000,1.000000,1000,22853404,22914077,22914115,60620,60673
83c14c00d011a,0,60358985,gaussian,60.000000,1.000000,1000,22914278,22974960,22974997,60629,60682
83c14c00d011a,0,60358985,gaussian,60.000000,1.000000,1000,22975152,23035116,23035209,59712,59964
83c14c00d011a,0,60358985,gaussian,60.000000,1.000000,1000,23035581,23095403,23095438,59771,59822
83c14c00d011a,0,60358985,gaussian,60.000000,1.000000,1000,23095607,23155277,23155313,59620,59670
83c14c00d011a,0,60358985,gaussian,60.000000,1.000000,1000,23155479,23214943,23214980,59410,59464
83c14c00d011a,0,60358985,gaussian,60.000000,1.000000,1000,23215145,23275191,23275229,59994,60046
83c14c00d011a,0,60358985,gaussian,60.000000,1.000000,1000,23275441,23335002,23335038,59507,59561
83c14c00d011a,0,60358985,gaussian,60.000000,1.000000,1000,23335219,23395769,23395807,60501,60550
83c14c00d011a,0,60358985,gaussian,60.000000,1.000000,1000,23396010,23456742,23456780,60680,60732
83c14c00d011a,0,60358985,gaussian,60.000000,1.000000,1000,23456947,23515565,23515601,58568,58618
83c14c00d011a,0,60358985,gaussian,60.000000,1.000000,1000,23515767,23574905,23574940,59085,59138
83c14c00d011a,0,60358985,gaussian,60.000000,1.000000,1000,23575112,23634505,23634545,59339,59393
83c14c00d011a,0,60358985,gaussian,60.000000,1.000000,1000,23634819,23694907,23694945,60035,60088
83c14c00d011a,0,60358985,gaussian,60.000000,1.000000,1000,23695117,23752542,23752578,57370,57425
83c14c00d011a,0,60358985,gaussian,60.000000,1.000000,1000,23752740,23812619,23812654,59827,59879
83c14c00d011a,0,60358985,gaussian,60.000000,1.000000,1000,23812818,23873400,23873438,60528,60582
83c14c00d011a,0,60358985,gaussian,60.000000,1.000000,1000,23873651,23932018,23932056,58315,58367
83c14c00d011a,0,60358985,gaussian,60.000000,1.000000,1000,23932224,23991427,23991462,59150,59203
83c14c00d011a,0,60358985,gaussian,60.000000,1.000000,1000,23991641,24052938,24053032,61046,61297
83c14c00d011a,0,60358985,gaussian,60.000000,1.000000,1000,24053424,24113690,24113724,60214,60266
83c14c00d011a,0,60358985,gaussian,60.000000,1.000000,1000,24113888,24174722,24174757,60785,60834
83c14c00d011a,0,60358985,gaussian,60.000000,1.000000,1000,24174911,24236536,24236574,61579,61625
83c14c00d011a,0,60358985,gaussian,60.000000,1.000000,1000,24236748,24296503,24296538,59702,59755
83c14c00d011a,0,60358985,gaussian,60.000000,1.000000,1000,24296741,24356788,24356825,59991,60047
83c14c00d011a,0,60358985,gaussian,60.000000,1.000000,1000,24356991,24416293,24416330,59252,59302
83c14c00d011a,0,60358985,gaussian,60.000000,1.000000,1000,24416561,24476568,24476605,59954,60007
83c14c00d011a,0,60358985,gaussian,60.000000,1.000000,1000,24476781,24535124,24535160,58292,58343
83c14c00d011a,0,60358985,gaussian,60.000000,1.000000,1000,24535335,24596032,24596070,60645,60697
83c14c00d011a,0,60358985,gaussian,60.000000,1.000000,1000,24596241,24656346,24656384,60051,60105
83c14c00d011a,0,60358985,gaussian,60.000000,1.000000,1000,24656563,24716310,24716348,59696,59747
83c14c00d011a,0,60358985,gaussian,60.000000,1.000000,1000,24716550,24775612,24775649,59015,59062
83c14c00d011a,0,60358985,gaussian,60.000000,1.000000,1000,24775814,24835778,24835814,59915,59964
83c14c00d011a,0,60358985,gaussian,60.000000,1.000000,1000,24835990,24895277,24895313,59230,59287
83c14c00d011a,0,60358985,gaussian,60.000000,1.000000,1000,24895475,24953970,24954007,58440,58495
83c14c00d011a,0,60358985,gaussian,60.000000,1.000000,1000,24954172,25015456,25015492,61232,61284
83c14c00d011a,0,60358985,gaussian,60.000000,1.000000,1000,25015672,25075368,25075460,59454,59696
83c14c00d011a,0,60358985,gaussian,60.000000,1.000000,1000,25075832,25136698,25136733,60810,60866
83c14c00d011a,0,60358985,gaussian,60.000000,1.000000,1000,25136897,25195783,25195818,58837,58886
83c14c00d011a,0,60358985,gaussian,60.000000,1.000000,1000,25195979,25255175,25255210,59141,59196
83c14c00d011a,0,60358985,gaussian,60.000000,1.000000,1000,25255373,25314953,25314989,59522,59580
83c14c00d011a,0,60358985,gaussian,60.000000,1.000000,1000,25315150,25374327,25374365,59128,59177
83c14c00d011a,0,60358985,gaussian,60.000000,1.000000,1000,25374586,25434279,25434317,59643,59693
83c14c00d011a,0,60358985,gaussian,60.000000,1.000000,1000,25434483,25494555,25494591,60023,60072
83c14c00d011a,0,60358985,gaussian,60.000000,1.000000,1000,25494758,25553976,25554014,59169,59218
83c14c00d011a,0,60358985,gaussian,60.000000,1.000000,1000,25554236,25614550,25614586,60260,60314
83c14c00d011a,0,60358985,gaussian,60.000000,1.000000,1000,25614758,25674453,25674490,59646,59695
83c14c00d011a,0,60358985,gaussian,60.000000,1.000000,1000,25674643,25734463,25734501,59769,59820
83c14c00d011a,0,60358985,gaussian,60.000000,1.000000,1000,25734671,25794693,25794729,59971,60022
83c14c00d011a,0,60358985,gaussian,60.000000,1.000000,1000,25794891,25854445,25854483,59503,59554
83c14c00d011a,0,60358985,gaussian,60.000000,1.000000,1000,25854649,25916768,25916806,62065,62119
83c14c00d011a,0,60358985,gaussian,60.000000,1.000000,1000,25916991,25976997,25977032,59951,60006
83c14c00d011a,0,60358985,gaussian,60.000000,1.000000,1000,25977198,26037734,26037823,60286,60536
83c14c00d011a,0,60358985,gaussian,60.000000,1.000000,1000,26038183,26098019,26098059,59780,59836
83c14c00d011a,0,60358985,gaussian,60.000000,1.000000,1000,26098222,26157801,26157836,59525,59579
83c14c00d011a,0,60358985,gaussian,60.000000,1.000000,1000,26158001,26218057,26218093,60003,60056
83c14c00d011a,0,60358985,gaussian,60.000000,1.000000,1000,26218257,26277561,26277597,59251,59304
83c14c00d011a,0,60358985,gaussian,60.000000,1.000000,1000,26277760,26336605,26336643,58794,58845
83c14c00d011a,0,60358985,gaussian,60.000000,1.000000,1000,26336794,26395973,26396011,59125,59179
83c14c00d011a,0,60358985,gaussian,60.000000,1.000000,1000,26396180,26456411,26456446,60179,60231
83c14c00d011a,0,60358985,gaussian,60.000000,1.000000,1000,26456609,26514912,26514947,58249,58303
83c14c00d011a,0,60358985,gaussian,60.000000,1.000000,1000,26515103,26574822,26574861,59670,59719
83c14c00d011a,0,60358985,gaussian,60.000000,1.000000,1000,26575027,26633977,26634013,58900,58950
83c14c00d011a,0,60358985,gaussian,60.000000,1.000000,1000,26634178,26694433,26694471,60202,60255
83c14c00d011a,0,60358985,gaussian,60.000000,1.000000,1000,26694623,26754427,26754466,59750,59804
83c14c00d011a,0,60358985,gaussian,60.000000,1.000000,1000,26754681,26815905,26815940,61169,61224
83c14c00d011a,0,60358985,gaussian,60.000000,1.000000,1000,26816094,26875807,26875845,59661,59713
83c14c00d011a,0,60358985,gaussian,60.000000,1.000000,1000,26875998,26934192,26934228,58137,58194
83c14c00d011a,0,60358985,gaussian,60.000000,1.000000,1000,26934444,26994463,26994502,59971,60019
83c14c00d011a,0,60358985,gaussian,60.000000,1.000000,1000,26994674,27055261,27055356,60339,60587
83c14c00d011a,0,60358985,gaussian,60.000000,1.000000,1000,27055707,27114969,27115007,59211,59262
83c14c00d011a,0,60358985,gaussian,60.000000,1.000000,1000,27115180,27174192,27174230,58961,59012
83c14c00d011a,0,60358985,gaussian,60.000000,1.000000,1000,27174420,27234526,27234561,60058,60106
83c14c00d011a,0,60358985,gaussian,60.000000,1.000000,1000,27234720,27295785,27295820,61008,61065
83c14c00d011a,0,60358985,gaussian,60.000000,1.000000,1000,27295985,27355558,27355593,59516,59573
83c14c00d011a,0,60358985,gaussian,60.000000,1.000000,1000,27360004,27420338,27420429,60279,60334
83c14c00d011a,0,60358985,gaussian,60.000000,1.000000,1000,27420588,27479609,27479646,58969,59021
83c14c00d011a,0,60358985,gaussian,60.000000,1.000000,1000,27479798,27540380,27540416,60530,60582
83c14c00d011a,0,60358985,gaussian,60.000000,1.000000,1000,27540578,27600446,27600485,59817,59868
83c14c00d011a,0,60358985,gaussian,60.000000,1.000000,1000,27600653,27659588,27659626,58882,58935
83c14c00d011a,0,60358985,gaussian,60.000000,1.000000,1000,27659778,27720544,27720578,60710,60766
83c14c00d011a,0,60358985,gaussian,60.000000,1.000000,1000,27720732,27781155,27781190,60368,60423
83c14c00d011a,0,60358985,gaussian,60.000000,1.000000,1000,27781361,27840630,27840668,59213,59269
83c14c00d011a,0,60358985,gaussian,60.000000,1.000000,1000,27840874,27900002,27900042,59079,59128
83c14c00d011a,0,60358985,gaussian,60.000000,1.000000,1000,27900240,27958869,27958904,58575,58629
83c14c00d011a,0,60358985,gaussian,60.000000,1.000000,1000,27959055,28018328,28018363,59216,59273
83c14c00d011a,0,60358985,gaussian,60.000000,1.000000,1000,28018539,28079597,28079716,60766,61058
83c14c00d011a,0,60358985,gaussian,60.000000,1.000000,1000,28080204,28142094,28142133,61837,61890
83c14c00d011a,0,60358985,gaussian,60.000000,1.000000,1000,28142303,28201967,28202002,59612,59664
83c14c00d011a,0,60358985,gaussian,60.000000,1.000000,1000,28202159,28261664,28261699,59450,59505
83c14c00d011a,0,60358985,gaussian,60.000000,1.000000,1000,28261861,28322760,28322798,60846,60899
83c14c00d011a,0,60358985,gaussian,60.000000,1.000000,1000,28322963,28383894,28383930,60879,60931
83c14c00d011a,0,60358985,gaussian,60.000000,1.000000,1000,28384137,28442755,28442793,58566,58618
83c14c00d011a,0,60358985,gaussian,60.000000,1.000000,1000,28442953,28502102,28502137,59096,59149
83c14c00d011a,0,60358985,gaussian,60.000000,1.000000,1000,28502299,28561218,28561254,58870,58919
83c14c00d011a,0,60358985,gaussian,60.000000,1.000000,1000,28561413,28621034,28621071,59569,59621
83c14c00d011a,0,60358985,gaussian,60.000000,1.000000,1000,28621234,28680838,28680874,59550,59604
83c14c00d011a,0,60358985,gaussian,60.000000,1.000000,1000,28681048,28742037,28742074,60935,60989
83c14c00d011a,0,60358985,gaussian,60.000000,1.000000,1000,28742230,28802942,28802980,60664,60712
83c14c00d011a,0,60358985,gaussian,60.000000,1.000000,1000,28803159,28863305,28863342,60091,60146
83c14c00d011a,0,60358985,gaussian,60.000000,1.000000,1000,28863502,28922657,28922692,59103,59155
83c14c00d011a,0,60358985,gaussian,60.000000,1.000000,1000,28922852,28984225,28984264,61326,61373
83c14c00d011a,0,60358985,gaussian,60.000000,1.000000,1000,28984462,29045138,29045233,60424,60676
83c14c00d011a,0,60358985,gaussian,60.000000,1.000000,1000,29045581,29106871,29106908,61234,61290
83c14c00d011a,0,60358985,gaussian,60.000000,1.000000,1000,29107071,29166133,29166169,59011,59062
83c14c00d011a,0,60358985,gaussian,60.000000,1.000000,1000,29166357,29226738,29226775,60330,60381
83c14c00d011a,0,60358985,gaussian,60.000000,1.000000,1000,29226928,29285723,29285759,58743,58795
83c14c00d011a,0,60358985,gaussian,60.000000,1.000000,1000,29285924,29344326,29344362,58350,58402
83c14c00d011a,0,60358985,gaussian,60.000000,1.000000,1000,29344580,29404835,29404871,60198,60255
83c14c00d011a,0,60358985,gaussian,60.000000,1.000000,1000,29405097,29463157,29463195,58007,58060
83c14c00d011a,0,60358985,gaussian,60.000000,1.000000,1000,29463404,29524051,29524087,60602,60647
83c14c00d011a,0,60358985,gaussian,60.000000,1.000000,1000,29524287,29585284,29585322,60951,60997
83c14c00d011a,0,60358985,gaussian,60.000000,1.000000,1000,29585503,29647468,29647504,61914,61965
83c14c00d011a,0,60358985,gaussian,60.000000,1.000000,1000,29647659,29706954,29706990,59242,59295
83c14c00d011a,0,60358985,gaussian,60.000000,1.000000,1000,29707150,29766988,29767026,59784,59838
83c14c00d011a,0,60358985,gaussian,60.000000,1.000000,1000,29767189,29827159,29827194,59917,59970
83c14c00d011a,0,60358985,gaussian,60.000000,1.000000,1000,29827347,29887637,29887672,60235,60290
83c14c00d011a,0,60358985,gaussian,60.000000,1.000000,1000,29887894,29948911,29948947,60964,61017
83c14c00d011a,0,60358985,gaussian,60.000000,1.000000,1000,29949099,30009481,30009517,60332,60382
83c14c00d011a,0,60358985,gaussian,60.000000,1.000000,1000,30009694,30069136,30069226,59191,59442
83c14c00d011a,0,60358985,gaussian,60.000000,1.000000,1000,30069611,30128888,30128923,59224,59277
83c14c00d011a,0,60358985,gaussian,60.000000,1.000000,1000,30129105,30190582,30190617,61427,61477
83c14c00d011a,0,60358985,gaussian,60.000000,1.000000,1000,30190778,30250648,30250686,59815,59870
83c14c00d011a,0,60358985,gaussian,60.000000,1.000000,1000,30250884,30310399,30310434,59458,59515
83c14c00d011a,0,60358985,gaussian,60.000000,1.000000,1000,30310587,30369375,30369410,58736,58788
83c14c00d011a,0,60358985,gaussian,60.000000,1.000000,1000,30369571,30429343,30429378,59715,59772
83c14c00d011a,0,60358985,gaussian,60.000000,1.000000,1000,30429541,30491575,30491611,61978,62034
83c14c00d011a,0,60358985,gaussian,60.000000,1.000000,1000,30491808,30551747,30551787,59890,59939
83c14c00d011a,0,60358985,gaussian,60.000000,1.000000,1000,30551956,30613122,30613157,61111,61166
83c14c00d011a,0,60358985,gaussian,60.000000,1.000000,1000,30613350,30674452,30674487,61050,61102
83c14c00d011a,0,60358985,gaussian,60.000000,1.000000,1000,30674664,30734193,30734229,59479,59529
83c14c00d011a,0,60358985,gaussian,60.000000,1.000000,1000,30734381,30794204,30794240,59768,59823
83c14c00d011a,0,60358985,gaussian,60.000000,1.000000,1000,30794468,30853881,30853918,59359,59413
83c14c00d011a,0,60358985,gaussian,60.000000,1.000000,1000,30854105,30914268,30914306,60107,60163
83c14c00d011a,0,60358985,gaussian,60.000000,1.000000,1000,30914460,30975910,30975946,61400,61450
83c14c00d011a,0,60358985,gaussian,60.000000,1.000000,1000,30976098,31037321,31037413,60971,61223
83c14c00d011a,0,60358985,gaussian,60.000000,1.000000,1000,31037761,31096657,31096693,58845,58896
83c14c00d011a,0,60358985,gaussian,60.000000,1.000000,1000,31096857,31155234,31155272,58327,58377
83c14c00d011a,0,60358985,gaussian,60.000000,1.000000,1000,31155458,31215788,31215826,60274,60330
83c14c00d011a,0,60358985,gaussian,60.000000,1.000000,1000,31216038,31277061,31277099,60973,61023
83c14c00d011a,0,60358985,gaussian,60.000000,1.000000,1000,31277266,31336352,31336387,59035,59086
83c14c00d011a,0,60358985,gaussian,60.000000,1.000000,1000,31336550,31395185,31395224,58587,58635
83c14c00d011a,0,60358985,gaussian,60.000000,1.000000,1000,31395390,31456165,31456200,60719,60775
83c14c00d011a,0,60358985,gaussian,60.000000,1.000000,1000,31456358,31514549,31514587,58137,58191
83c14c00d011a,0,60358985,gaussian,60.000000,1.000000,1000,31514802,31574144,31574183,59294,59342
83c14c00d011a,0,60358985,gaussian,60.000000,1.000000,1000,31574383,31634842,31634876,60406,60459
83c14c00d011a,0,60358985,gaussian,60.000000,1.000000,1000,31635040,31693900,31693939,58811,58860
83c14c00d011a,0,60358985,gaussian,60.000000,1.000000,1000,31694199,31754738,31754777,60491,60539
83c14c00d011a,0,60358985,gaussian,60.000000,1.000000,1000,31754960,31814925,31814960,59912,59965
83c14c00d011a,0,60358985,gaussian,60.000000,1.000000,1000,31815123,31875211,31875249,60033,60088
83c14c00d011a,0,60358985,gaussian,60.000000,1.000000,1000,31875407,31934812,31934848,59351,59405
83c14c00d011a,0,60358985,gaussian,60.000000,1.000000,1000,31935000,31993655,31993690,58600,58655
83c14c00d011a,0,60358985,gaussian,60.000000,1.000000,1000,31993849,32054478,32054570,60381,60629
83c14c00d011a,0,60358985,gaussian,60.000000,1.000000,1000,32054923,32113969,32114005,58998,59046
83c14c00d011a,0,60358985,gaussian,60.000000,1.000000,1000,32114186,32174204,32174239,59962,60018
83c14c00d011a,0,60358985,gaussian,60.000000,1.000000,1000,32174390,32235223,32235259,60780,60833
83c14c00d011a,0,60358985,gaussian,60.000000,1.000000,1000,32235477,32295529,32295567,60000,60052
83c14c00d011a,0,60358985,gaussian,60.000000,1.000000,1000,32295724,32356199,32356237,60424,60475
83c14c00d011a,0,60358985,gaussian,60.000000,1.000000,1000,32356397,32416118,32416154,59674,59721
83c14c00d011a,0,60358985,gaussian,60.000000,1.000000,1000,32416321,32476429,32476465,60054,60108
83c14c00d011a,0,60358985,gaussian,60.000000,1.000000,1000,32476619,32536165,32536203,59491,59546
83c14c00d011a,0,60358985,gaussian,60.000000,1.000000,1000,32536371,32597228,32597266,60804,60857
83c14c00d011a,0,60358985,gaussian,60.000000,1.000000,1000,32597429,32660465,32660503,62988,63036
83c14c00d011a,0,60358985,gaussian,60.000000,1.000000,1000,32660663,32720320,32720355,59602,59657
83c14c00d011a,0,60358985,gaussian,60.000000,1.000000,1000,32720516,32780396,32780432,59824,59880
83c14c00d011a,0,60358985,gaussian,60.000000,1.000000,1000,32780596,32841270,32841308,60620,60674
83c14c00d011a,0,60358985,gaussian,60.000000,1.000000,1000,32841471,32899521,32899557,57997,58050
83c14c00d011a,0,60358985,gaussian,60.000000,1.000000,1000,32899717,32960348,32960387,60576,60631
83c14c00d011a,0,60358985,gaussian,60.000000,1.000000,1000,32960539,33019518,33019552,58923,58979
83c14c00d011a,0,60358985,gaussian,60.000000,1.000000,1000,33019805,33080529,33080624,60476,60724
83c14c00d011a,0,60358985,gaussian,60.000000,1.000000,1000,33080992,33140152,33140190,59112,59160
83c14c00d011a,0,60358985,gaussian,60.000000,1.000000,1000,33140343,33199363,33199399,58966,59020
83c14c00d011a,0,60358985,gaussian,60.000000,1.000000,1000,33199569,33260083,33260122,60464,60514
83c14c00d011a,0,60358985,gaussian,60.000000,1.000000,1000,33260279,33321220,33321256,60885,60941
83c14c00d011a,0,60358985,gaussian,60.000000,1.000000,1000,33321412,33380373,33380408,58905,58961
83c14c00d011a,0,60358985,gaussian,60.000000,1.000000,1000,33380569,33440288,33440327,59671,59719
83c14c00d011a,0,60358985,gaussian,60.000000,1.000000,1000,33440497,33500110,33500148,59559,59613
83c14c00d011a,0,60358985,gaussian,60.000000,1.000000,1000,33502519,33562710,33562800,60140,60191
83c14c00d011a,0,60358985,gaussian,60.000000,1.000000,1000,33562965,33623004,33623040,59988,60039
83c14c00d011a,0,60358985,gaussian,60.000000,1.000000,1000,33623206,33683187,33683222,59926,59981
83c14c00d011a,0,60358985,gaussian,60.000000,1.000000,1000,33683392,33742945,33742981,59508,59553
83c14c00d011a,0,60358985,gaussian,60.000000,1.000000,1000,33743144,33804328,33804367,61133,61184
83c14c00d011a,0,60358985,gaussian,60.000000,1.000000,1000,33804521,33864503,33864541,59926,59982
83c14c00d011a,0,60358985,gaussian,60.000000,1.000000,1000,33864697,33925596,33925634,60849,60899
83c14c00d011a,0,60358985,gaussian,60.000000,1.000000,1000,33925839,33984875,33984913,58982,59036
83c14c00d011a,0,60358985,gaussian,60.000000,1.000000,1000,33985096,34046012,34046106,60666,60916
83c14c00d011a,0,60358985,gaussian,60.000000,1.000000,1000,34046464,34106863,34106898,60344,60399
83c14c00d011a,0,60358985,gaussian,60.000000,1.000000,1000,34107069,34166897,34166936,59778,59828
83c14c00d011a,0,60358985,gaussian,60.000000,1.000000,1000,34167097,34226415,34226454,59267,59318
83c14c00d011a,0,60358985,gaussian,60.000000,1.000000,1000,34226608,34287258,34287294,60599,60650
83c14c00d011a,0,60358985,gaussian,60.000000,1.000000,1000,34287502,34348485,34348521,60932,60983
83c14c00d011a,0,60358985,gaussian,60.000000,1.000000,1000,34348686,34408866,34408904,60123,60180
83c14c00d011a,0,60358985,gaussian,60.000000,1.000000,1000,34409069,34469083,34469119,59965,60014
83c14c00d011a,0,60358985,gaussian,60.000000,1.000000,1000,34469280,34527281,34527317,57949,58001
83c14c00d011a,0,60358985,gaussian,60.000000,1.000000,1000,34527482,34588239,34588275,60704,60757
83c14c00d011a,0,60358985,gaussian,60.000000,1.000000,1000,34588438,34649503,34649541,61017,61065
83c14c00d011a,0,60358985,gaussian,60.000000,1.000000,1000,34649715,34710472,34710508,60704,60757
83c14c00d011a,0,60358985,gaussian,60.000000,1.000000,1000,34710670,34770851,34770888,60131,60181
83c14c00d011a,0,60358985,gaussian,60.000000,1.000000,1000,34771055,34831343,34831381,60233,60288
83c14c00d011a,0,60358985,gaussian,60.000000,1.000000,1000,34831534,34890905,34890943,59318,59371
83c14c00d011a,0,60358985,gaussian,60.000000,1.000000,1000,34891103,34951116,34951154,59961,60013
83c14c00d011a,0,60358985,gaussian,60.000000,1.000000,1000,34951317,35011246,35011284,59876,59929
83c14c00d011a,0,60358985,gaussian,60.000000,1.000000,1000,35011450,35070389,35070481,58692,58939
83c14c00d011a,0,60358985,gaussian,60.000000,1.000000,1000,35070831,35130750,35130789,59873,59919
83c14c00d011a,0,60358985,gaussian,60.000000,1.000000,1000,35131004,35190459,35190497,59404,59455
83c14c00d011a,0,60358985,gaussian,60.000000,1.000000,1000,35190671,35251488,35251524,60760,60817
83c14c00d011a,0,60358985,gaussian,60.000000,1.000000,1000,35251691,35310705,35310741,58964,59014
83c14c00d011a,0,60358985,gaussian,60.000000,1.000000,1000,35310993,35372945,35372983,61903,61952
83c14c00d011a,0,60358985,gaussian,60.000000,1.000000,1000,35373162,35434779,35434814,61563,61617
83c14c00d011a,0,60358985,gaussian,60.000000,1.000000,1000,35434969,35494824,35494859,59799,59855
83c14c00d011a,0,60358985,gaussian,60.000000,1.000000,1000,35495022,35556848,35556884,61772,61826
83c14c00d011a,0,60358985,gaussian,60.000000,1.000000,1000,35557060,35617715,35617750,60608,60655
83c14c00d011a,0,60358985,gaussian,60.000000,1.000000,1000,35617907,35677053,35677088,59092,59146
83c14c00d011a,0,60358985,gaussian,60.000000,1.000000,1000,35677278,35737899,35737937,60567,60621
83c14c00d011a,0,60358985,gaussian,60.000000,1.000000,1000,35738095,35800047,35800084,61897,61952
83c14c00d011a,0,60358985,gaussian,60.000000,1.000000,1000,35800253,35860260,35860294,59952,60007
83c14c00d011a,0,60358985,gaussian,60.000000,1.000000,1000,35860455,35921461,35921500,60955,61006
83c14c00d011a,0,60358985,gaussian,60.000000,1.000000,1000,35921663,35982959,35982997,61247,61296
83c14c00d011a,0,60358985,gaussian,60.000000,1.000000,1000,35983164,36043243,36043331,59827,60079
83c14c00d011a,0,60358985,gaussian,60.000000,1.000000,1000,36043675,36101308,36101346,57578,57633
83c14c00d011a,0,60358985,gaussian,60.000000,1.000000,1000,36101507,36160524,36160562,58971,59017
83c14c00d011a,0,60358985,gaussian,60.000000,1.000000,1000,36160728,36221016,36221055,60235,60288
83c14c00d011a,0,60358985,gaussian,60.000000,1.000000,1000,36221220,36280423,36280458,59152,59203
83c14c00d011a,0,60358985,gaussian,60.000000,1.000000,1000,36280619,36339623,36339659,58951,59004
83c14c00d011a,0,60358985,gaussian,60.000000,1.000000,1000,36339827,36399931,36399970,60055,60104
83c14c00d011a,0,60358985,gaussian,60.000000,1.000000,1000,36400150,36460255,36460291,60052,60105
83c14c00d011a,0,60358985,gaussian,60.000000,1.000000,1000,36460460,36520247,36520283,59732,59787
83c14c00d011a,0,60358985,gaussian,60.000000,1.000000,1000,36520448,36581110,36581149,60613,60662
83c14c00d011a,0,60358985,gaussian,60.000000,1.000000,1000,36581314,36640926,36640964,59556,59612
83c14c00d011a,0,60358985,gaussian,60.000000,1.000000,1000,36641119,36700632,36700668,59456,59513
83c14c00d011a,0,60358985,gaussian,60.000000,1.000000,1000,36700838,36761846,36761882,60960,61008
83c14c00d011a,0,60358985,gaussian,60.000000,1.000000,1000,36762048,36821133,36821173,59037,59085
83c14c00d011a,0,60358985,gaussian,60.000000,1.000000,1000,36821334,36884080,36884116,62692,62746
83c14c00d011a,0,60358985,gaussian,60.000000,1.000000,1000,36884270,36944558,36944593,60239,60288
83c14c00d011a,0,60358985,gaussian,60.000000,1.000000,1000,36944801,37007845,37007883,62997,63044
83c14c00d011a,0,60358985,gaussian,60.000000,1.000000,1000,37008069,37068350,37068442,60028,60281
83c14c00d011a,0,60358985,gaussian,60.000000,1.000000,1000,37068812,37128783,37128818,59920,59971
83c14c00d011a,0,60358985,gaussian,60.000000,1.000000,1000,37128975,37190727,37190763,61703,61752
83c14c00d011a,0,60358985,gaussian,60.000000,1.000000,1000,37190972,37249892,37249929,58865,58920
83c14c00d011a,0,60358985,gaussian,60.000000,1.000000,1000,37250082,37309812,37309847,59677,59730
83c14c00d011a,0,60358985,gaussian,60.000000,1.000000,1000,37310003,37369541,37369580,59486,59538
83c14c00d011a,0,60358985,gaussian,60.000000,1.000000,1000,37369738,37430068,37430106,60276,60330
83c14c00d011a,0,60358985,gaussian,60.000000,1.000000,1000,37430278,37490536,37490572,60203,60258
83c14c00d011a,0,60358985,gaussian,60.000000,1.000000,1000,37490725,37550347,37550386,59572,59622
83c14c00d011a,0,60358985,gaussian,60.000000,1.000000,1000,37550587,37612841,37612876,62197,62254
83c14c00d011a,0,60358985,gaussian,60.000000,1.000000,1000,37613044,37672090,37672125,58989,59046
83c14c00d011a,0,60358985,gaussian,60.000000,1.000000,1000,37672334,37731757,37731792,59369,59423
83c14c00d011a,0,60358985,gaussian,60.000000,1.000000,1000,37731946,37789947,37789986,57946,58001
83c14c00d011a,0,60358985,gaussian,60.000000,1.000000,1000,37790155,37850469,37850508,60259,60314
83c14c00d011a,0,60358985,gaussian,60.000000,1.000000,1000,37850696,37909924,37909960,59175,59228
83c14c00d011a,0,60358985,gaussian,60.000000,1.000000,1000,37910117,37970630,37970670,60465,60513
83c14c00d011a,0,60358985,gaussian,60.000000,1.000000,1000,37970830,38030582,38030673,59504,59752
83c14c00d011a,0,60358985,gaussian,60.000000,1.000000,1000,38031078,38092821,38092860,61692,61743
83c14c00d011a,0,60358985,gaussian,60.000000,1.000000,1000,38093023,38152785,38152823,59706,59762
83c14c00d011a,0,60358985,gaussian,60.000000,1.000000,1000,38152989,38213217,38213256,60180,60228
83c14c00d011a,0,60358985,gaussian,60.000000,1.000000,1000,38213412,38273366,38273405,59907,59954
83c14c00d011a,0,60358985,gaussian,60.000000,1.000000,1000,38273569,38335101,38335138,61486,61532
83c14c00d011a,0,60358985,gaussian,60.000000,1.000000,1000,38335291,38395413,38395448,60070,60122
83c14c00d011a,0,60358985,gaussian,60.000000,1.000000,1000,38395601,38456618,38456656,60963,61017
83c14c00d011a,0,60358985,gaussian,60.000000,1.000000,1000,38456855,38517228,38517267,60317,60373
83c14c00d011a,0,60358985,gaussian,60.000000,1.000000,1000,38517433,38576712,38576747,59230,59279
83c14c00d011a,0,60358985,gaussian,60.000000,1.000000,1000,38576918,38636412,38636448,59440,59494
83c14c00d011a,0,60358985,gaussian,60.000000,1.000000,1000,38636604,38696265,38696303,59608,59661
83c14c00d011a,0,60358985,gaussian,60.000000,1.000000,1000,38696460,38756676,38756710,60161,60216
83c14c00d011a,0,60358985,gaussian,60.000000,1.000000,1000,38756877,38817576,38817612,60650,60699
83c14c00d011a,0,60358985,gaussian,60.000000,1.000000,1000,38817768,38878023,38878059,60200,60255
83c14c00d011a,0,60358985,gaussian,60.000000,1.000000,1000,38878342,38938147,38938185,59753,59805
83c14c00d011a,0,60358985,gaussian,60.000000,1.000000,1000,38938346,38998007,38998045,59614,59661
83c14c00d011a,0,60358985,gaussian,60.000000,1.000000,1000,38998239,39058886,39058995,60376,60647
83c14c00d011a,0,60358985,gaussian,60.000000,1.000000,1000,39059392,39119831,39119866,60389,60439
83c14c00d011a,0,60358985,gaussian,60.000000,1.000000,1000,39120029,39179645,39179680,59560,59616
83c14c00d011a,0,60358985,gaussian,60.000000,1.000000,1000,39179889,39240370,39240407,60429,60481
83c14c00d011a,0,60358985,gaussian,60.000000,1.000000,1000,39240565,39302117,39302153,61497,61552
83c14c00d011a,0,60358985,gaussian,60.000000,1.000000,1000,39302304,39360123,39360158,57770,57819
83c14c00d011a,0,60358985,gaussian,60.000000,1.000000,1000,39360359,39419929,39419967,59515,59570
83c14c00d011a,0,60358985,gaussian,60.000000,1.000000,1000,39420130,39481436,39481472,61254,61306
83c14c00d011a,0,60358985,gaussian,60.000000,1.000000,1000,39481682,39541163,39541199,59431,59481
83c14c00d011a,0,60358985,gaussian,60.000000,1.000000,1000,39541350,39602336,39602370,60928,60986
83c14c00d011a,0,60358985,gaussian,60.000000,1.000000,1000,39602524,39662604,39662642,60029,60080
83c14c00d011a,0,60358985,gaussian,60.000000,1.000000,1000,39662854,39724462,39724500,61557,61608
83c14c00d011a,0,60358985,gaussian,60.000000,1.000000,1000,39724661,39783014,39783050,58300,58353
83c14c00d011a,0,60358985,gaussian,60.000000,1.000000,1000,39783211,39842105,39842142,58843,58894
83c14c00d011a,0,60358985,gaussian,60.000000,1.000000,1000,39842306,39901865,39901903,59508,59559
83c14c00d011a,0,60358985,gaussian,60.000000,1.000000,1000,39902079,39961022,39961060,58896,58943
83c14c00d011a,0,60358985,gaussian,60.000000,1.000000,1000,39961214,40019465,40019501,58201,58251
83c14c00d011a,0,60358985,gaussian,60.000000,1.000000,1000,40019690,40079519,40079613,59582,59829
83c14c00d011a,0,60358985,gaussian,60.000000,1.000000,1000,40079977,40140962,40140999,60924,60985
83c14c00d011a,0,60358985,gaussian,60.000000,1.000000,1000,40141217,40201205,40201240,59933,59988
83c14c00d011a,0,60358985,gaussian,60.000000,1.000000,1000,40201442,40260979,40261017,59488,59537
83c14c00d011a,0,60358985,gaussian,60.000000,1.000000,1000,40261177,40320466,40320501,59233,59289
83c14c00d011a,0,60358985,gaussian,60.000000,1.000000,1000,40320703,40382127,40382163,61369,61424
83c14c00d011a,0,60358985,gaussian,60.000000,1.000000,1000,40382338,40442117,40442155,59728,59779
83c14c00d011a,0,60358985,gaussian,60.000000,1.000000,1000,40442324,40502939,40502978,60563,60615
83c14c00d011a,0,60358985,gaussian,60.000000,1.000000,1000,40503195,40562497,40562533,59248,59302
83c14c00d011a,0,60358985,gaussian,60.000000,1.000000,1000,40562704,40623544,40623581,60787,60840
83c14c00d011a,0,60358985,gaussian,60.000000,1.000000,1000,40623735,40684791,40684829,61004,61056
83c14c00d011a,0,60358985,gaussian,60.000000,1.000000,1000,40684987,40745427,40745462,60387,60440
83c14c00d011a,0,60358985,gaussian,60.000000,1.000000,1000,40745626,40807017,40807053,61340,61391
83c14c00d011a,0,60358985,gaussian,60.000000,1.000000,1000,40807310,40868836,40868874,61477,61526
83c14c00d011a,0,60358985,gaussian,60.000000,1.000000,1000,40869032,40928066,40928105,58982,59034
83c14c00d011a,0,60358985,gaussian,60.000000,1.000000,1000,40928366,40988363,40988399,59942,59997
83c14c00d011a,0,60358985,gaussian,60.000000,1.000000,1000,40988554,41049293,41049382,60493,60739
83c14c00d011a,0,60358985,gaussian,60.000000,1.000000,1000,41049728,41110336,41110371,60551,60608
83c14c00d011a,0,60358985,gaussian,60.000000,1.000000,1000,41110524,41169886,41169922,59312,59362
83c14c00d011a,0,60358985,gaussian,60.000000,1.000000,1000,41170087,41229884,41229920,59743,59797
83c14c00d011a,0,60358985,gaussian,60.000000,1.000000,1000,41230074,41289670,41289705,59547,59596
83c14c00d011a,0,60358985,gaussian,60.000000,1.000000,1000,41289868,41347693,41347732,57772,57825
83c14c00d011a,0,60358985,gaussian,60.000000,1.000000,1000,41347885,41408660,41408695,60724,60775
83c14c00d011a,0,60358985,gaussian,60.000000,1.000000,1000,41408902,41470543,41470581,61591,61641
83c14c00d011a,0,60358985,gaussian,60.000000,1.000000,1000,41470837,41530217,41530252,59328,59380
83c14c00d011a,0,60358985,gaussian,60.000000,1.000000,1000,41530484,41589453,41589489,58923,58969
83c14c00d011a,0,60358985,gaussian,60.000000,1.000000,1000,41589678,41649005,41649044,59273,59327
83c14c00d011a,0,60358985,gaussian,60.000000,1.000000,1000,41649225,41710156,41710194,60882,60931
83c14c00d011a,0,60358985,gaussian,60.000000,1.000000,1000,41710367,41769955,41769990,59531,59588
83c14c00d011a,0,60358985,gaussian,60.000000,1.000000,1000,41770180,41830837,41830872,60601,60657
83c14c00d011a,0,60358985,gaussian,60.000000,1.000000,1000,41831025,41891575,41891613,60499,60550
83c14c00d011a,0,60358985,gaussian,60.000000,1.000000,1000,41891772,41951704,41951739,59883,59932
83c14c00d011a,0,60358985,gaussian,60.000000,1.000000,1000,41951948,42011537,42011572,59536,59589
83c14c00d011a,0,60358985,gaussian,60.000000,1.000000,1000,42011729,42071268,42071358,59289,59539
83c14c00d011a,0,60358985,gaussian,60.000000,1.000000,1000,42071789,42130858,42130894,59015,59069
83c14c00d011a,0,60358985,gaussian,60.000000,1.000000,1000,42131109,42191698,42191733,60542,60589
83c14c00d011a,0,60358985,gaussian,60.000000,1.000000,1000,42191893,42251773,42251811,59832,59880
83c14c00d011a,0,60358985,gaussian,60.000000,1.000000,1000,42251981,42311763,42311799,59728,59782
83c14c00d011a,0,60358985,gaussian,60.000000,1.000000,1000,42311951,42372451,42372487,60448,60500
83c14c00d011a,0,60358985,gaussian,60.000000,1.000000,1000,42372693,42433583,42433621,60841,60890
83c14c00d011a,0,60358985,gaussian,60.000000,1.000000,1000,42433775,42492151,42492186,58322,58376
83c14c00d011a,0,60358985,gaussian,60.000000,1.000000,1000,42492351,42554145,42554180,61741,61794
83c14c00d011a,0,60358985,gaussian,60.000000,1.000000,1000,42554344,42614400,42614439,60004,60056
83c14c00d011a,0,60358985,gaussian,60.000000,1.000000,1000,42614683,42674278,42674317,59543,59595
83c14c00d011a,0,60358985,gaussian,60.000000,1.000000,1000,42674468,42730979,42731018,56459,56511
83c14c00d011a,0,60358985,gaussian,60.000000,1.000000,1000,42731175,42792067,42792102,60835,60892
83c14c00d011a,0,60358985,gaussian,60.000000,1.000000,1000,42792257,42853087,42853125,60783,60830
83c14c00d011a,0,60358985,gaussian,60.000000,1.000000,1000,42853337,42915496,42915532,62105,62159
83c14c00d011a,0,60358985,gaussian,60.000000,1.000000,1000,42915684,42975282,42975318,59541,59598
83c14c00d011a,0,60358985,gaussian,60.000000,1.000000,1000,42975596,43035394,43035483,59555,59798
83c14c00d011a,0,60358985,gaussian,60.000000,1.000000,1000,43035843,43096333,43096368,60434,60490
83c14c00d011a,0,60358985,gaussian,60.000000,1.000000,1000,43096555,43156108,43156147,59500,59553
83c14c00d011a,0,60358985,gaussian,60.000000,1.000000,1000,43156310,43216164,43216199,59804,59854
83c14c00d011a,0,60358985,gaussian,60.000000,1.000000,1000,43216393,43275063,43275099,58614,58670
83c14c00d011a,0,60358985,gaussian,60.000000,1.000000,1000,43275258,43335729,43335767,60422,60471
83c14c00d011a,0,60358985,gaussian,60.000000,1.000000,1000,43335929,43395524,43395560,59550,59595
83c14c00d011a,0,60358985,gaussian,60.000000,1.000000,1000,43395720,43455401,43455437,59624,59681
83c14c00d011a,0,60358985,gaussian,60.000000,1.000000,1000,43455631,43515510,43515549,59829,59879
83c14c00d011a,0,60358985,gaussian,60.000000,1.000000,1000,43515707,43576305,43576343,60547,60598
83c14c00d011a,0,60358985,gaussian,60.000000,1.000000,1000,43576543,43636331,43636369,59732,59788
83c14c00d011a,0,60358985,gaussian,60.000000,1.000000,1000,43636528,43696015,43696053,59435,59487
83c14c00d011a,0,60358985,gaussian,60.000000,1.000000,1000,43696209,43754979,43755016,58718,58770
83c14c00d011a,0,60358985,gaussian,60.000000,1.000000,1000,43755176,43815515,43815553,60289,60339
83c14c00d011a,0,60358985,gaussian,60.000000,1.000000,1000,43815706,43875151,43875187,59395,59445
83c14c00d011a,0,60358985,gaussian,60.000000,1.000000,1000,43875349,43933200,43933236,57799,57851
83c14c00d011a,0,60358985,gaussian,60.000000,1.000000,1000,43933397,43993328,43993365,59874,59931
83c14c00d011a,0,60358985,gaussian,60.000000,1.000000,1000,43993524,44053434,44053525,59662,59910
83c14c00d011a,0,60358985,gaussian,60.000000,1.000000,1000,44053873,44115768,44115803,61838,61895
83c14c00d011a,0,60358985,gaussian,60.000000,1.000000,1000,44115968,44175815,44175851,59793,59847
83c14c00d011a,0,60358985,gaussian,60.000000,1.000000,1000,44176014,44236445,44236484,60380,60431
83c14c00d011a,0,60358985,gaussian,60.000000,1.000000,1000,44236643,44294151,44294189,57460,57508
83c14c00d011a,0,60358985,gaussian,60.000000,1.000000,1000,44294359,44355165,44355202,60759,60806
83c14c00d011a,0,60358985,gaussian,60.000000,1.000000,1000,44355385,44414644,44414682,59208,59259
83c14c00d011a,0,60358985,gaussian,60.000000,1.000000,1000,44414846,44474575,44474611,59675,59729
83c14c00d011a,0,60358985,gaussian,60.000000,1.000000,1000,44474767,44532667,44532703,57844,57900
83c14c00d011a,0,60358985,gaussian,60.000000,1.000000,1000,44532862,44592281,44592319,59365,59419
83c14c00d011a,0,60358985,gaussian,60.000000,1.000000,1000,44592530,44652784,44652821,60204,60254
83c14c00d011a,0,60358985,gaussian,60.000000,1.000000,1000,44652984,44712287,44712323,59253,59303
83c14c00d011a,0,60358985,gaussian,60.000000,1.000000,1000,44712486,44772500,44772538,59961,60014
83c14c00d011a,0,60358985,gaussian,60.000000,1.000000,1000,44772697,44832184,44832222,59432,59487
83c14c00d011a,0,60358985,gaussian,60.000000,1.000000,1000,44832378,44891424,44891460,58991,59046
83c14c00d011a,0,60358985,gaussian,60.000000,1.000000,1000,44891624,44952141,44952176,60459,60517
83c14c00d011a,0,60358985,gaussian,60.000000,1.000000,1000,44952343,45011781,45011817,59390,59438
83c14c00d011a,0,60358985,gaussian,60.000000,1.000000,1000,45011984,45071783,45071871,59542,59799
83c14c00d011a,0,60358985,gaussian,60.000000,1.000000,1000,45072227,45133034,45133069,60754,60807
83c14c00d011a,0,60358985,gaussian,60.000000,1.000000,1000,45133231,45195047,45195083,61767,61816
83c14c00d011a,0,60358985,gaussian,60.000000,1.000000,1000,45195257,45255486,45255525,60175,60229
83c14c00d011a,0,60358985,gaussian,60.000000,1.000000,1000,45255677,45316061,45316095,60332,60384
83c14c00d011a,0,60358985,gaussian,60.000000,1.000000,1000,45316258,45377410,45377444,61094,61152
83c14c00d011a,0,60358985,gaussian,60.000000,1.000000,1000,45377609,45438760,45438798,61101,61151
83c14c00d011a,0,60358985,gaussian,60.000000,1.000000,1000,45438956,45499179,45499216,60171,60223
83c14c00d011a,0,60358985,gaussian,60.000000,1.000000,1000,45499377,45557823,45557858,58394,58446
83c14c00d011a,0,60358985,gaussian,60.000000,1.000000,1000,45558021,45619247,45619281,61170,61226
83c14c00d011a,0,60358985,gaussian,60.000000,1.000000,1000,45619462,45680312,45680350,60794,60850
83c14c00d011a,0,60358985,gaussian,60.000000,1.000000,1000,45680503,45741058,45741093,60508,60555
83c14c00d011a,0,60358985,gaussian,60.000000,1.000000,1000,45741256,45801044,45801082,59737,59788
83c14c00d011a,0,60358985,gaussian,60.000000,1.000000,1000,45801238,45862313,45862348,61024,61075
83c14c00d011a,0,60358985,gaussian,60.000000,1.000000,1000,45862550,45921953,45921988,59346,59403
83c14c00d011a,0,60358985,gaussian,60.000000,1.000000,1000,45922162,45982507,45982545,60295,60345
83c14c00d011a,0,60358985,gaussian,60.000000,1.000000,1000,45982748,46044375,46044465,61366,61627
83c14c00d011a,0,60358985,gaussian,60.000000,1.000000,1000,46044829,46104601,46104636,59721,59772
83c14c00d011a,0,60358985,gaussian,60.000000,1.000000,1000,46104802,46164400,46164436,59546,59598
83c14c00d011a,0,60358985,gaussian,60.000000,1.000000,1000,46164596,46225587,46225622,60939,60991
83c14c00d011a,0,60358985,gaussian,60.000000,1.000000,1000,46225786,46286752,46286788,60913,60966
83c14c00d011a,0,60358985,gaussian,60.000000,1.000000,1000,46286991,46347355,46347389,60305,60364
83c14c00d011a,0,60358985,gaussian,60.000000,1.000000,1000,46347576,46406956,46406992,59326,59380
83c14c00d011a,0,60358985,gaussian,60.000000,1.000000,1000,46407273,46467518,46467556,60191,60245
83c14c00d011a,0,60358985,gaussian,60.000000,1.000000,1000,46467721,46529029,46529067,61251,61308
83c14c00d011a,0,60358985,gaussian,60.000000,1.000000,1000,46529227,46590386,46590422,61109,61159
83c14c00d011a,0,60358985,gaussian,60.000000,1.000000,1000,46590636,46653549,46653585,62861,62913
83c14c00d011a,0,60358985,gaussian,60.000000,1.000000,1000,46653758,46713579,46713615,59772,59821
83c14c00d011a,0,60358985,gaussian,60.000000,1.000000,1000,46713775,46773012,46773050,59183,59237
83c14c00d011a,0,60358985,gaussian,60.000000,1.000000,1000,46773205,46833395,46833430,60134,60190
83c14c00d011a,0,60358985,gaussian,60.000000,1.000000,1000,46833582,46894636,46894670,60998,61054
83c14c00d011a,0,60358985,gaussian,60.000000,1.000000,1000,46894822,46954035,46954070,59163,59213
83c14c00d011a,0,60358985,gaussian,60.000000,1.000000,1000,46954223,47014312,47014351,60037,60089
83c14c00d011a,0,60358985,gaussian,60.000000,1.000000,1000,47014505,47074079,47074170,59327,59574
83c14c00d011a,0,60358985,gaussian,60.000000,1.000000,1000,47074529,47133374,47133412,58796,58845
83c14c00d011a,0,60358985,gaussian,60.000000,1.000000,1000,47133572,47195640,47195679,62017,62068
83c14c00d011a,0,60358985,gaussian,60.000000,1.000000,1000,47195842,47256639,47256677,60745,60797
83c14c00d011a,0,60358985,gaussian,60.000000,1.000000,1000,47256833,47315869,47315904,58984,59036
83c14c00d011a,0,60358985,gaussian,60.000000,1.000000,1000,47316128,47375417,47375453,59233,59289
83c14c00d011a,0,60358985,gaussian,60.000000,1.000000,1000,47375635,47435958,47435996,60273,60323
83c14c00d011a,0,60358985,gaussian,60.000000,1.000000,1000,47436195,47497078,47497113,60831,60883
83c14c00d011a,0,60358985,gaussian,60.000000,1.000000,1000,47497277,47556539,47556577,59213,59262
83c14c00d011a,0,60358985,gaussian,60.000000,1.000000,1000,47556747,47617195,47617231,60391,60448
83c14c00d011a,0,60358985,gaussian,60.000000,1.000000,1000,47617402,47674642,47674678,57184,57240
83c14c00d011a,0,60358985,gaussian,60.000000,1.000000,1000,47674886,47734324,47734359,59388,59438
83c14c00d011a,0,60358985,gaussian,60.000000,1.000000,1000,47734571,47795211,47795249,60588,60640
83c14c00d011a,0,60358985,gaussian,60.000000,1.000000,1000,47795446,47855559,47855597,60063,60113
83c14c00d011a,0,60358985,gaussian,60.000000,1.000000,1000,47855762,47916544,47916583,60733,60782
83c14c00d011a,0,60358985,gaussian,60.000000,1.000000,1000,47916742,47975847,47975881,59048,59105
83c14c00d011a,0,60358985,gaussian,60.000000,1.000000,1000,47976044,48034811,48034901,58512,58767
83c14c00d011a,0,60358985,gaussian,60.000000,1.000000,1000,48035301,48096057,48096096,60705,60756
83c14c00d011a,0,60358985,gaussian,60.000000,1.000000,1000,48096274,48157047,48157085,60724,60773
83c14c00d011a,0,60358985,gaussian,60.000000,1.000000,1000,48157250,48218530,48218569,61230,61280
83c14c00d011a,0,60358985,gaussian,60.000000,1.000000,1000,48218769,48278941,48278976,60115,60172
83c14c00d011a,0,60358985,gaussian,60.000000,1.000000,1000,48279145,48338341,48338376,59148,59196
83c14c00d011a,0,60358985,gaussian,60.000000,1.000000,1000,48338546,48398192,48398229,59593,59646
83c14c00d011a,0,60358985,gaussian,60.000000,1.000000,1000,48398391,48458655,48458694,60216,60264
83c14c00d011a,0,60358985,gaussian,60.000000,1.000000,1000,48458847,48519896,48519931,60996,61049
83c14c00d011a,0,60358985,gaussian,60.000000,1.000000,1000,48520105,48580027,48580063,59869,59922
83c14c00d011a,0,60358985,gaussian,60.000000,1.000000,1000,48580228,48641582,48641617,61295,61354
83c14c00d011a,0,60358985,gaussian,60.000000,1.000000,1000,48641776,48701271,48701309,59443,59495
83c14c00d011a,0,60358985,gaussian,60.000000,1.000000,1000,48701474,48760168,48760205,58646,58694
83c14c00d011a,0,60358985,gaussian,60.000000,1.000000,1000,48760456,48820518,48820556,60014,60062
83c14c00d011a,0,60358985,gaussian,60.000000,1.000000,1000,48820721,48880634,48880669,59859,59913
83c14c00d011a,0,60358985,gaussian,60.000000,1.000000,1000,48880878,48940208,48940244,59277,59330
83c14c00d011a,0,60358985,gaussian,60.000000,1.000000,1000,48940406,49000736,49000774,60278,60330
83c14c00d011a,0,60358985,gaussian,60.000000,1.000000,1000,49000964,49062035,49062144,60794,61071
83c14c00d011a,0,60358985,gaussian,60.000000,1.000000,1000,49062558,49122679,49122714,60065,60121
83c14c00d011a,0,60358985,gaussian,60.000000,1.000000,1000,49122892,49182947,49182984,60006,60055
83c14c00d011a,0,60358985,gaussian,60.000000,1.000000,1000,49183147,49242157,49242196,58963,59010
83c14c00d011a,0,60358985,gaussian,60.000000,1.000000,1000,49242396,49302511,49302550,60060,60115
83c14c00d011a,0,60358985,gaussian,60.000000,1.000000,1000,49302702,49362517,49362553,59761,59815
83c14c00d011a,0,60358985,gaussian,60.000000,1.000000,1000,49362746,49423061,49423096,60262,60315
83c14c00d011a,0,60358985,gaussian,60.000000,1.000000,1000,49423267,49485175,49485213,61860,61908
83c14c00d011a,0,60358985,gaussian,60.000000,1.000000,1000,49485381,49545068,49545106,59638,59687
83c14c00d011a,0,60358985,gaussian,60.000000,1.000000,1000,49545259,49606143,49606178,60828,60884
83c14c00d011a,0,60358985,gaussian,60.000000,1.000000,1000,49606334,49666478,49666516,60097,60144
83c14c00d011a,0,60358985,gaussian,60.000000,1.000000,1000,49666688,49726945,49726980,60206,60257
83c14c00d011a,0,60358985,gaussian,60.000000,1.000000,1000,49727136,49787208,49787246,60022,60072
83c14c00d011a,0,60358985,gaussian,60.000000,1.000000,1000,49787412,49845638,49845675,58176,58226
83c14c00d011a,0,60358985,gaussian,60.000000,1.000000,1000,49845835,49904895,49904933,59011,59060
83c14c00d011a,0,60358985,gaussian,60.000000,1.000000,1000,49905099,49965848,49965887,60694,60749
83c14c00d011a,0,60358985,gaussian,60.000000,1.000000,1000,49966045,50025571,50025662,59265,59526
83c14c00d011a,0,60358985,gaussian,60.000000,1.000000,1000,50026008,50086204,50086244,60147,60196
83c14c00d011a,0,60358985,gaussian,60.000000,1.000000,1000,50086408,50145620,50145657,59157,59212
83c14c00d011a,0,60358985,gaussian,60.000000,1.000000,1000,50145815,50206730,50206768,60864,60915
83c14c00d011a,0,60358985,gaussian,60.000000,1.000000,1000,50206932,50267628,50267667,60646,60696
83c14c00d011a,0,60358985,gaussian,60.000000,1.000000,1000,50267818,50325669,50325705,57800,57851
83c14c00d011a,0,60358985,gaussian,60.000000,1.000000,1000,50325921,50385667,50385702,59697,59746
83c14c00d011a,0,60358985,gaussian,60.000000,1.000000,1000,50385909,50446673,50446712,60710,60764
83c14c00d011a,0,60358985,gaussian,60.000000,1.000000,1000,50446915,50506095,50506130,59123,59180
83c14c00d011a,0,60358985,gaussian,60.000000,1.000000,1000,50506295,50565149,50565185,58802,58854
83c14c00d011a,0,60358985,gaussian,60.000000,1.000000,1000,50565382,50626751,50626785,61317,61369
83c14c00d011a,0,60358985,gaussian,60.000000,1.000000,1000,50626975,50688649,50688687,61626,61674
83c14c00d011a,0,60358985,gaussian,60.000000,1.000000,1000,50688926,50748097,50748132,59114,59171
83c14c00d011a,0,60358985,gaussian,60.000000,1.000000,1000,50748326,50808141,50808175,59761,59815
83c14c00d011a,0,60358985,gaussian,60.000000,1.000000,1000,50808415,50867386,50867422,58915,58971
83c14c00d011a,0,60358985,gaussian,60.000000,1.000000,1000,50867632,50928188,50928226,60504,60556
83c14c00d011a,0,60358985,gaussian,60.000000,1.000000,1000,50928391,50988044,50988079,59601,59653
83c14c00d011a,0,60358985,gaussian,60.000000,1.000000,1000,50988269,51048450,51048542,59935,60181
83c14c00d011a,0,60358985,gaussian,60.000000,1.000000,1000,51048903,51107855,51107893,58898,58952
83c14c00d011a,0,60358985,gaussian,60.000000,1.000000,1000,51108049,51168447,51168483,60343,60398
83c14c00d011a,0,60358985,gaussian,60.000000,1.000000,1000,51168638,51227940,51227978,59248,59302
83c14c00d011a,0,60358985,gaussian,60.000000,1.000000,1000,51228136,51288887,51288923,60698,60751
83c14c00d011a,0,60358985,gaussian,60.000000,1.000000,1000,51289085,51350408,51350446,61271,61323
83c14c00d011a,0,60358985,gaussian,60.000000,1.000000,1000,51350602,51408093,51408128,57442,57491
83c14c00d011a,0,60358985,gaussian,60.000000,1.000000,1000,51408337,51468736,51468771,60351,60399
83c14c00d011a,0,60358985,gaussian,60.000000,1.000000,1000,51468934,51528481,51528519,59493,59547
83c14c00d011a,0,60358985,gaussian,60.000000,1.000000,1000,51528675,51589349,51589387,60624,60674
83c14c00d011a,0,60358985,gaussian,60.000000,1.000000,1000,51589552,51648295,51648330,58697,58743
83c14c00d011a,0,60358985,gaussian,60.000000,1.000000,1000,51648505,51708491,51708529,59935,59986
83c14c00d011a,0,60358985,gaussian,60.000000,1.000000,1000,51708688,51769337,51769373,60594,60649
83c14c00d011a,0,60358985,gaussian,60.000000,1.000000,1000,51769571,51828484,51828519,58856,58913
83c14c00d011a,0,60358985,gaussian,60.000000,1.000000,1000,51828735,51887092,51887131,58306,58357
83c14c00d011a,0,60358985,gaussian,60.000000,1.000000,1000,51887289,51946417,51946455,59080,59128
83c14c00d011a,0,60358985,gaussian,60.000000,1.000000,1000,51946618,52005128,52005164,58456,58510
83c14c00d011a,0,60358985,gaussian,60.000000,1.000000,1000,52005345,52066755,52066848,61162,61410
83c14c00d011a,0,60358985,gaussian,60.000000,1.000000,1000,52067202,52126990,52127026,59738,59788
83c14c00d011a,0,60358985,gaussian,60.000000,1.000000,1000,52127182,52189099,52189135,61862,61917
83c14c00d011a,0,60358985,gaussian,60.000000,1.000000,1000,52189298,52248661,52248697,59307,59363
83c14c00d011a,0,60358985,gaussian,60.000000,1.000000,1000,52248863,52308703,52308739,59785,59840
83c14c00d011a,0,60358985,gaussian,60.000000,1.000000,1000,52308990,52368185,52368222,59144,59195
83c14c00d011a,0,60358985,gaussian,60.000000,1.000000,1000,52368376,52427971,52428009,59545,59595
83c14c00d011a,0,60358985,gaussian,60.000000,1.000000,1000,52428163,52489862,52489900,61645,61699
83c14c00d011a,0,60358985,gaussian,60.000000,1.000000,1000,52490114,52551188,52551224,61024,61074
83c14c00d011a,0,60358985,gaussian,60.000000,1.000000,1000,52551383,52611639,52611674,60198,60256
83c14c00d011a,0,60358985,gaussian,60.000000,1.000000,1000,52611839,52672730,52672766,60838,60891
83c14c00d011a,0,60358985,gaussian,60.000000,1.000000,1000,52672922,52733210,52733245,60240,60288
83c14c00d011a,0,60358985,gaussian,60.000000,1.000000,1000,52733406,52794514,52794552,61057,61108
83c14c00d011a,0,60358985,gaussian,60.000000,1.000000,1000,52794711,52855684,52855722,60924,60973
83c14c00d011a,0,60358985,gaussian,60.000000,1.000000,1000,52855881,52916822,52916860,60888,60941
83c14c00d011a,0,60358985,gaussian,60.000000,1.000000,1000,52917019,52978044,52978080,60975,61025
83c14c00d011a,0,60358985,gaussian,60.000000,1.000000,1000,52978244,53037165,53037256,58669,58921
83c14c00d011a,0,60358985,gaussian,60.000000,1.000000,1000,53037612,53097116,53097154,59453,59504
83c14c00d011a,0,60358985,gaussian,60.000000,1.000000,1000,53097308,53159070,53159105,61709,61762
83c14c00d011a,0,60358985,gaussian,60.000000,1.000000,1000,53159273,53219940,53219974,60611,60667
83c14c00d011a,0,60358985,gaussian,60.000000,1.000000,1000,53220130,53280436,53280472,60250,60306
83c14c00d011a,0,60358985,gaussian,60.000000,1.000000,1000,53280641,53341164,53341199,60473,60523
83c14c00d011a,0,60358985,gaussian,60.000000,1.000000,1000,53341413,53402263,53402302,60795,60850
83c14c00d011a,0,60358985,gaussian,60.000000,1.000000,1000,53402455,53461808,53461845,59301,59353
83c14c00d011a,0,60358985,gaussian,60.000000,1.000000,1000,53462022,53523724,53523759,61652,61702
83c14c00d011a,0,60358985,gaussian,60.000000,1.000000,1000,53523926,53584074,53584113,60097,60148
83c14c00d011a,0,60358985,gaussian,60.000000,1.000000,1000,53584279,53644041,53644080,59710,59762
83c14c00d011a,0,60358985,gaussian,60.000000,1.000000,1000,53644324,53703269,53703304,58895,58945
83c14c00d011a,0,60358985,gaussian,60.000000,1.000000,1000,53703465,53762892,53762927,59380,59427
83c14c00d011a,0,60358985,gaussian,60.000000,1.000000,1000,53763137,53823402,53823438,60209,60265
83c14c00d011a,0,60358985,gaussian,60.000000,1.000000,1000,53823671,53883577,53883612,59851,59906
83c14c00d011a,0,60358985,gaussian,60.000000,1.000000,1000,53883787,53941954,53941989,58113,58167
83c14c00d011a,0,60358985,gaussian,60.000000,1.000000,1000,53942165,54001943,54001982,59730,59778
83c14c00d011a,0,60358985,gaussian,60.000000,1.000000,1000,54002149,54061220,54061308,58827,59071
83c14c00d011a,0,60358985,gaussian,60.000000,1.000000,1000,54061674,54123117,54123153,61392,61443
83c14c00d011a,0,60358985,gaussian,60.000000,1.000000,1000,54123312,54183910,54183946,60548,60598
83c14c00d011a,0,60358985,gaussian,60.000000,1.000000,1000,54184183,54243193,54243229,58956,59010
83c14c00d011a,0,60358985,gaussian,60.000000,1.000000,1000,54243394,54302440,54302475,58997,59046
83c14c00d011a,0,60358985,gaussian,60.000000,1.000000,1000,54302635,54363986,54364021,61301,61351
83c14c00d011a,0,60358985,gaussian,60.000000,1.000000,1000,54364182,54422593,54422631,58361,58411
83c14c00d011a,0,60358985,gaussian,60.000000,1.000000,1000,54422840,54483170,54483206,60282,60330
83c14c00d011a,0,60358985,gaussian,60.000000,1.000000,1000,54483387,54542835,54542870,59392,59448
83c14c00d011a,0,60358985,gaussian,60.000000,1.000000,1000,54543055,54603179,54603214,60073,60124
83c14c00d011a,0,60358985,gaussian,60.000000,1.000000,1000,54603423,54664724,54664759,61252,61301
83c14c00d011a,0,60358985,gaussian,60.000000,1.000000,1000,54665014,54726733,54726768,61669,61719
83c14c00d011a,0,60358985,gaussian,60.000000,1.000000,1000,54726948,54786579,54786614,59581,59631
83c14c00d011a,0,60358985,gaussian,60.000000,1.000000,1000,54786822,54846904,54846941,60029,60082
83c14c00d011a,0,60358985,gaussian,60.000000,1.000000,1000,54847106,54905800,54905838,58643,58694
83c14c00d011a,0,60358985,gaussian,60.000000,1.000000,1000,54906002,54966866,54966904,60818,60864
83c14c00d011a,0,60358985,gaussian,60.000000,1.000000,1000,54967066,55027986,55028078,60664,60920
83c14c00d011a,0,60358985,gaussian,60.000000,1.000000,1000,55028446,55088283,55088320,59781,59837
83c14c00d011a,0,60358985,gaussian,60.000000,1.000000,1000,55088485,55148656,55148694,60123,60171
83c14c00d011a,0,60358985,gaussian,60.000000,1.000000,1000,55148854,55209478,55209517,60570,60624
83c14c00d011a,0,60358985,gaussian,60.000000,1.000000,1000,55209716,55269178,55269215,59413,59462
83c14c00d011a,0,60358985,gaussian,60.000000,1.000000,1000,55269385,55329683,55329718,60248,60298
83c14c00d011a,0,60358985,gaussian,60.000000,1.000000,1000,55329919,55391636,55391674,61666,61717
83c14c00d011a,0,60358985,gaussian,60.000000,1.000000,1000,55391842,55453308,55453344,61418,61466
83c14c00d011a,0,60358985,gaussian,60.000000,1.000000,1000,55453506,55513203,55513241,59641,59697
83c14c00d011a,0,60358985,gaussian,60.000000,1.000000,1000,55513488,55572374,55572411,58831,58886
83c14c00d011a,0,60358985,gaussian,60.000000,1.000000,1000,55572650,55633608,55633646,60905,60958
83c14c00d011a,0,60358985,gaussian,60.000000,1.000000,1000,55633832,55693763,55693801,59875,59931
83c14c00d011a,0,60358985,gaussian,60.000000,1.000000,1000,55693965,55754563,55754601,60544,60598
83c14c00d011a,0,60358985,gaussian,60.000000,1.000000,1000,55754754,55815143,55815181,60333,60389
83c14c00d011a,0,60358985,gaussian,60.000000,1.000000,1000,55815340,55876649,55876684,61253,61309
83c14c00d011a,0,60358985,gaussian,60.000000,1.000000,1000,55876850,55936503,55936542,59599,59653
83c14c00d011a,0,60358985,gaussian,60.000000,1.000000,1000,55936696,55997035,55997070,60283,60339
83c14c00d011a,0,60358985,gaussian,60.000000,1.000000,1000,55997224,56056242,56056332,58772,59018
83c14c00d011a,0,60358985,gaussian,60.000000,1.000000,1000,56056683,56115961,56115999,59226,59278
83c14c00d011a,0,60358985,gaussian,60.000000,1.000000,1000,56116165,56175036,56175072,58819,58871
83c14c00d011a,0,60358985,gaussian,60.000000,1.000000,1000,56175298,56236731,56236767,61379,61433
83c14c00d011a,0,60358985,gaussian,60.000000,1.000000,1000,56236932,56295903,56295939,58917,58971
83c14c00d011a,0,60358985,gaussian,60.000000,1.000000,1000,56296102,56355450,56355485,59297,59348
83c14c00d011a,0,60358985,gaussian,60.000000,1.000000,1000,56355644,56417317,56417355,61621,61673
83c14c00d011a,0,60358985,gaussian,60.000000,1.000000,1000,56417518,56478083,56478119,60510,60565
83c14c00d011a,0,60358985,gaussian,60.000000,1.000000,1000,56478271,56537334,56537369,59012,59063
83c14c00d011a,0,60358985,gaussian,60.000000,1.000000,1000,56537549,56598308,56598343,60708,60759
83c14c00d011a,0,60358985,gaussian,60.000000,1.000000,1000,56598501,56657828,56657864,59276,59327
83c14c00d011a,0,60358985,gaussian,60.000000,1.000000,1000,56658066,56718353,56718392,60239,60287
83c14c00d011a,0,60358985,gaussian,60.000000,1.000000,1000,56718564,56779306,56779341,60693,60742
83c14c00d011a,0,60358985,gaussian,60.000000,1.000000,1000,56779501,56838603,56838641,59046,59102
83c14c00d011a,0,60358985,gaussian,60.000000,1.000000,1000,56838848,56898495,56898531,59599,59647
83c14c00d011a,0,60358985,gaussian,60.000000,1.000000,1000,56898703,56958063,56958101,59305,59360
83c14c00d011a,0,60358985,gaussian,60.000000,1.000000,1000,56958356,57019446,57019482,61037,61090
83c14c00d011a,0,60358985,gaussian,60.000000,1.000000,1000,57019695,57080044,57080134,60098,60349
83c14c00d011a,0,60358985,gaussian,60.000000,1.000000,1000,57080543,57139295,57139331,58702,58752
83c14c00d011a,0,60358985,gaussian,60.000000,1.000000,1000,57139487,57199367,57199402,59830,59880
83c14c00d011a,0,60358985,gaussian,60.000000,1.000000,1000,57199565,57260823,57260858,61202,61258
83c14c00d011a,0,60358985,gaussian,60.000000,1.000000,1000,57261014,57321485,57321524,60421,60471
83c14c00d011a,0,60358985,gaussian,60.000000,1.000000,1000,57321725,57381340,57381376,59559,59615
83c14c00d011a,0,60358985,gaussian,60.000000,1.000000,1000,57381544,57442920,57442958,61327,61376
83c14c00d011a,0,60358985,gaussian,60.000000,1.000000,1000,57443143,57503129,57503168,59938,59986
83c14c00d011a,0,60358985,gaussian,60.000000,1.000000,1000,57503427,57562639,57562675,59156,59212
83c14c00d011a,0,60358985,gaussian,60.000000,1.000000,1000,57562856,57625335,57625371,62429,62479
83c14c00d011a,0,60358985,gaussian,60.000000,1.000000,1000,57625546,57685384,57685419,59788,59838
83c14c00d011a,0,60358985,gaussian,60.000000,1.000000,1000,57685581,57746013,57746051,60383,60432
83c14c00d011a,0,60358985,gaussian,60.000000,1.000000,1000,57746205,57807635,57807673,61382,61430
83c14c00d011a,0,60358985,gaussian,60.000000,1.000000,1000,57807827,57867841,57867879,59960,60014
83c14c00d011a,0,60358985,gaussian,60.000000,1.000000,1000,57868066,57928798,57928836,60677,60732
83c14c00d011a,0,60358985,gaussian,60.000000,1.000000,1000,57928995,57989045,57989080,59998,60050
83c14c00d011a,0,60358985,gaussian,60.000000,1.000000,1000,57989279,58050249,58050341,60726,60970
83c14c00d011a,0,60358985,gaussian,60.000000,1.000000,1000,58050714,58110903,58110939,60136,60189
83c14c00d011a,0,60358985,gaussian,60.000000,1.000000,1000,58111102,58171775,58171813,60616,60673
83c14c00d011a,0,60358985,gaussian,60.000000,1.000000,1000,58171972,58232226,58232264,60204,60254
83c14c00d011a,0,60358985,gaussian,60.000000,1.000000,1000,58232510,58291304,58291343,58740,58794
83c14c00d011a,0,60358985,gaussian,60.000000,1.000000,1000,58291553,58350329,58350367,58728,58776
83c14c00d011a,0,60358985,gaussian,60.000000,1.000000,1000,58350536,58410290,58410326,59701,59754
83c14c00d011a,0,60358985,gaussian,60.000000,1.000000,1000,58410539,58470295,58470333,59704,59756
83c14c00d011a,0,60358985,gaussian,60.000000,1.000000,1000,58470498,58529315,58529351,58762,58817
83c14c00d011a,0,60358985,gaussian,60.000000,1.000000,1000,58529604,58590769,58590808,61116,61165
83c14c00d011a,0,60358985,gaussian,60.000000,1.000000,1000,58590995,58648949,58648984,57900,57954
83c14c00d011a,0,60358985,gaussian,60.000000,1.000000,1000,58649136,58709376,58709413,60188,60240
83c14c00d011a,0,60358985,gaussian,60.000000,1.000000,1000,58709567,58769573,58769608,59950,60006
83c14c00d011a,0,60358985,gaussian,60.000000,1.000000,1000,58769774,58829681,58829716,59853,59907
83c14c00d011a,0,60358985,gaussian,60.000000,1.000000,1000,58829871,58890218,58890254,60291,60347
83c14c00d011a,0,60358985,gaussian,60.000000,1.000000,1000,58890415,58949811,58949847,59343,59396
83c14c00d011a,0,60358985,gaussian,60.000000,1.000000,1000,58950002,59009104,59009140,59051,59102
83c14c00d011a,0,60358985,gaussian,60.000000,1.000000,1000,59009312,59070292,59070402,60704,60980
83c14c00d011a,0,60358985,gaussian,60.000000,1.000000,1000,59070828,59131125,59131161,60244,60297
83c14c00d011a,0,60358985,gaussian,60.000000,1.000000,1000,59131333,59191213,59191249,59832,59880
83c14c00d011a,0,60358985,gaussian,60.000000,1.000000,1000,59191409,59251131,59251166,59668,59722
83c14c00d011a,0,60358985,gaussian,60.000000,1.000000,1000,59251329,59309438,59309474,58061,58109
83c14c00d011a,0,60358985,gaussian,60.000000,1.000000,1000,59309690,59368952,59368988,59208,59262
83c14c00d011a,0,60358985,gaussian,60.000000,1.000000,1000,59369151,59430941,59430979,61740,61790
83c14c00d011a,0,60358985,gaussian,60.000000,1.000000,1000,59431146,59489948,59489986,58752,58802
83c14c00d011a,0,60358985,gaussian,60.000000,1.000000,1000,59490140,59549370,59549406,59180,59230
83c14c00d011a,0,60358985,gaussian,60.000000,1.000000,1000,59549571,59610663,59610701,61040,61092
83c14c00d011a,0,60358985,gaussian,60.000000,1.000000,1000,59610881,59671152,59671188,60217,60271
83c14c00d011a,0,60358985,gaussian,60.000000,1.000000,1000,59671344,59732484,59732520,61088,61140
83c14c00d011a,0,60358985,gaussian,60.000000,1.000000,1000,59732694,59794653,59794689,61910,61959
83c14c00d011a,0,60358985,gaussian,60.000000,1.000000,1000,59794896,59854433,59854471,59482,59537
83c14c00d011a,0,60358985,gaussian,60.000000,1.000000,1000,59854629,59913166,59913201,58482,58537
83c14c00d011a,0,60358985,gaussian,60.000000,1.000000,1000,59913375,59973104,59973139,59676,59729
83c14c00d011a,0,60358985,gaussian,60.000000,1.000000,1000,59973293,60034944,60035038,61402,61651
83c14c00d011a,0,60358985,gaussian,60.000000,1.000000,1000,60035401,60094292,60094331,58837,58891
83c14c00d011a,0,60358985,gaussian,60.000000,1.000000,1000,60094628,60154916,60154953,60239,60288
83c14c00d011a,0,60358985,gaussian,60.000000,1.000000,1000,60155113,60212872,60212907,57708,57759
83c14c00d011a,0,60358985,gaussian,60.000000,1.000000,1000,60213068,60274133,60274171,61016,61065
83c14c00d011a,0,60358985,gaussian,60.000000,1.000000,1000,60274373,60334772,60334807,60346,60399

