fd8b44a07ad28,0,45384884,gaussian,60.000000,1.000000,1000,29688,74360,78649,59016,44672
fd8b44a07ad28,0,45384884,gaussian,60.000000,1.000000,1000,79573,124785,124819,60214,45212
fd8b44a07ad28,0,45384884,gaussian,60.000000,1.000000,1000,125080,170656,170695,60708,45576
fd8b44a07ad28,0,45384884,gaussian,60.000000,1.000000,1000,170881,215761,215800,59771,44880
fd8b44a07ad28,0,45384884,gaussian,60.000000,1.000000,1000,215980,260295,260339,59027,44315
fd8b44a07ad28,0,45384884,gaussian,60.000000,1.000000,1000,260496,306800,306842,61678,46304
fd8b44a07ad28,0,45384884,gaussian,60.000000,1.000000,1000,307146,352951,352989,61015,45805
fd8b44a07ad28,0,45384884,gaussian,60.000000,1.000000,1000,353191,397135,397174,58528,43944
fd8b44a07ad28,0,45384884,gaussian,60.000000,1.000000,1000,397377,442666,442708,60329,45289
fd8b44a07ad28,0,45384884,gaussian,60.000000,1.000000,1000,442873,486961,487000,58717,44088
fd8b44a07ad28,0,45384884,gaussian,60.000000,1.000000,1000,487165,531456,531500,59003,44291
fd8b44a07ad28,0,45384884,gaussian,60.000000,1.000000,1000,531692,577025,577067,60380,45333
fd8b44a07ad28,0,45384884,gaussian,60.000000,1.000000,1000,577249,621709,621749,59221,44460
fd8b44a07ad28,0,45384884,gaussian,60.000000,1.000000,1000,621907,666555,666594,59470,44648
fd8b44a07ad28,0,45384884,gaussian,60.000000,1.000000,1000,666814,712364,712404,60672,45550
fd8b44a07ad28,0,45384884,gaussian,60.000000,1.000000,1000,712562,756524,756563,58546,43962
fd8b44a07ad28,0,45384884,gaussian,60.000000,1.000000,1000,756765,801736,801776,59906,44971
fd8b44a07ad28,0,45384884,gaussian,60.000000,1.000000,1000,801952,846722,846765,59641,44770
fd8b44a07ad28,0,45384884,gaussian,60.000000,1.000000,1000,846988,893170,893210,61515,46182
fd8b44a07ad28,0,45384884,gaussian,60.000000,1.000000,1000,893426,938736,938775,60351,45310
fd8b44a07ad28,0,45384884,gaussian,60.000000,1.000000,1000,938923,985155,985194,61588,46232
fd8b44a07ad28,0,45384884,gaussian,60.000000,1.000000,1000,985375,1029575,1029613,58872,44200
fd8b44a07ad28,0,45384884,gaussian,60.000000,1.000000,1000,1029774,1074831,1074923,59749,45057
fd8b44a07ad28,0,45384884,gaussian,60.000000,1.000000,1000,1075332,1119330,1119370,58606,43998
fd8b44a07ad28,0,45384884,gaussian,60.000000,1.000000,1000,1119547,1164040,1164080,59269,44493
fd8b44a07ad28,0,45384884,gaussian,60.000000,1.000000,1000,1164253,1208381,1208419,58768,44128
fd8b44a07ad28,0,45384884,gaussian,60.000000,1.000000,1000,1208595,1253312,1253352,59562,44717
fd8b44a07ad28,0,45384884,gaussian,60.000000,1.000000,1000,1253598,1299772,1299811,61497,46174
fd8b44a07ad28,0,45384884,gaussian,60.000000,1.000000,1000,1299983,1344705,1344747,59574,44722
fd8b44a07ad28,0,45384884,gaussian,60.000000,1.000000,1000,1346630,1391714,1391798,60050,45084
fd8b44a07ad28,0,45384884,gaussian,60.000000,1.000000,1000,1392094,1436291,1436334,58863,44197
fd8b44a07ad28,0,45384884,gaussian,60.000000,1.000000,1000,1436486,1482177,1482217,60866,45691
fd8b44a07ad28,0,45384884,gaussian,60.000000,1.000000,1000,1482386,1526500,1526542,58768,44114
fd8b44a07ad28,0,45384884,gaussian,60.000000,1.000000,1000,1526704,1570130,1570168,57832,43426
fd8b44a07ad28,0,45384884,gaussian,60.000000,1.000000,1000,1570336,1614577,1614620,58935,44241
fd8b44a07ad28,0,45384884,gaussian,60.000000,1.000000,1000,1614781,1660754,1660794,61236,45973
fd8b44a07ad28,0,45384884,gaussian,60.000000,1.000000,1000,1660967,1705660,1705699,59537,44693
fd8b44a07ad28,0,45384884,gaussian,60.000000,1.000000,1000,1705905,1751339,1751382,60525,45434
fd8b44a07ad28,0,45384884,gaussian,60.000000,1.000000,1000,1751543,1797898,1797941,61741,46355
fd8b44a07ad28,0,45384884,gaussian,60.000000,1.000000,1000,1798090,1842255,1842293,58832,44165
fd8b44a07ad28,0,45384884,gaussian,60.000000,1.000000,1000,1842441,1887198,1887237,59610,44757
fd8b44a07ad28,0,45384884,gaussian,60.000000,1.000000,1000,1887395,1932336,1932376,59865,44941
fd8b44a07ad28,0,45384884,gaussian,60.000000,1.000000,1000,1932594,1978870,1978910,61635,46276
fd8b44a07ad28,0,45384884,gaussian,60.000000,1.000000,1000,1979082,2024655,2024693,60705,45573
fd8b44a07ad28,0,45384884,gaussian,60.000000,1.000000,1000,2024859,2069114,2069200,58672,44255
fd8b44a07ad28,0,45384884,gaussian,60.000000,1.000000,1000,2069551,2114985,2115028,60517,45434
fd8b44a07ad28,0,45384884,gaussian,60.000000,1.000000,1000,2115190,2159954,2159997,59626,44764
fd8b44a07ad28,0,45384884,gaussian,60.000000,1.000000,1000,2160170,2206427,2206470,61613,46257
fd8b44a07ad28,0,45384884,gaussian,60.000000,1.000000,1000,2206631,2252554,2252594,61170,45923
fd8b44a07ad28,0,45384884,gaussian,60.000000,1.000000,1000,2252753,2297442,2297486,59529,44689
fd8b44a07ad28,0,45384884,gaussian,60.000000,1.000000,1000,2297637,2341979,2342017,59060,44342
fd8b44a07ad28,0,45384884,gaussian,60.000000,1.000000,1000,2342222,2386883,2386922,59493,44661
fd8b44a07ad28,0,45384884,gaussian,60.000000,1.000000,1000,2387082,2432160,2432199,60041,45078
fd8b44a07ad28,0,45384884,gaussian,60.000000,1.000000,1000,2432362,2475944,2475983,58057,43582
fd8b44a07ad28,0,45384884,gaussian,60.000000,1.000000,1000,2476138,2521662,2521702,60647,45524
fd8b44a07ad28,0,45384884,gaussian,60.000000,1.000000,1000,2521880,2565791,2565830,58493,43911
fd8b44a07ad28,0,45384884,gaussian,60.000000,1.000000,1000,2565985,2611373,2611412,60462,45388
fd8b44a07ad28,0,45384884,gaussian,60.000000,1.000000,1000,2614601,2659230,2659323,59444,44629
fd8b44a07ad28,0,45384884,gaussian,60.000000,1.000000,1000,2659544,2705866,2705905,61704,46322
fd8b44a07ad28,0,45384884,gaussian,60.000000,1.000000,1000,2706057,2749945,2749987,58450,43888
fd8b44a07ad28,0,45384884,gaussian,60.000000,1.000000,1000,2750177,2795213,2795258,59986,45036
fd8b44a07ad28,0,45384884,gaussian,60.000000,1.000000,1000,2795399,2840388,2840427,59929,44989
fd8b44a07ad28,0,45384884,gaussian,60.000000,1.000000,1000,2840606,2885028,2885071,59166,44422
fd8b44a07ad28,0,45384884,gaussian,60.000000,1.000000,1000,2885291,2929211,2929250,58503,43920
fd8b44a07ad28,0,45384884,gaussian,60.000000,1.000000,1000,2929402,2973778,2973816,59105,44376
fd8b44a07ad28,0,45384884,gaussian,60.000000,1.000000,1000,2973978,3019959,3019997,61248,45981
fd8b44a07ad28,0,45384884,gaussian,60.000000,1.000000,1000,3020160,3094248,3094360,61002,74088
fd8b44a07ad28,0,45384884,gaussian,60.000000,1.000000,1000,3094781,3140260,3140302,60572,45479
fd8b44a07ad28,0,45384884,gaussian,60.000000,1.000000,1000,3140522,3184825,3184868,59013,44303
fd8b44a07ad28,0,45384884,gaussian,60.000000,1.000000,1000,3185028,3230223,3230267,60202,45195
fd8b44a07ad28,0,45384884,gaussian,60.000000,1.000000,1000,3230467,3276866,3276906,61806,46399
fd8b44a07ad28,0,45384884,gaussian,60.000000,1.000000,1000,3277124,3320942,3320985,58357,43818
fd8b44a07ad28,0,45384884,gaussian,60.000000,1.000000,1000,3321162,3365312,3365355,58809,44150
fd8b44a07ad28,0,45384884,gaussian,60.000000,1.000000,1000,3365581,3412289,3412331,62218,46708
fd8b44a07ad28,0,45384884,gaussian,60.000000,1.000000,1000,3412517,3457544,3457588,59975,45027
fd8b44a07ad28,0,45384884,gaussian,60.000000,1.000000,1000,3457754,3501390,3501432,58114,43636
fd8b44a07ad28,0,45384884,gaussian,60.000000,1.000000,1000,3501589,3545782,3545825,58859,44193
fd8b44a07ad28,0,45384884,gaussian,60.000000,1.000000,1000,3546127,3591541,3591581,60488,45414
fd8b44a07ad28,0,45384884,gaussian,60.000000,1.000000,1000,3591803,3636456,3636498,59474,44653
fd8b44a07ad28,0,45384884,gaussian,60.000000,1.000000,1000,3636767,3681803,3681845,59990,45036
fd8b44a07ad28,0,45384884,gaussian,60.000000,1.000000,1000,3682033,3727218,3727260,60193,45185
fd8b44a07ad28,0,45384884,gaussian,60.000000,1.000000,1000,3727441,3772126,3772168,59518,44685
fd8b44a07ad28,0,45384884,gaussian,60.000000,1.000000,1000,3772325,3818576,3818618,61604,46251
fd8b44a07ad28,0,45384884,gaussian,60.000000,1.000000,1000,3818773,3863976,3864016,60208,45203
fd8b44a07ad28,0,45384884,gaussian,60.000000,1.000000,1000,3864341,3909639,3909674,60327,45298
fd8b44a07ad28,0,45384884,gaussian,60.000000,1.000000,1000,3909834,3955904,3955943,61368,46070
fd8b44a07ad28,0,45384884,gaussian,60.000000,1.000000,1000,3956108,4000585,4000625,59241,44477
fd8b44a07ad28,0,45384884,gaussian,60.000000,1.000000,1000,4000776,4044978,4045015,58874,44202
fd8b44a07ad28,0,45384884,gaussian,60.000000,1.000000,1000,4045173,4090186,4090283,59674,45013
fd8b44a07ad28,0,45384884,gaussian,60.000000,1.000000,1000,4090638,4135007,4135042,59093,44369
fd8b44a07ad28,0,45384884,gaussian,60.000000,1.000000,1000,4135221,4180626,4180664,60480,45405
fd8b44a07ad28,0,45384884,gaussian,60.000000,1.000000,1000,4180935,4225886,4225923,59880,44951
fd8b44a07ad28,0,45384884,gaussian,60.000000,1.000000,1000,4226084,4271714,4271756,60780,45630
fd8b44a07ad28,0,45384884,gaussian,60.000000,1.000000,1000,4271919,4316638,4316680,59564,44719
fd8b44a07ad28,0,45384884,gaussian,60.000000,1.000000,1000,4316947,4361827,4361871,59776,44880
fd8b44a07ad28,0,45384884,gaussian,60.000000,1.000000,1000,4362022,4407970,4408012,61202,45948
fd8b44a07ad28,0,45384884,gaussian,60.000000,1.000000,1000,4408169,4453524,4453566,60407,45355
fd8b44a07ad28,0,45384884,gaussian,60.000000,1.000000,1000,4453728,4497813,4497855,58713,44085
fd8b44a07ad28,0,45384884,gaussian,60.000000,1.000000,1000,4498076,4543162,4543205,60052,45086
fd8b44a07ad28,0,45384884,gaussian,60.000000,1.000000,1000,4543366,4588394,4588438,59968,45028
fd8b44a07ad28,0,45384884,gaussian,60.000000,1.000000,1000,4588623,4634757,4634797,61444,46134
fd8b44a07ad28,0,45384884,gaussian,60.000000,1.000000,1000,4635022,4680895,4680934,61097,45873
fd8b44a07ad28,0,45384884,gaussian,60.000000,1.000000,1000,4681115,4726219,4726263,60078,45104
fd8b44a07ad28,0,45384884,gaussian,60.000000,1.000000,1000,4726420,4771673,4771713,60281,45253
fd8b44a07ad28,0,45384884,gaussian,60.000000,1.000000,1000,4771868,4817590,4817632,60895,45722
fd8b44a07ad28,0,45384884,gaussian,60.000000,1.000000,1000,4817789,4863359,4863402,60704,45570
fd8b44a07ad28,0,45384884,gaussian,60.000000,1.000000,1000,4863580,4909076,4909118,60603,45496
fd8b44a07ad28,0,45384884,gaussian,60.000000,1.000000,1000,4909295,4953954,4953998,59485,44659
fd8b44a07ad28,0,45384884,gaussian,60.000000,1.000000,1000,4954161,5001480,5001519,63027,47319
fd8b44a07ad28,0,45384884,gaussian,60.000000,1.000000,1000,5001684,5046153,5046197,59228,44469
fd8b44a07ad28,0,45384884,gaussian,60.000000,1.000000,1000,5046359,5091479,5091571,59833,45120
fd8b44a07ad28,0,45384884,gaussian,60.000000,1.000000,1000,5091942,5135776,5135818,58381,43834
fd8b44a07ad28,0,45384884,gaussian,60.000000,1.000000,1000,5135973,5180979,5181019,59951,45006
fd8b44a07ad28,0,45384884,gaussian,60.000000,1.000000,1000,5181211,5226733,5226776,60627,45522
fd8b44a07ad28,0,45384884,gaussian,60.000000,1.000000,1000,5226931,5272945,5272989,61289,46014
fd8b44a07ad28,0,45384884,gaussian,60.000000,1.000000,1000,5273192,5318214,5318257,59969,45022
fd8b44a07ad28,0,45384884,gaussian,60.000000,1.000000,1000,5318421,5364904,5364944,61907,46483
fd8b44a07ad28,0,45384884,gaussian,60.000000,1.000000,1000,5365164,5411281,5411320,61427,46117
fd8b44a07ad28,0,45384884,gaussian,60.000000,1.000000,1000,5411482,5458256,5458299,62301,46774
fd8b44a07ad28,0,45384884,gaussian,60.000000,1.000000,1000,5458463,5503278,5503321,59684,44815
fd8b44a07ad28,0,45384884,gaussian,60.000000,1.000000,1000,5503498,5549720,5549761,61571,46222
fd8b44a07ad28,0,45384884,gaussian,60.000000,1.000000,1000,5549937,5596210,5596249,61636,46273
fd8b44a07ad28,0,45384884,gaussian,60.000000,1.000000,1000,5596428,5640399,5640439,58563,43971
fd8b44a07ad28,0,45384884,gaussian,60.000000,1.000000,1000,5640609,5686522,5686563,61161,45913
fd8b44a07ad28,0,45384884,gaussian,60.000000,1.000000,1000,5686725,5730642,5730684,58491,43917
fd8b44a07ad28,0,45384884,gaussian,60.000000,1.000000,1000,5730900,5775553,5775596,59478,44653
fd8b44a07ad28,0,45384884,gaussian,60.000000,1.000000,1000,5775758,5819870,5819912,58745,44112
fd8b44a07ad28,0,45384884,gaussian,60.000000,1.000000,1000,5820088,5864482,5864526,59129,44394
fd8b44a07ad28,0,45384884,gaussian,60.000000,1.000000,1000,5864677,5910474,5910518,60996,45797
fd8b44a07ad28,0,45384884,gaussian,60.000000,1.000000,1000,5910676,5955421,5955465,59592,44745
fd8b44a07ad28,0,45384884,gaussian,60.000000,1.000000,1000,5955636,6000857,6000900,60229,45221
fd8b44a07ad28,0,45384884,gaussian,60.000000,1.000000,1000,6001052,6045715,6045755,59488,44663
fd8b44a07ad28,0,45384884,gaussian,60.000000,1.000000,1000,6045911,6091757,6091856,57575,45846
fd8b44a07ad28,0,45384884,gaussian,60.000000,1.000000,1000,6092231,6138129,6138169,61135,45898
fd8b44a07ad28,0,45384884,gaussian,60.000000,1.000000,1000,6138386,6184021,6184065,60787,45635
fd8b44a07ad28,0,45384884,gaussian,60.000000,1.000000,1000,6184284,6228444,6228487,58811,44160
fd8b44a07ad28,0,45384884,gaussian,60.000000,1.000000,1000,6228637,6273432,6273475,59662,44795
fd8b44a07ad28,0,45384884,gaussian,60.000000,1.000000,1000,6273643,6318423,6318467,59642,44780
fd8b44a07ad28,0,45384884,gaussian,60.000000,1.000000,1000,6318637,6364291,6364334,60817,45654
fd8b44a07ad28,0,45384884,gaussian,60.000000,1.000000,1000,6364509,6408756,6408798,58927,44247
fd8b44a07ad28,0,45384884,gaussian,60.000000,1.000000,1000,6408961,6454457,6454500,60593,45496
fd8b44a07ad28,0,45384884,gaussian,60.000000,1.000000,1000,6454666,6499661,6499701,59937,44995
fd8b44a07ad28,0,45384884,gaussian,60.000000,1.000000,1000,6499865,6544887,6544928,59966,45022
fd8b44a07ad28,0,45384884,gaussian,60.000000,1.000000,1000,6545100,6589837,6589877,59584,44737
fd8b44a07ad28,0,45384884,gaussian,60.000000,1.000000,1000,6590052,6636042,6636084,61257,45990
fd8b44a07ad28,0,45384884,gaussian,60.000000,1.000000,1000,6636238,6681450,6681493,60220,45212
fd8b44a07ad28,0,45384884,gaussian,60.000000,1.000000,1000,6681659,6727849,6727890,61519,46190
fd8b44a07ad28,0,45384884,gaussian,60.000000,1.000000,1000,6728053,6772700,6772743,59461,44647
fd8b44a07ad28,0,45384884,gaussian,60.000000,1.000000,1000,6772910,6817830,6817871,59828,44920
fd8b44a07ad28,0,45384884,gaussian,60.000000,1.000000,1000,6818132,6863178,6863221,59993,45046
fd8b44a07ad28,0,45384884,gaussian,60.000000,1.000000,1000,6863372,6906548,6906589,57503,43176
fd8b44a07ad28,0,45384884,gaussian,60.000000,1.000000,1000,6906752,6951712,6951754,59889,44960
fd8b44a07ad28,0,45384884,gaussian,60.000000,1.000000,1000,6951914,6997108,6997152,60198,45194
fd8b44a07ad28,0,45384884,gaussian,60.000000,1.000000,1000,6997480,7042316,7042359,59723,44836
fd8b44a07ad28,0,45384884,gaussian,60.000000,1.000000,1000,7042612,7089652,7089746,62377,47040
fd8b44a07ad28,0,45384884,gaussian,60.000000,1.000000,1000,7090113,7135692,7135735,60712,45579
fd8b44a07ad28,0,45384884,gaussian,60.000000,1.000000,1000,7135941,7182081,7182124,61451,46140
fd8b44a07ad28,0,45384884,gaussian,60.000000,1.000000,1000,7182335,7228097,7228137,60948,45762
fd8b44a07ad28,0,45384884,gaussian,60.000000,1.000000,1000,7228315,7274346,7274390,61315,46031
fd8b44a07ad28,0,45384884,gaussian,60.000000,1.000000,1000,7277057,7321169,7321259,58751,44112
fd8b44a07ad28,0,45384884,gaussian,60.000000,1.000000,1000,7321410,7366932,7366972,60626,45522
fd8b44a07ad28,0,45384884,gaussian,60.000000,1.000000,1000,7367148,7411218,7411261,58699,44070
fd8b44a07ad28,0,45384884,gaussian,60.000000,1.000000,1000,7411438,7456509,7456549,60028,45071
fd8b44a07ad28,0,45384884,gaussian,60.000000,1.000000,1000,7456752,7502334,7502374,60712,45582
fd8b44a07ad28,0,45384884,gaussian,60.000000,1.000000,1000,7502545,7547257,7547297,59547,44712
fd8b44a07ad28,0,45384884,gaussian,60.000000,1.000000,1000,7547469,7592563,7592606,60062,45094
fd8b44a07ad28,0,45384884,gaussian,60.000000,1.000000,1000,7592785,7638279,7638323,60603,45494
fd8b44a07ad28,0,45384884,gaussian,60.000000,1.000000,1000,7638484,7682987,7683027,59275,44503
fd8b44a07ad28,0,45384884,gaussian,60.000000,1.000000,1000,7683198,7727484,7727526,58980,44286
fd8b44a07ad28,0,45384884,gaussian,60.000000,1.000000,1000,7727697,7771865,7771909,58829,44168
fd8b44a07ad28,0,45384884,gaussian,60.000000,1.000000,1000,7772075,7816678,7816718,59404,44603
fd8b44a07ad28,0,45384884,gaussian,60.000000,1.000000,1000,7816882,7862173,7862213,60319,45291
fd8b44a07ad28,0,45384884,gaussian,60.000000,1.000000,1000,7862383,7910314,7910358,63849,47931
fd8b44a07ad28,0,45384884,gaussian,60.000000,1.000000,1000,7910510,7954955,7954997,59197,44445
fd8b44a07ad28,0,45384884,gaussian,60.000000,1.000000,1000,7955153,7999163,7999203,58618,44010
fd8b44a07ad28,0,45384884,gaussian,60.000000,1.000000,1000,7999373,8044675,8044719,60338,45302
fd8b44a07ad28,0,45384884,gaussian,60.000000,1.000000,1000,8044882,8089872,8089965,59645,44990
fd8b44a07ad28,0,45384884,gaussian,60.000000,1.000000,1000,8090395,8134956,8134998,59349,44561
fd8b44a07ad28,0,45384884,gaussian,60.000000,1.000000,1000,8135152,8181727,8181768,62031,46575
fd8b44a07ad28,0,45384884,gaussian,60.000000,1.000000,1000,8181923,8226550,8226592,59441,44627
fd8b44a07ad28,0,45384884,gaussian,60.000000,1.000000,1000,8226754,8271734,8271773,59909,44980
fd8b44a07ad28,0,45384884,gaussian,60.000000,1.000000,1000,8271934,8317483,8317523,60667,45549
fd8b44a07ad28,0,45384884,gaussian,60.000000,1.000000,1000,8317692,8363530,8363570,61059,45838
fd8b44a07ad28,0,45384884,gaussian,60.000000,1.000000,1000,8363771,8408464,8408505,59532,44693
fd8b44a07ad28,0,45384884,gaussian,60.000000,1.000000,1000,8408659,8452753,8452794,58729,44094
fd8b44a07ad28,0,45384884,gaussian,60.000000,1.000000,1000,8453027,8497621,8497665,59393,44594
fd8b44a07ad28,0,45384884,gaussian,60.000000,1.000000,1000,8497821,8542572,8542614,59610,44751
fd8b44a07ad28,0,45384884,gaussian,60.000000,1.000000,1000,8542770,8588076,8588118,60339,45306
fd8b44a07ad28,0,45384884,gaussian,60.000000,1.000000,1000,8588278,8633207,8633247,59847,44929
fd8b44a07ad28,0,45384884,gaussian,60.000000,1.000000,1000,8633408,8677042,8677083,58114,43634
fd8b44a07ad28,0,45384884,gaussian,60.000000,1.000000,1000,8677294,8723491,8723534,61538,46197
fd8b44a07ad28,0,45384884,gaussian,60.000000,1.000000,1000,8723794,8768538,8768580,59598,44744
fd8b44a07ad28,0,45384884,gaussian,60.000000,1.000000,1000,8768734,8813772,8813815,59987,45038
fd8b44a07ad28,0,45384884,gaussian,60.000000,1.000000,1000,8814014,8858432,8858475,59166,44418
fd8b44a07ad28,0,45384884,gaussian,60.000000,1.000000,1000,8858635,8903663,8903704,59977,45028
fd8b44a07ad28,0,45384884,gaussian,60.000000,1.000000,1000,8903866,8949120,8949162,60281,45254
fd8b44a07ad28,0,45384884,gaussian,60.000000,1.000000,1000,8949375,8994236,8994278,59751,44861
fd8b44a07ad28,0,45384884,gaussian,60.000000,1.000000,1000,8994432,9038575,9038619,58798,44143
fd8b44a07ad28,0,45384884,gaussian,60.000000,1.000000,1000,9038778,9092418,9092513,59709,53640
fd8b44a07ad28,0,45384884,gaussian,60.000000,1.000000,1000,9092880,9137297,9137340,59157,44417
fd8b44a07ad28,0,45384884,gaussian,60.000000,1.000000,1000,9137528,9182889,9182931,60425,45361
fd8b44a07ad28,0,45384884,gaussian,60.000000,1.000000,1000,9183098,9227970,9228012,59766,44872
fd8b44a07ad28,0,45384884,gaussian,60.000000,1.000000,1000,9228181,9273199,9273243,59962,45018
fd8b44a07ad28,0,45384884,gaussian,60.000000,1.000000,1000,9273415,9318394,9318436,59908,44979
fd8b44a07ad28,0,45384884,gaussian,60.000000,1.000000,1000,9318617,9364332,9364366,60885,45715
fd8b44a07ad28,0,45384884,gaussian,60.000000,1.000000,1000,9364576,9409228,9409266,59474,44652
fd8b44a07ad28,0,45384884,gaussian,60.000000,1.000000,1000,9409426,9454641,9454676,60223,45215
fd8b44a07ad28,0,45384884,gaussian,60.000000,1.000000,1000,9454828,9499331,9499369,59275,44503
fd8b44a07ad28,0,45384884,gaussian,60.000000,1.000000,1000,9499520,9545258,9545295,60917,45738
fd8b44a07ad28,0,45384884,gaussian,60.000000,1.000000,1000,9545465,9589275,9589312,58353,43810
fd8b44a07ad28,0,45384884,gaussian,60.000000,1.000000,1000,9589480,9635151,9635190,60833,45671
fd8b44a07ad28,0,45384884,gaussian,60.000000,1.000000,1000,9635343,9680077,9680117,59585,44734
fd8b44a07ad28,0,45384884,gaussian,60.000000,1.000000,1000,9680325,9725505,9725547,60173,45180
fd8b44a07ad28,0,45384884,gaussian,60.000000,1.000000,1000,9725803,9771717,9771760,61160,45914
fd8b44a07ad28,0,45384884,gaussian,60.000000,1.000000,1000,9771938,9816341,9816383,59147,44403
fd8b44a07ad28,0,45384884,gaussian,60.000000,1.000000,1000,9816553,9861416,9861458,59752,44863
fd8b44a07ad28,0,45384884,gaussian,60.000000,1.000000,1000,9861612,9905938,9905979,59044,44326
fd8b44a07ad28,0,45384884,gaussian,60.000000,1.000000,1000,9906142,9951401,9951444,60282,45259
fd8b44a07ad28,0,45384884,gaussian,60.000000,1.000000,1000,9951608,9994990,9995032,57784,43382
fd8b44a07ad28,0,45384884,gaussian,60.000000,1.000000,1000,9995193,10039953,10039995,59613,44760
fd8b44a07ad28,0,45384884,gaussian,60.000000,1.000000,1000,10040194,10084874,10084964,59241,44680
fd8b44a07ad28,0,45384884,gaussian,60.000000,1.000000,1000,10085327,10131392,10131435,61351,46065
fd8b44a07ad28,0,45384884,gaussian,60.000000,1.000000,1000,10131589,10176284,10176327,59525,44695
fd8b44a07ad28,0,45384884,gaussian,60.000000,1.000000,1000,10176494,10220828,10220869,59051,44334
fd8b44a07ad28,0,45384884,gaussian,60.000000,1.000000,1000,10221025,10265560,10265604,59319,44535
fd8b44a07ad28,0,45384884,gaussian,60.000000,1.000000,1000,10265756,10310775,10310817,59961,45019
fd8b44a07ad28,0,45384884,gaussian,60.000000,1.000000,1000,10310980,10356240,10356284,60290,45260
fd8b44a07ad28,0,45384884,gaussian,60.000000,1.000000,1000,10356441,10400489,10400533,58670,44048
fd8b44a07ad28,0,45384884,gaussian,60.000000,1.000000,1000,10400739,10445801,10445843,60018,45062
fd8b44a07ad28,0,45384884,gaussian,60.000000,1.000000,1000,10446050,10491069,10491112,59965,45019
fd8b44a07ad28,0,45384884,gaussian,60.000000,1.000000,1000,10491300,10537005,10537045,60874,45705
fd8b44a07ad28,0,45384884,gaussian,60.000000,1.000000,1000,10537231,10582603,10582644,60435,45372
fd8b44a07ad28,0,45384884,gaussian,60.000000,1.000000,1000,10582819,10628346,10628390,60645,45527
fd8b44a07ad28,0,45384884,gaussian,60.000000,1.000000,1000,10628555,10672993,10673035,59182,44438
fd8b44a07ad28,0,45384884,gaussian,60.000000,1.000000,1000,10673189,10717514,10717558,59043,44325
fd8b44a07ad28,0,45384884,gaussian,60.000000,1.000000,1000,10717757,10761750,10761794,58595,43993
fd8b44a07ad28,0,45384884,gaussian,60.000000,1.000000,1000,10761967,10807330,10807373,60422,45363
fd8b44a07ad28,0,45384884,gaussian,60.000000,1.000000,1000,10807618,10852491,10852533,59766,44873
fd8b44a07ad28,0,45384884,gaussian,60.000000,1.000000,1000,10852692,10898975,10899017,61652,46283
fd8b44a07ad28,0,45384884,gaussian,60.000000,1.000000,1000,10899181,10944528,10944570,60397,45347
fd8b44a07ad28,0,45384884,gaussian,60.000000,1.000000,1000,10944723,10988824,10988866,58740,44101
fd8b44a07ad28,0,45384884,gaussian,60.000000,1.000000,1000,10989020,11034718,11034757,60867,45698
fd8b44a07ad28,0,45384884,gaussian,60.000000,1.000000,1000,11034916,11079794,11079885,59501,44878
fd8b44a07ad28,0,45384884,gaussian,60.000000,1.000000,1000,11080247,11123860,11123899,58075,43613
fd8b44a07ad28,0,45384884,gaussian,60.000000,1.000000,1000,11124088,11170138,11170180,61331,46050
fd8b44a07ad28,0,45384884,gaussian,60.000000,1.000000,1000,11170382,11215078,11215120,59525,44696
fd8b44a07ad28,0,45384884,gaussian,60.000000,1.000000,1000,11215277,11259631,11259673,59075,44354
fd8b44a07ad28,0,45384884,gaussian,60.000000,1.000000,1000,11259877,11304403,11304446,59309,44526
fd8b44a07ad28,0,45384884,gaussian,60.000000,1.000000,1000,11304597,11349008,11349052,59156,44411
fd8b44a07ad28,0,45384884,gaussian,60.000000,1.000000,1000,11349229,11394081,11394123,59744,44852
fd8b44a07ad28,0,45384884,gaussian,60.000000,1.000000,1000,11394332,11439769,11439811,60524,45437
fd8b44a07ad28,0,45384884,gaussian,60.000000,1.000000,1000,11439986,11485517,11485559,60649,45531
fd8b44a07ad28,0,45384884,gaussian,60.000000,1.000000,1000,11485740,11531536,11531580,61003,45796
fd8b44a07ad28,0,45384884,gaussian,60.000000,1.000000,1000,11531781,11576786,11576826,59945,45005
fd8b44a07ad28,0,45384884,gaussian,60.000000,1.000000,1000,11577010,11622549,11622589,60656,45539
fd8b44a07ad28,0,45384884,gaussian,60.000000,1.000000,1000,11622778,11667781,11667823,59944,45003
fd8b44a07ad28,0,45384884,gaussian,60.000000,1.000000,1000,11668046,11714609,11714652,62024,46563
fd8b44a07ad28,0,45384884,gaussian,60.000000,1.000000,1000,11714811,11759906,11759948,60059,45095
fd8b44a07ad28,0,45384884,gaussian,60.000000,1.000000,1000,11760110,11805665,11805708,60683,45555
fd8b44a07ad28,0,45384884,gaussian,60.000000,1.000000,1000,11805864,11849949,11849991,58719,44085
fd8b44a07ad28,0,45384884,gaussian,60.000000,1.000000,1000,11850154,11895273,11895317,60097,45119
fd8b44a07ad28,0,45384884,gaussian,60.000000,1.000000,1000,11897596,11944036,11944128,61856,46440
fd8b44a07ad28,0,45384884,gaussian,60.000000,1.000000,1000,11944293,11988913,11988953,59429,44620
fd8b44a07ad28,0,45384884,gaussian,60.000000,1.000000,1000,11989117,12033253,12033295,58787,44136
fd8b44a07ad28,0,45384884,gaussian,60.000000,1.000000,1000,12033453,12077627,12077733,58525,44174
fd8b44a07ad28,0,45384884,gaussian,60.000000,1.000000,1000,12078160,12122049,12122091,58439,43889
fd8b44a07ad28,0,45384884,gaussian,60.000000,1.000000,1000,12122245,12166941,12166981,59524,44696
fd8b44a07ad28,0,45384884,gaussian,60.000000,1.000000,1000,12167143,12213541,12213583,61803,46398
fd8b44a07ad28,0,45384884,gaussian,60.000000,1.000000,1000,12213765,12258158,12258200,59126,44393
fd8b44a07ad28,0,45384884,gaussian,60.000000,1.000000,1000,12258383,12304115,12304157,60912,45732
fd8b44a07ad28,0,45384884,gaussian,60.000000,1.000000,1000,12304320,12348799,12348841,59246,44479
fd8b44a07ad28,0,45384884,gaussian,60.000000,1.000000,1000,12348998,12394011,12394053,59952,45013
fd8b44a07ad28,0,45384884,gaussian,60.000000,1.000000,1000,12394215,12440714,12440756,61937,46499
fd8b44a07ad28,0,45384884,gaussian,60.000000,1.000000,1000,12440910,12485403,12485445,59264,44493
fd8b44a07ad28,0,45384884,gaussian,60.000000,1.000000,1000,12485656,12530837,12530880,60177,45181
fd8b44a07ad28,0,45384884,gaussian,60.000000,1.000000,1000,12531078,12576784,12576826,60877,45706
fd8b44a07ad28,0,45384884,gaussian,60.000000,1.000000,1000,12577005,12622077,12622118,60036,45072
fd8b44a07ad28,0,45384884,gaussian,60.000000,1.000000,1000,12622330,12669306,12669345,62571,46976
fd8b44a07ad28,0,45384884,gaussian,60.000000,1.000000,1000,12669533,12714251,12714295,59562,44718
fd8b44a07ad28,0,45384884,gaussian,60.000000,1.000000,1000,12714468,12758978,12759021,59289,44510
fd8b44a07ad28,0,45384884,gaussian,60.000000,1.000000,1000,12759217,12804444,12804488,60245,45227
fd8b44a07ad28,0,45384884,gaussian,60.000000,1.000000,1000,12804667,12850891,12850935,61562,46224
fd8b44a07ad28,0,45384884,gaussian,60.000000,1.000000,1000,12851103,12895153,12895197,58675,44050
fd8b44a07ad28,0,45384884,gaussian,60.000000,1.000000,1000,12895354,12940065,12940107,59551,44711
fd8b44a07ad28,0,45384884,gaussian,60.000000,1.000000,1000,12940286,12985348,12985390,60023,45062
fd8b44a07ad28,0,45384884,gaussian,60.000000,1.000000,1000,12985549,13029796,13029837,58932,44247
fd8b44a07ad28,0,45384884,gaussian,60.000000,1.000000,1000,13030103,13077434,13077537,62734,47331
fd8b44a07ad28,0,45384884,gaussian,60.000000,1.000000,1000,13077921,13123407,13123449,60583,45486
fd8b44a07ad28,0,45384884,gaussian,60.000000,1.000000,1000,13123705,13168177,13168219,59230,44472
fd8b44a07ad28,0,45384884,gaussian,60.000000,1.000000,1000,13168372,13212455,13212499,58717,44083
fd8b44a07ad28,0,45384884,gaussian,60.000000,1.000000,1000,13212663,13258242,13258283,60706,45579
fd8b44a07ad28,0,45384884,gaussian,60.000000,1.000000,1000,13258465,13304598,13304641,61442,46133
fd8b44a07ad28,0,45384884,gaussian,60.000000,1.000000,1000,13304803,13349264,13349307,59221,44461
fd8b44a07ad28,0,45384884,gaussian,60.000000,1.000000,1000,13349465,13395238,13395281,60966,45773
fd8b44a07ad28,0,45384884,gaussian,60.000000,1.000000,1000,13395432,13440012,13440053,59374,44580
fd8b44a07ad28,0,45384884,gaussian,60.000000,1.000000,1000,13440212,13485642,13485684,60511,45430
fd8b44a07ad28,0,45384884,gaussian,60.000000,1.000000,1000,13485851,13532056,13532098,61541,46205
fd8b44a07ad28,0,45384884,gaussian,60.000000,1.000000,1000,13532259,13577305,13577348,59990,45046
fd8b44a07ad28,0,45384884,gaussian,60.000000,1.000000,1000,13577499,13623189,13623232,60851,45690
fd8b44a07ad28,0,45384884,gaussian,60.000000,1.000000,1000,13623414,13668317,13668357,59813,44903
fd8b44a07ad28,0,45384884,gaussian,60.000000,1.000000,1000,13668551,13714131,13714175,60707,45580
fd8b44a07ad28,0,45384884,gaussian,60.000000,1.000000,1000,13714334,13759471,13759515,60127,45137
fd8b44a07ad28,0,45384884,gaussian,60.000000,1.000000,1000,13759681,13806030,13806072,61739,46349
fd8b44a07ad28,0,45384884,gaussian,60.000000,1.000000,1000,13806234,13851989,13852031,60952,45755
fd8b44a07ad28,0,45384884,gaussian,60.000000,1.000000,1000,13852255,13897741,13897784,60589,45486
fd8b44a07ad28,0,45384884,gaussian,60.000000,1.000000,1000,13897935,13943693,13943733,60940,45758
fd8b44a07ad28,0,45384884,gaussian,60.000000,1.000000,1000,13943925,13990063,13990100,61453,46138
fd8b44a07ad28,0,45384884,gaussian,60.000000,1.000000,1000,13990254,14034531,14034566,58974,44277
fd8b44a07ad28,0,45384884,gaussian,60.000000,1.000000,1000,14034770,14079713,14079812,59589,44943
fd8b44a07ad28,0,45384884,gaussian,60.000000,1.000000,1000,14080157,14126388,14126425,61578,46231
fd8b44a07ad28,0,45384884,gaussian,60.000000,1.000000,1000,14126657,14172137,14172172,60585,45480
fd8b44a07ad28,0,45384884,gaussian,60.000000,1.000000,1000,14172337,14218776,14218815,61860,46439
fd8b44a07ad28,0,45384884,gaussian,60.000000,1.000000,1000,14218998,14263850,14263888,59745,44852
fd8b44a07ad28,0,45384884,gaussian,60.000000,1.000000,1000,14264077,14307769,14307808,58193,43692
fd8b44a07ad28,0,45384884,gaussian,60.000000,1.000000,1000,14307971,14354893,14354937,62498,46922
fd8b44a07ad28,0,45384884,gaussian,60.000000,1.000000,1000,14355091,14399678,14399718,59391,44587
fd8b44a07ad28,0,45384884,gaussian,60.000000,1.000000,1000,14399934,14444861,14444903,59839,44927
fd8b44a07ad28,0,45384884,gaussian,60.000000,1.000000,1000,14445067,14489811,14489855,59601,44744
fd8b44a07ad28,0,45384884,gaussian,60.000000,1.000000,1000,14490015,14535045,14535088,59973,45030
fd8b44a07ad28,0,45384884,gaussian,60.000000,1.000000,1000,14535245,14579237,14579277,58600,43992
fd8b44a07ad28,0,45384884,gaussian,60.000000,1.000000,1000,14579440,14623417,14623459,58575,43977
fd8b44a07ad28,0,45384884,gaussian,60.000000,1.000000,1000,14623625,14669572,14669614,61203,45947
fd8b44a07ad28,0,45384884,gaussian,60.000000,1.000000,1000,14669770,14715344,14715384,60702,45574
fd8b44a07ad28,0,45384884,gaussian,60.000000,1.000000,1000,14715542,14760727,14760769,60182,45185
fd8b44a07ad28,0,45384884,gaussian,60.000000,1.000000,1000,14760945,14804578,14804622,58120,43633
fd8b44a07ad28,0,45384884,gaussian,60.000000,1.000000,1000,14804774,14850072,14850114,60333,45298
fd8b44a07ad28,0,45384884,gaussian,60.000000,1.000000,1000,14850268,14894567,14894611,59009,44299
fd8b44a07ad28,0,45384884,gaussian,60.000000,1.000000,1000,14894769,14939636,14939680,59759,44867
fd8b44a07ad28,0,45384884,gaussian,60.000000,1.000000,1000,14939841,14984902,14984946,60019,45061
fd8b44a07ad28,0,45384884,gaussian,60.000000,1.000000,1000,14985146,15030935,15030979,60986,45789
fd8b44a07ad28,0,45384884,gaussian,60.000000,1.000000,1000,15031145,15075912,15076007,59357,44767
fd8b44a07ad28,0,45384884,gaussian,60.000000,1.000000,1000,15076370,15121884,15121926,60623,45514
fd8b44a07ad28,0,45384884,gaussian,60.000000,1.000000,1000,15122132,15167602,15167646,60568,45470
fd8b44a07ad28,0,45384884,gaussian,60.000000,1.000000,1000,15167805,15213268,15213312,60552,45463
fd8b44a07ad28,0,45384884,gaussian,60.000000,1.000000,1000,15213477,15258463,15258505,59920,44986
fd8b44a07ad28,0,45384884,gaussian,60.000000,1.000000,1000,15258687,15303281,15303323,59395,44594
fd8b44a07ad28,0,45384884,gaussian,60.000000,1.000000,1000,15303490,15348332,15348374,59731,44842
fd8b44a07ad28,0,45384884,gaussian,60.000000,1.000000,1000,15348537,15394074,15394118,60660,45537
fd8b44a07ad28,0,45384884,gaussian,60.000000,1.000000,1000,15394347,15439434,15439478,60053,45087
fd8b44a07ad28,0,45384884,gaussian,60.000000,1.000000,1000,15439631,15483877,15483919,58932,44246
fd8b44a07ad28,0,45384884,gaussian,60.000000,1.000000,1000,15484077,15529159,15529201,60046,45082
fd8b44a07ad28,0,45384884,gaussian,60.000000,1.000000,1000,15529362,15574208,15574252,59731,44846
fd8b44a07ad28,0,45384884,gaussian,60.000000,1.000000,1000,15574417,15619263,15619305,59732,44846
fd8b44a07ad28,0,45384884,gaussian,60.000000,1.000000,1000,15619467,15663702,15663743,58921,44235
fd8b44a07ad28,0,45384884,gaussian,60.000000,1.000000,1000,15663898,15710621,15710662,62234,46723
fd8b44a07ad28,0,45384884,gaussian,60.000000,1.000000,1000,15710819,15756566,15756608,60937,45747
fd8b44a07ad28,0,45384884,gaussian,60.000000,1.000000,1000,15756777,15801812,15801854,59990,45035
fd8b44a07ad28,0,45384884,gaussian,60.000000,1.000000,1000,15802015,15846999,15847043,59921,44984
fd8b44a07ad28,0,45384884,gaussian,60.000000,1.000000,1000,15847252,15891922,15891964,59495,44670
fd8b44a07ad28,0,45384884,gaussian,60.000000,1.000000,1000,15892120,15936880,15936924,59618,44760
fd8b44a07ad28,0,45384884,gaussian,60.000000,1.000000,1000,15937087,15982490,15982533,60479,45403
fd8b44a07ad28,0,45384884,gaussian,60.000000,1.000000,1000,15982732,16025964,16026007,57581,43232
fd8b44a07ad28,0,45384884,gaussian,60.000000,1.000000,1000,16026160,16070753,16070852,59121,44593
fd8b44a07ad28,0,45384884,gaussian,60.000000,1.000000,1000,16071224,16115759,16115801,59323,44535
fd8b44a07ad28,0,45384884,gaussian,60.000000,1.000000,1000,16115971,16162277,16162320,61684,46306
fd8b44a07ad28,0,45384884,gaussian,60.000000,1.000000,1000,16162528,16208175,16208217,60804,45647
fd8b44a07ad28,0,45384884,gaussian,60.000000,1.000000,1000,16208425,16252642,16252683,58900,44217
fd8b44a07ad28,0,45384884,gaussian,60.000000,1.000000,1000,16252864,16297760,16297800,59793,44896
fd8b44a07ad28,0,45384884,gaussian,60.000000,1.000000,1000,16298009,16343371,16343413,60419,45362
fd8b44a07ad28,0,45384884,gaussian,60.000000,1.000000,1000,16343587,16388589,16388632,59945,45002
fd8b44a07ad28,0,45384884,gaussian,60.000000,1.000000,1000,16388799,16434995,16435039,61530,46196
fd8b44a07ad28,0,45384884,gaussian,60.000000,1.000000,1000,16435210,16480071,16480115,59758,44861
fd8b44a07ad28,0,45384884,gaussian,60.000000,1.000000,1000,16480267,16525532,16525574,60287,45265
fd8b44a07ad28,0,45384884,gaussian,60.000000,1.000000,1000,16525846,16572184,16572228,61726,46338
fd8b44a07ad28,0,45384884,gaussian,60.000000,1.000000,1000,16574697,16618188,16618281,57926,43491
fd8b44a07ad28,0,45384884,gaussian,60.000000,1.000000,1000,16618498,16664384,16664428,61119,45886
fd8b44a07ad28,0,45384884,gaussian,60.000000,1.000000,1000,16664613,16708382,16708426,58293,43769
fd8b44a07ad28,0,45384884,gaussian,60.000000,1.000000,1000,16708577,16754231,16754275,60812,45654
fd8b44a07ad28,0,45384884,gaussian,60.000000,1.000000,1000,16754451,16799394,16799437,59861,44943
fd8b44a07ad28,0,45384884,gaussian,60.000000,1.000000,1000,16799609,16843988,16844030,59113,44379
fd8b44a07ad28,0,45384884,gaussian,60.000000,1.000000,1000,16844183,16888728,16888772,59332,44545
fd8b44a07ad28,0,45384884,gaussian,60.000000,1.000000,1000,16889028,16933661,16933704,59455,44633
fd8b44a07ad28,0,45384884,gaussian,60.000000,1.000000,1000,16933897,16978234,16978276,59057,44337
fd8b44a07ad28,0,45384884,gaussian,60.000000,1.000000,1000,16978462,17023548,17023592,60050,45086
fd8b44a07ad28,0,45384884,gaussian,60.000000,1.000000,1000,17023749,17068829,17068922,59771,45080
fd8b44a07ad28,0,45384884,gaussian,60.000000,1.000000,1000,17069309,17115306,17115348,61266,45997
fd8b44a07ad28,0,45384884,gaussian,60.000000,1.000000,1000,17115521,17160682,17160722,60154,45161
fd8b44a07ad28,0,45384884,gaussian,60.000000,1.000000,1000,17160878,17207676,17207717,62344,46798
fd8b44a07ad28,0,45384884,gaussian,60.000000,1.000000,1000,17207880,17253396,17253436,60620,45516
fd8b44a07ad28,0,45384884,gaussian,60.000000,1.000000,1000,17253611,17299131,17299175,60629,45520
fd8b44a07ad28,0,45384884,gaussian,60.000000,1.000000,1000,17299334,17344164,17344206,59712,44830
fd8b44a07ad28,0,45384884,gaussian,60.000000,1.000000,1000,17344368,17389248,17389290,59771,44880
fd8b44a07ad28,0,45384884,gaussian,60.000000,1.000000,1000,17389472,17434231,17434275,59620,44759
fd8b44a07ad28,0,45384884,gaussian,60.000000,1.000000,1000,17434441,17479042,17479083,59410,44601
fd8b44a07ad28,0,45384884,gaussian,60.000000,1.000000,1000,17479245,17524290,17524333,59994,45045
fd8b44a07ad28,0,45384884,gaussian,60.000000,1.000000,1000,17524540,17569217,17569260,59507,44677
fd8b44a07ad28,0,45384884,gaussian,60.000000,1.000000,1000,17569419,17614840,17614882,60501,45421
fd8b44a07ad28,0,45384884,gaussian,60.000000,1.000000,1000,17615084,17660637,17660681,60680,45553
fd8b44a07ad28,0,45384884,gaussian,60.000000,1.000000,1000,17660873,17704850,17704891,58568,43977
fd8b44a07ad28,0,45384884,gaussian,60.000000,1.000000,1000,17705047,17749406,17749449,59085,44359
fd8b44a07ad28,0,45384884,gaussian,60.000000,1.000000,1000,17749603,17794156,17794196,59339,44553
fd8b44a07ad28,0,45384884,gaussian,60.000000,1.000000,1000,17794472,17839540,17839583,60035,45068
fd8b44a07ad28,0,45384884,gaussian,60.000000,1.000000,1000,17839766,17882841,17882884,57370,43075
fd8b44a07ad28,0,45384884,gaussian,60.000000,1.000000,1000,17883046,17927964,17928007,59827,44918
fd8b44a07ad28,0,45384884,gaussian,60.000000,1.000000,1000,17928163,17973600,17973644,60528,45437
fd8b44a07ad28,0,45384884,gaussian,60.000000,1.000000,1000,17973857,18017640,18017683,58315,43783
fd8b44a07ad28,0,45384884,gaussian,60.000000,1.000000,1000,18017848,18062469,18062564,59150,44621
fd8b44a07ad28,0,45384884,gaussian,60.000000,1.000000,1000,18062924,18108753,18108795,61046,45829
fd8b44a07ad28,0,45384884,gaussian,60.000000,1.000000,1000,18109050,18154255,18154297,60214,45205
fd8b44a07ad28,0,45384884,gaussian,60.000000,1.000000,1000,18154470,18200109,18200151,60785,45639
fd8b44a07ad28,0,45384884,gaussian,60.000000,1.000000,1000,18200314,18246544,18246587,61579,46230
fd8b44a07ad28,0,45384884,gaussian,60.000000,1.000000,1000,18246768,18291594,18291638,59702,44826
fd8b44a07ad28,0,45384884,gaussian,60.000000,1.000000,1000,18291856,18336891,18336934,59991,45035
fd8b44a07ad28,0,45384884,gaussian,60.000000,1.000000,1000,18337085,18381573,18381615,59252,44488
fd8b44a07ad28,0,45384884,gaussian,60.000000,1.000000,1000,18381842,18426855,18426897,59954,45013
fd8b44a07ad28,0,45384884,gaussian,60.000000,1.000000,1000,18427063,18470829,18470869,58292,43766
fd8b44a07ad28,0,45384884,gaussian,60.000000,1.000000,1000,18471034,18516565,18516605,60645,45531
fd8b44a07ad28,0,45384884,gaussian,60.000000,1.000000,1000,18516765,18561853,18561895,60051,45088
fd8b44a07ad28,0,45384884,gaussian,60.000000,1.000000,1000,18562088,18606908,18606950,59696,44820
fd8b44a07ad28,0,45384884,gaussian,60.000000,1.000000,1000,18607148,18651459,18651498,59015,44311
fd8b44a07ad28,0,45384884,gaussian,60.000000,1.000000,1000,18651667,18696654,18696689,59915,44987
fd8b44a07ad28,0,45384884,gaussian,60.000000,1.000000,1000,18696894,18741365,18741399,59230,44471
fd8b44a07ad28,0,45384884,gaussian,60.000000,1.000000,1000,18741577,18785454,18785493,58440,43877
fd8b44a07ad28,0,45384884,gaussian,60.000000,1.000000,1000,18785662,18831634,18831678,61232,45972
fd8b44a07ad28,0,45384884,gaussian,60.000000,1.000000,1000,18831842,18876478,18876518,59454,44636
fd8b44a07ad28,0,45384884,gaussian,60.000000,1.000000,1000,18876696,18922352,18922390,60810,45656
fd8b44a07ad28,0,45384884,gaussian,60.000000,1.000000,1000,18922551,18966730,18966767,58837,44179
fd8b44a07ad28,0,45384884,gaussian,60.000000,1.000000,1000,18966938,19011341,19011377,59141,44403
fd8b44a07ad28,0,45384884,gaussian,60.000000,1.000000,1000,19011538,19056435,19056531,59522,44897
fd8b44a07ad28,0,45384884,gaussian,60.000000,1.000000,1000,19056892,19101285,19101329,59128,44393
fd8b44a07ad28,0,45384884,gaussian,60.000000,1.000000,1000,19101541,19146319,19146363,59643,44778
fd8b44a07ad28,0,45384884,gaussian,60.000000,1.000000,1000,19146529,19191591,19191633,60023,45062
fd8b44a07ad28,0,45384884,gaussian,60.000000,1.000000,1000,19191803,19236231,19236274,59169,44428
fd8b44a07ad28,0,45384884,gaussian,60.000000,1.000000,1000,19236471,19281709,19281751,60260,45238
fd8b44a07ad28,0,45384884,gaussian,60.000000,1.000000,1000,19281906,19326684,19326725,59646,44778
fd8b44a07ad28,0,45384884,gaussian,60.000000,1.000000,1000,19326879,19371749,19371793,59769,44870
fd8b44a07ad28,0,45384884,gaussian,60.000000,1.000000,1000,19371958,19416987,19417031,59971,45029
fd8b44a07ad28,0,45384884,gaussian,60.000000,1.000000,1000,19417189,19461869,19461911,59503,44680
fd8b44a07ad28,0,45384884,gaussian,60.000000,1.000000,1000,19462076,19508672,19508715,62065,46596
fd8b44a07ad28,0,45384884,gaussian,60.000000,1.000000,1000,19508898,19553902,19553944,59951,45004
fd8b44a07ad28,0,45384884,gaussian,60.000000,1.000000,1000,19554103,19599366,19599410,60286,45263
fd8b44a07ad28,0,45384884,gaussian,60.000000,1.000000,1000,19599580,19644460,19644503,59780,44880
fd8b44a07ad28,0,45384884,gaussian,60.000000,1.000000,1000,19644654,19689349,19689393,59525,44695
fd8b44a07ad28,0,45384884,gaussian,60.000000,1.000000,1000,19689556,19734600,19734640,60003,45044
fd8b44a07ad28,0,45384884,gaussian,60.000000,1.000000,1000,19734803,19779288,19779331,59251,44485
fd8b44a07ad28,0,45384884,gaussian,60.000000,1.000000,1000,19779488,19823632,19823675,58794,44144
fd8b44a07ad28,0,45384884,gaussian,60.000000,1.000000,1000,19823825,19868221,19868263,59125,44396
fd8b44a07ad28,0,45384884,gaussian,60.000000,1.000000,1000,19868430,19913610,19913652,60179,45180
fd8b44a07ad28,0,45384884,gaussian,60.000000,1.000000,1000,19913839,19957575,19957616,58249,43736
fd8b44a07ad28,0,45384884,gaussian,60.000000,1.000000,1000,19957779,20002583,20002624,59670,44804
fd8b44a07ad28,0,45384884,gaussian,60.000000,1.000000,1000,20002790,20047008,20047049,58900,44218
fd8b44a07ad28,0,45384884,gaussian,60.000000,1.000000,1000,20047213,20092607,20092702,60202,45394
fd8b44a07ad28,0,45384884,gaussian,60.000000,1.000000,1000,20093059,20137917,20137960,59750,44858
fd8b44a07ad28,0,45384884,gaussian,60.000000,1.000000,1000,20138168,20184090,20184130,61169,45922
fd8b44a07ad28,0,45384884,gaussian,60.000000,1.000000,1000,20184286,20229080,20229122,59661,44794
fd8b44a07ad28,0,45384884,gaussian,60.000000,1.000000,1000,20229278,20272927,20272970,58137,43649
fd8b44a07ad28,0,45384884,gaussian,60.000000,1.000000,1000,20273174,20318202,20318245,59971,45028
fd8b44a07ad28,0,45384884,gaussian,60.000000,1.000000,1000,20318416,20363720,20363762,60339,45304
fd8b44a07ad28,0,45384884,gaussian,60.000000,1.000000,1000,20363919,20408379,20408423,59211,44460
fd8b44a07ad28,0,45384884,gaussian,60.000000,1.000000,1000,20408594,20452865,20452905,58961,44271
fd8b44a07ad28,0,45384884,gaussian,60.000000,1.000000,1000,20453082,20498170,20498213,60058,45088
fd8b44a07ad28,0,45384884,gaussian,60.000000,1.000000,1000,20498365,20544170,20544214,61008,45805
fd8b44a07ad28,0,45384884,gaussian,60.000000,1.000000,1000,20544373,20589062,20589102,59516,44689
fd8b44a07ad28,0,45384884,gaussian,60.000000,1.000000,1000,20589303,20634557,20634599,60279,45254
fd8b44a07ad28,0,45384884,gaussian,60.000000,1.000000,1000,20634757,20679035,20679078,58969,44278
fd8b44a07ad28,0,45384884,gaussian,60.000000,1.000000,1000,20679240,20724688,20724728,60530,45448
fd8b44a07ad28,0,45384884,gaussian,60.000000,1.000000,1000,20724889,20769800,20769843,59817,44911
fd8b44a07ad28,0,45384884,gaussian,60.000000,1.000000,1000,20770001,20814211,20814253,58882,44210
fd8b44a07ad28,0,45384884,gaussian,60.000000,1.000000,1000,20814415,20859997,20860036,60710,45582
fd8b44a07ad28,0,45384884,gaussian,60.000000,1.000000,1000,20860198,20905521,20905560,60368,45323
fd8b44a07ad28,0,45384884,gaussian,60.000000,1.000000,1000,20905724,20950182,20950226,59213,44458
fd8b44a07ad28,0,45384884,gaussian,60.000000,1.000000,1000,20950451,20994813,20994853,59079,44362
fd8b44a07ad28,0,45384884,gaussian,60.000000,1.000000,1000,20995067,21039043,21039084,58575,43976
fd8b44a07ad28,0,45384884,gaussian,60.000000,1.000000,1000,21039274,21083939,21084032,59216,44665
fd8b44a07ad28,0,45384884,gaussian,60.000000,1.000000,1000,21084382,21130004,21130044,60766,45622
fd8b44a07ad28,0,45384884,gaussian,60.000000,1.000000,1000,21130281,21176705,21176747,61837,46424
fd8b44a07ad28,0,45384884,gaussian,60.000000,1.000000,1000,21178998,21223753,21223842,59612,44755
fd8b44a07ad28,0,45384884,gaussian,60.000000,1.000000,1000,21223995,21268632,21268675,59450,44637
fd8b44a07ad28,0,45384884,gaussian,60.000000,1.000000,1000,21268839,21314518,21314560,60846,45679
fd8b44a07ad28,0,45384884,gaussian,60.000000,1.000000,1000,21314727,21360432,21360474,60879,45705
fd8b44a07ad28,0,45384884,gaussian,60.000000,1.000000,1000,21360680,21404648,21404691,58566,43968
fd8b44a07ad28,0,45384884,gaussian,60.000000,1.000000,1000,21404841,21449210,21449252,59096,44369
fd8b44a07ad28,0,45384884,gaussian,60.000000,1.000000,1000,21449421,21493623,21493666,58870,44202
fd8b44a07ad28,0,45384884,gaussian,60.000000,1.000000,1000,21493817,21538536,21538578,59569,44719
fd8b44a07ad28,0,45384884,gaussian,60.000000,1.000000,1000,21538740,21583450,21583492,59550,44710
fd8b44a07ad28,0,45384884,gaussian,60.000000,1.000000,1000,21583665,21629412,21629452,60935,45747
fd8b44a07ad28,0,45384884,gaussian,60.000000,1.000000,1000,21629606,21675152,21675195,60664,45546
fd8b44a07ad28,0,45384884,gaussian,60.000000,1.000000,1000,21675365,21720480,21720523,60091,45115
fd8b44a07ad28,0,45384884,gaussian,60.000000,1.000000,1000,21720694,21765074,21765117,59103,44380
fd8b44a07ad28,0,45384884,gaussian,60.000000,1.000000,1000,21765271,21811311,21811351,61326,46040
fd8b44a07ad28,0,45384884,gaussian,60.000000,1.000000,1000,21811551,21856913,21856957,60424,45362
fd8b44a07ad28,0,45384884,gaussian,60.000000,1.000000,1000,21857107,21903080,21903123,61234,45973
fd8b44a07ad28,0,45384884,gaussian,60.000000,1.000000,1000,21903282,21947585,21947627,59011,44303
fd8b44a07ad28,0,45384884,gaussian,60.000000,1.000000,1000,21947795,21993093,21993135,60330,45298
fd8b44a07ad28,0,45384884,gaussian,60.000000,1.000000,1000,21993287,22037387,22037431,58743,44100
fd8b44a07ad28,0,45384884,gaussian,60.000000,1.000000,1000,22037582,22081598,22081697,58350,44016
fd8b44a07ad28,0,45384884,gaussian,60.000000,1.000000,1000,22082109,22127307,22127347,60198,45198
fd8b44a07ad28,0,45384884,gaussian,60.000000,1.000000,1000,22127563,22171112,22171155,58007,43549
fd8b44a07ad28,0,45384884,gaussian,60.000000,1.000000,1000,22171363,22216858,22216901,60602,45495
fd8b44a07ad28,0,45384884,gaussian,60.000000,1.000000,1000,22217073,22262831,22262874,60951,45758
fd8b44a07ad28,0,45384884,gaussian,60.000000,1.000000,1000,22263038,22309521,22309561,61914,46483
fd8b44a07ad28,0,45384884,gaussian,60.000000,1.000000,1000,22309747,22354226,22354268,59242,44479
fd8b44a07ad28,0,45384884,gaussian,60.000000,1.000000,1000,22354424,22399312,22399355,59784,44888
fd8b44a07ad28,0,45384884,gaussian,60.000000,1.000000,1000,22399518,22444503,22444547,59917,44985
fd8b44a07ad28,0,45384884,gaussian,60.000000,1.000000,1000,22444715,22489936,22489978,60235,45221
fd8b44a07ad28,0,45384884,gaussian,60.000000,1.000000,1000,22490194,22535963,22536007,60964,45769
fd8b44a07ad28,0,45384884,gaussian,60.000000,1.000000,1000,22536163,22581456,22581499,60332,45293
fd8b44a07ad28,0,45384884,gaussian,60.000000,1.000000,1000,22581656,22626101,22626144,59191,44445
fd8b44a07ad28,0,45384884,gaussian,60.000000,1.000000,1000,22626304,22670775,22670818,59224,44471
fd8b44a07ad28,0,45384884,gaussian,60.000000,1.000000,1000,22670980,22717093,22717135,61427,46113
fd8b44a07ad28,0,45384884,gaussian,60.000000,1.000000,1000,22717331,22762236,22762277,59815,44905
fd8b44a07ad28,0,45384884,gaussian,60.000000,1.000000,1000,22762476,22807115,22807154,59458,44639
fd8b44a07ad28,0,45384884,gaussian,60.000000,1.000000,1000,22807319,22851421,22851462,58736,44102
fd8b44a07ad28,0,45384884,gaussian,60.000000,1.000000,1000,22851624,22896460,22896503,59715,44836
fd8b44a07ad28,0,45384884,gaussian,60.000000,1.000000,1000,22896682,22943213,22943255,61978,46531
fd8b44a07ad28,0,45384884,gaussian,60.000000,1.000000,1000,22943438,22988400,22988444,59890,44962
fd8b44a07ad28,0,45384884,gaussian,60.000000,1.000000,1000,22988609,23034491,23034532,61111,45882
fd8b44a07ad28,0,45384884,gaussian,60.000000,1.000000,1000,23034722,23080768,23080863,61050,46046
fd8b44a07ad28,0,45384884,gaussian,60.000000,1.000000,1000,23081234,23125886,23125930,59479,44652
fd8b44a07ad28,0,45384884,gaussian,60.000000,1.000000,1000,23126084,23170963,23171006,59768,44879
fd8b44a07ad28,0,45384884,gaussian,60.000000,1.000000,1000,23171228,23215796,23215840,59359,44568
fd8b44a07ad28,0,45384884,gaussian,60.000000,1.000000,1000,23216050,23261179,23261219,60107,45129
fd8b44a07ad28,0,45384884,gaussian,60.000000,1.000000,1000,23261373,23307471,23307513,61400,46098
fd8b44a07ad28,0,45384884,gaussian,60.000000,1.000000,1000,23307667,23353448,23353490,60971,45781
fd8b44a07ad28,0,45384884,gaussian,60.000000,1.000000,1000,23353653,23397835,23397879,58845,44182
fd8b44a07ad28,0,45384884,gaussian,60.000000,1.000000,1000,23398039,23441832,23441873,58327,43793
fd8b44a07ad28,0,45384884,gaussian,60.000000,1.000000,1000,23442029,23487282,23487322,60274,45253
fd8b44a07ad28,0,45384884,gaussian,60.000000,1.000000,1000,23487526,23533307,23533351,60973,45781
fd8b44a07ad28,0,45384884,gaussian,60.000000,1.000000,1000,23533518,23577839,23577881,59035,44321
fd8b44a07ad28,0,45384884,gaussian,60.000000,1.000000,1000,23578034,23622016,23622060,58587,43982
fd8b44a07ad28,0,45384884,gaussian,60.000000,1.000000,1000,23622222,23667810,23667851,60719,45588
fd8b44a07ad28,0,45384884,gaussian,60.000000,1.000000,1000,23668014,23711665,23711707,58137,43651
fd8b44a07ad28,0,45384884,gaussian,60.000000,1.000000,1000,23711918,23756437,23756479,59294,44519
fd8b44a07ad28,0,45384884,gaussian,60.000000,1.000000,1000,23756680,23802034,23802076,60406,45354
fd8b44a07ad28,0,45384884,gaussian,60.000000,1.000000,1000,23802240,23846392,23846433,58811,44152
fd8b44a07ad28,0,45384884,gaussian,60.000000,1.000000,1000,23846695,23892108,23892152,60491,45413
fd8b44a07ad28,0,45384884,gaussian,60.000000,1.000000,1000,23892340,23937319,23937363,59912,44979
fd8b44a07ad28,0,45384884,gaussian,60.000000,1.000000,1000,23937529,23982601,23982644,60033,45072
fd8b44a07ad28,0,45384884,gaussian,60.000000,1.000000,1000,23982794,24027355,24027399,59351,44561
fd8b44a07ad28,0,45384884,gaussian,60.000000,1.000000,1000,24027550,24071777,24071894,58600,44227
fd8b44a07ad28,0,45384884,gaussian,60.000000,1.000000,1000,24072309,24117643,24117687,60381,45334
fd8b44a07ad28,0,45384884,gaussian,60.000000,1.000000,1000,24117851,24162143,24162187,58998,44292
fd8b44a07ad28,0,45384884,gaussian,60.000000,1.000000,1000,24162359,24207380,24207422,59962,45021
fd8b44a07ad28,0,45384884,gaussian,60.000000,1.000000,1000,24207573,24253203,24253246,60780,45630
fd8b44a07ad28,0,45384884,gaussian,60.000000,1.000000,1000,24253433,24298478,24298522,60000,45045
fd8b44a07ad28,0,45384884,gaussian,60.000000,1.000000,1000,24298673,24344034,24344077,60424,45361
fd8b44a07ad28,0,45384884,gaussian,60.000000,1.000000,1000,24344239,24389043,24389087,59674,44804
fd8b44a07ad28,0,45384884,gaussian,60.000000,1.000000,1000,24389247,24434335,24434376,60054,45088
fd8b44a07ad28,0,45384884,gaussian,60.000000,1.000000,1000,24434531,24479190,24479234,59491,44659
fd8b44a07ad28,0,45384884,gaussian,60.000000,1.000000,1000,24479413,24525061,24525103,60804,45648
fd8b44a07ad28,0,45384884,gaussian,60.000000,1.000000,1000,24525268,24572561,24572602,62988,47293
fd8b44a07ad28,0,45384884,gaussian,60.000000,1.000000,1000,24572773,24617528,24617570,59602,44755
fd8b44a07ad28,0,45384884,gaussian,60.000000,1.000000,1000,24617750,24662661,24662704,59824,44911
fd8b44a07ad28,0,45384884,gaussian,60.000000,1.000000,1000,24662856,24708370,24708412,60620,45514
fd8b44a07ad28,0,45384884,gaussian,60.000000,1.000000,1000,24708591,24752134,24752178,57997,43543
fd8b44a07ad28,0,45384884,gaussian,60.000000,1.000000,1000,24752332,24797813,24797855,60576,45481
fd8b44a07ad28,0,45384884,gaussian,60.000000,1.000000,1000,24798029,24842265,24842306,58923,44236
fd8b44a07ad28,0,45384884,gaussian,60.000000,1.000000,1000,24842562,24887966,24888006,60476,45404
fd8b44a07ad28,0,45384884,gaussian,60.000000,1.000000,1000,24888163,24932549,24932593,59112,44386
fd8b44a07ad28,0,45384884,gaussian,60.000000,1.000000,1000,24932754,24977020,24977064,58966,44266
fd8b44a07ad28,0,45384884,gaussian,60.000000,1.000000,1000,24977230,25022626,25022669,60464,45396
fd8b44a07ad28,0,45384884,gaussian,60.000000,1.000000,1000,25022832,25068749,25068848,60885,45917
fd8b44a07ad28,0,45384884,gaussian,60.000000,1.000000,1000,25069224,25113449,25113491,58905,44225
fd8b44a07ad28,0,45384884,gaussian,60.000000,1.000000,1000,25113655,25158458,25158502,59671,44803
fd8b44a07ad28,0,45384884,gaussian,60.000000,1.000000,1000,25158680,25203397,25203440,59559,44717
fd8b44a07ad28,0,45384884,gaussian,60.000000,1.000000,1000,25203601,25248755,25248797,60140,45154
fd8b44a07ad28,0,45384884,gaussian,60.000000,1.000000,1000,25248955,25293994,25294037,59988,45039
fd8b44a07ad28,0,45384884,gaussian,60.000000,1.000000,1000,25294193,25339182,25339222,59926,44989
fd8b44a07ad28,0,45384884,gaussian,60.000000,1.000000,1000,25339400,25384081,25384123,59508,44681
fd8b44a07ad28,0,45384884,gaussian,60.000000,1.000000,1000,25384285,25430179,25430222,61133,45894
fd8b44a07ad28,0,45384884,gaussian,60.000000,1.000000,1000,25430378,25475373,25475415,59926,44995
fd8b44a07ad28,0,45384884,gaussian,60.000000,1.000000,1000,25475582,25521263,25521305,60849,45681
fd8b44a07ad28,0,45384884,gaussian,60.000000,1.000000,1000,25521511,25565797,25565841,58982,44286
fd8b44a07ad28,0,45384884,gaussian,60.000000,1.000000,1000,25566021,25611569,25611611,60666,45548
fd8b44a07ad28,0,45384884,gaussian,60.000000,1.000000,1000,25611761,25657068,25657110,60344,45307
fd8b44a07ad28,0,45384884,gaussian,60.000000,1.000000,1000,25657269,25702146,25702190,59778,44877
fd8b44a07ad28,0,45384884,gaussian,60.000000,1.000000,1000,25702354,25746847,25746890,59267,44493
fd8b44a07ad28,0,45384884,gaussian,60.000000,1.000000,1000,25747043,25792540,25792581,60599,45497
fd8b44a07ad28,0,45384884,gaussian,60.000000,1.000000,1000,25792781,25838525,25838568,60932,45744
fd8b44a07ad28,0,45384884,gaussian,60.000000,1.000000,1000,25840871,25886008,25886101,60123,45137
fd8b44a07ad28,0,45384884,gaussian,60.000000,1.000000,1000,25886261,25931281,25931323,59965,45020
fd8b44a07ad28,0,45384884,gaussian,60.000000,1.000000,1000,25931473,25974983,25975027,57949,43510
fd8b44a07ad28,0,45384884,gaussian,60.000000,1.000000,1000,25975190,26020761,26020803,60704,45571
fd8b44a07ad28,0,45384884,gaussian,60.000000,1.000000,1000,26020972,26066981,26067080,61017,46009
fd8b44a07ad28,0,45384884,gaussian,60.000000,1.000000,1000,26067447,26113029,26113071,60704,45582
fd8b44a07ad28,0,45384884,gaussian,60.000000,1.000000,1000,26113222,26158369,26158411,60131,45147
fd8b44a07ad28,0,45384884,gaussian,60.000000,1.000000,1000,26158582,26203805,26203847,60233,45223
fd8b44a07ad28,0,45384884,gaussian,60.000000,1.000000,1000,26204009,26248544,26248588,59318,44535
fd8b44a07ad28,0,45384884,gaussian,60.000000,1.000000,1000,26248744,26293766,26293805,59961,45022
fd8b44a07ad28,0,45384884,gaussian,60.000000,1.000000,1000,26293965,26338918,26338960,59876,44953
fd8b44a07ad28,0,45384884,gaussian,60.000000,1.000000,1000,26339135,26383202,26383245,58692,44067
fd8b44a07ad28,0,45384884,gaussian,60.000000,1.000000,1000,26383406,26428360,26428402,59873,44954
fd8b44a07ad28,0,45384884,gaussian,60.000000,1.000000,1000,26428612,26473213,26473257,59404,44601
fd8b44a07ad28,0,45384884,gaussian,60.000000,1.000000,1000,26473422,26519035,26519077,60760,45613
fd8b44a07ad28,0,45384884,gaussian,60.000000,1.000000,1000,26519243,26563511,26563554,58964,44268
fd8b44a07ad28,0,45384884,gaussian,60.000000,1.000000,1000,26563800,26610273,26610317,61903,46473
fd8b44a07ad28,0,45384884,gaussian,60.000000,1.000000,1000,26610475,26656698,26656742,61563,46223
fd8b44a07ad28,0,45384884,gaussian,60.000000,1.000000,1000,26656894,26701787,26701831,59799,44893
fd8b44a07ad28,0,45384884,gaussian,60.000000,1.000000,1000,26702002,26748375,26748418,61772,46373
fd8b44a07ad28,0,45384884,gaussian,60.000000,1.000000,1000,26748600,26794106,26794149,60608,45506
fd8b44a07ad28,0,45384884,gaussian,60.000000,1.000000,1000,26794309,26838677,26838719,59092,44368
fd8b44a07ad28,0,45384884,gaussian,60.000000,1.000000,1000,26838872,26884343,26884387,60567,45471
fd8b44a07ad28,0,45384884,gaussian,60.000000,1.000000,1000,26884539,26931005,26931046,61897,46466
fd8b44a07ad28,0,45384884,gaussian,60.000000,1.000000,1000,26931218,26976231,26976275,59952,45013
fd8b44a07ad28,0,45384884,gaussian,60.000000,1.000000,1000,26976425,27022188,27022230,60955,45763
fd8b44a07ad28,0,45384884,gaussian,60.000000,1.000000,1000,27022391,27068573,27068669,61247,46182
fd8b44a07ad28,0,45384884,gaussian,60.000000,1.000000,1000,27069039,27113959,27114002,59827,44920
fd8b44a07ad28,0,45384884,gaussian,60.000000,1.000000,1000,27114167,27157399,27157443,57578,43232
fd8b44a07ad28,0,45384884,gaussian,60.000000,1.000000,1000,27157602,27201880,27201921,58971,44278
fd8b44a07ad28,0,45384884,gaussian,60.000000,1.000000,1000,27202083,27247305,27247346,60235,45222
fd8b44a07ad28,0,45384884,gaussian,60.000000,1.000000,1000,27247513,27291925,27291967,59152,44412
fd8b44a07ad28,0,45384884,gaussian,60.000000,1.000000,1000,27292118,27336377,27336420,58951,44259
fd8b44a07ad28,0,45384884,gaussian,60.000000,1.000000,1000,27336594,27381681,27381725,60055,45087
fd8b44a07ad28,0,45384884,gaussian,60.000000,1.000000,1000,27381923,27427010,27427053,60052,45087
fd8b44a07ad28,0,45384884,gaussian,60.000000,1.000000,1000,27427210,27472055,27472097,59732,44845
fd8b44a07ad28,0,45384884,gaussian,60.000000,1.000000,1000,27472292,27517794,27517837,60613,45502
fd8b44a07ad28,0,45384884,gaussian,60.000000,1.000000,1000,27518003,27562714,27562757,59556,44711
fd8b44a07ad28,0,45384884,gaussian,60.000000,1.000000,1000,27562930,27607566,27607609,59456,44636
fd8b44a07ad28,0,45384884,gaussian,60.000000,1.000000,1000,27607772,27653535,27653579,60960,45763
fd8b44a07ad28,0,45384884,gaussian,60.000000,1.000000,1000,27653750,27698079,27698119,59037,44329
fd8b44a07ad28,0,45384884,gaussian,60.000000,1.000000,1000,27698313,27745380,27745422,62692,47067
fd8b44a07ad28,0,45384884,gaussian,60.000000,1.000000,1000,27745577,27790808,27790850,60239,45231
fd8b44a07ad28,0,45384884,gaussian,60.000000,1.000000,1000,27791078,27838371,27838410,62997,47293
fd8b44a07ad28,0,45384884,gaussian,60.000000,1.000000,1000,27838596,27883664,27883707,60028,45068
fd8b44a07ad28,0,45384884,gaussian,60.000000,1.000000,1000,27883893,27928880,27928924,59920,44987
fd8b44a07ad28,0,45384884,gaussian,60.000000,1.000000,1000,27929075,27975399,27975441,61703,46324
fd8b44a07ad28,0,45384884,gaussian,60.000000,1.000000,1000,27975649,28019842,28019884,58865,44193
fd8b44a07ad28,0,45384884,gaussian,60.000000,1.000000,1000,28020037,28065044,28065138,59677,45007
fd8b44a07ad28,0,45384884,gaussian,60.000000,1.000000,1000,28065485,28110148,28110192,59486,44663
fd8b44a07ad28,0,45384884,gaussian,60.000000,1.000000,1000,28110350,28155606,28155648,60276,45256
fd8b44a07ad28,0,45384884,gaussian,60.000000,1.000000,1000,28155811,28201005,28201048,60203,45194
fd8b44a07ad28,0,45384884,gaussian,60.000000,1.000000,1000,28201219,28245946,28245989,59572,44727
fd8b44a07ad28,0,45384884,gaussian,60.000000,1.000000,1000,28246169,28292862,28292904,62197,46693
fd8b44a07ad28,0,45384884,gaussian,60.000000,1.000000,1000,28293060,28337346,28337390,58989,44286
fd8b44a07ad28,0,45384884,gaussian,60.000000,1.000000,1000,28337597,28382165,28382209,59369,44568
fd8b44a07ad28,0,45384884,gaussian,60.000000,1.000000,1000,28382380,28425890,28425934,57946,43510
fd8b44a07ad28,0,45384884,gaussian,60.000000,1.000000,1000,28426129,28471374,28471418,60259,45245
fd8b44a07ad28,0,45384884,gaussian,60.000000,1.000000,1000,28471569,28515997,28516040,59175,44428
fd8b44a07ad28,0,45384884,gaussian,60.000000,1.000000,1000,28516200,28561594,28561638,60465,45394
fd8b44a07ad28,0,45384884,gaussian,60.000000,1.000000,1000,28561791,28606471,28606513,59504,44680
fd8b44a07ad28,0,45384884,gaussian,60.000000,1.000000,1000,28606723,28653154,28653252,61692,46431
fd8b44a07ad28,0,45384884,gaussian,60.000000,1.000000,1000,28653596,28698422,28698466,59706,44826
fd8b44a07ad28,0,45384884,gaussian,60.000000,1.000000,1000,28698629,28743809,28743851,60180,45180
fd8b44a07ad28,0,45384884,gaussian,60.000000,1.000000,1000,28744020,28789000,28789042,59907,44980
fd8b44a07ad28,0,45384884,gaussian,60.000000,1.000000,1000,28789196,28835361,28835404,61486,46165
fd8b44a07ad28,0,45384884,gaussian,60.000000,1.000000,1000,28835555,28880659,28880703,60070,45104
fd8b44a07ad28,0,45384884,gaussian,60.000000,1.000000,1000,28880855,28926629,28926669,60963,45774
fd8b44a07ad28,0,45384884,gaussian,60.000000,1.000000,1000,28926869,28972156,28972200,60317,45287
fd8b44a07ad28,0,45384884,gaussian,60.000000,1.000000,1000,28972382,29016851,29016891,59230,44469
fd8b44a07ad28,0,45384884,gaussian,60.000000,1.000000,1000,29017056,29061891,29061989,59440,44835
fd8b44a07ad28,0,45384884,gaussian,60.000000,1.000000,1000,29062360,29107110,29107152,59608,44750
fd8b44a07ad28,0,45384884,gaussian,60.000000,1.000000,1000,29107334,29152503,29152546,60161,45169
fd8b44a07ad28,0,45384884,gaussian,60.000000,1.000000,1000,29152707,29198245,29198287,60650,45538
fd8b44a07ad28,0,45384884,gaussian,60.000000,1.000000,1000,29198440,29243635,29243677,60200,45195
fd8b44a07ad28,0,45384884,gaussian,60.000000,1.000000,1000,29243968,29288830,29288873,59753,44862
fd8b44a07ad28,0,45384884,gaussian,60.000000,1.000000,1000,29289036,29333795,29333839,59614,44759
fd8b44a07ad28,0,45384884,gaussian,60.000000,1.000000,1000,29333990,29379319,29379363,60376,45329
fd8b44a07ad28,0,45384884,gaussian,60.000000,1.000000,1000,29379529,29424868,29424908,60389,45339
fd8b44a07ad28,0,45384884,gaussian,60.000000,1.000000,1000,29425063,29469782,29469824,59560,44719
fd8b44a07ad28,0,45384884,gaussian,60.000000,1.000000,1000,29470040,29515413,29515455,60429,45373
fd8b44a07ad28,0,45384884,gaussian,60.000000,1.000000,1000,29515617,29561789,29561832,61497,46172
fd8b44a07ad28,0,45384884,gaussian,60.000000,1.000000,1000,29561982,29605358,29605402,57770,43376
fd8b44a07ad28,0,45384884,gaussian,60.000000,1.000000,1000,29605600,29650284,29650328,59515,44684
fd8b44a07ad28,0,45384884,gaussian,60.000000,1.000000,1000,29650489,29696478,29696519,61254,45989
fd8b44a07ad28,0,45384884,gaussian,60.000000,1.000000,1000,29696743,29741363,29741405,59431,44620
fd8b44a07ad28,0,45384884,gaussian,60.000000,1.000000,1000,29741556,29787303,29787347,60928,45747
fd8b44a07ad28,0,45384884,gaussian,60.000000,1.000000,1000,29787498,29832569,29832609,60029,45071
fd8b44a07ad28,0,45384884,gaussian,60.000000,1.000000,1000,29832816,29879032,29879075,61557,46216
fd8b44a07ad28,0,45384884,gaussian,60.000000,1.000000,1000,29879238,29923006,29923050,58300,43768
fd8b44a07ad28,0,45384884,gaussian,60.000000,1.000000,1000,29923202,29967378,29967422,58843,44176
fd8b44a07ad28,0,45384884,gaussian,60.000000,1.000000,1000,29967586,30012266,30012309,59508,44680
fd8b44a07ad28,0,45384884,gaussian,60.000000,1.000000,1000,30012473,30056895,30056993,58896,44422
fd8b44a07ad28,0,45384884,gaussian,60.000000,1.000000,1000,30057346,30101049,30101092,58201,43703
fd8b44a07ad28,0,45384884,gaussian,60.000000,1.000000,1000,30101259,30145993,30146037,59582,44734
fd8b44a07ad28,0,45384884,gaussian,60.000000,1.000000,1000,30146202,30191943,30191983,60924,45741
fd8b44a07ad28,0,45384884,gaussian,60.000000,1.000000,1000,30192200,30237193,30237235,59933,44993
fd8b44a07ad28,0,45384884,gaussian,60.000000,1.000000,1000,30237437,30282096,30282138,59488,44659
fd8b44a07ad28,0,45384884,gaussian,60.000000,1.000000,1000,30282304,30326772,30326813,59233,44468
fd8b44a07ad28,0,45384884,gaussian,60.000000,1.000000,1000,30327016,30373087,30373129,61369,46071
fd8b44a07ad28,0,45384884,gaussian,60.000000,1.000000,1000,30373286,30418124,30418166,59728,44838
fd8b44a07ad28,0,45384884,gaussian,60.000000,1.000000,1000,30418339,30463811,30463853,60563,45472
fd8b44a07ad28,0,45384884,gaussian,60.000000,1.000000,1000,30464065,30508548,30508592,59248,44483
fd8b44a07ad28,0,45384884,gaussian,60.000000,1.000000,1000,30508755,30554394,30554437,60787,45639
fd8b44a07ad28,0,45384884,gaussian,60.000000,1.000000,1000,30554587,30600384,30600428,61004,45797
fd8b44a07ad28,0,45384884,gaussian,60.000000,1.000000,1000,30600580,30645919,30645962,60387,45339
fd8b44a07ad28,0,45384884,gaussian,60.000000,1.000000,1000,30646123,30692173,30692216,61340,46050
fd8b44a07ad28,0,45384884,gaussian,60.000000,1.000000,1000,30692471,30738626,30738668,61477,46155
fd8b44a07ad28,0,45384884,gaussian,60.000000,1.000000,1000,30738824,30783108,30783152,58982,44284
fd8b44a07ad28,0,45384884,gaussian,60.000000,1.000000,1000,30783407,30828411,30828454,59942,45004
fd8b44a07ad28,0,45384884,gaussian,60.000000,1.000000,1000,30828604,30874019,30874063,60493,45415
fd8b44a07ad28,0,45384884,gaussian,60.000000,1.000000,1000,30874213,30919676,30919719,60551,45463
fd8b44a07ad28,0,45384884,gaussian,60.000000,1.000000,1000,30919872,30964408,30964450,59312,44536
fd8b44a07ad28,0,45384884,gaussian,60.000000,1.000000,1000,30964613,31009465,31009507,59743,44852
fd8b44a07ad28,0,45384884,gaussian,60.000000,1.000000,1000,31009660,31054601,31054700,59547,44941
fd8b44a07ad28,0,45384884,gaussian,60.000000,1.000000,1000,31055591,31098972,31099011,57772,43381
fd8b44a07ad28,0,45384884,gaussian,60.000000,1.000000,1000,31099162,31144749,31144792,60724,45587
fd8b44a07ad28,0,45384884,gaussian,60.000000,1.000000,1000,31145012,31191248,31191292,61591,46236
fd8b44a07ad28,0,45384884,gaussian,60.000000,1.000000,1000,31191543,31236085,31236127,59328,44542
fd8b44a07ad28,0,45384884,gaussian,60.000000,1.000000,1000,31236358,31280593,31280633,58923,44235
fd8b44a07ad28,0,45384884,gaussian,60.000000,1.000000,1000,31280822,31325323,31325366,59273,44501
fd8b44a07ad28,0,45384884,gaussian,60.000000,1.000000,1000,31325548,31371254,31371296,60882,45706
fd8b44a07ad28,0,45384884,gaussian,60.000000,1.000000,1000,31371466,31416161,31416205,59531,44695
fd8b44a07ad28,0,45384884,gaussian,60.000000,1.000000,1000,31416390,31461885,31461928,60601,45495
fd8b44a07ad28,0,45384884,gaussian,60.000000,1.000000,1000,31462079,31507500,31507544,60499,45421
fd8b44a07ad28,0,45384884,gaussian,60.000000,1.000000,1000,31507703,31552664,31552706,59883,44961
fd8b44a07ad28,0,45384884,gaussian,60.000000,1.000000,1000,31552914,31597610,31597652,59536,44696
fd8b44a07ad28,0,45384884,gaussian,60.000000,1.000000,1000,31597808,31642326,31642368,59289,44518
fd8b44a07ad28,0,45384884,gaussian,60.000000,1.000000,1000,31642600,31686914,31686954,59015,44314
fd8b44a07ad28,0,45384884,gaussian,60.000000,1.000000,1000,31687165,31732621,31732663,60542,45456
fd8b44a07ad28,0,45384884,gaussian,60.000000,1.000000,1000,31732819,31777739,31777781,59832,44920
fd8b44a07ad28,0,45384884,gaussian,60.000000,1.000000,1000,31777942,31822782,31822824,59728,44840
fd8b44a07ad28,0,45384884,gaussian,60.000000,1.000000,1000,31822979,31868367,31868409,60448,45388
fd8b44a07ad28,0,45384884,gaussian,60.000000,1.000000,1000,31868612,31914296,31914338,60841,45684
fd8b44a07ad28,0,45384884,gaussian,60.000000,1.000000,1000,31914519,31958309,31958351,58322,43790
fd8b44a07ad28,0,45384884,gaussian,60.000000,1.000000,1000,31958516,32004874,32004914,61741,46358
fd8b44a07ad28,0,45384884,gaussian,60.000000,1.000000,1000,32005093,32050147,32050190,60004,45054
fd8b44a07ad28,0,45384884,gaussian,60.000000,1.000000,1000,32050434,32095342,32095441,59543,44908
fd8b44a07ad28,0,45384884,gaussian,60.000000,1.000000,1000,32095808,32138195,32138239,56459,42387
fd8b44a07ad28,0,45384884,gaussian,60.000000,1.000000,1000,32138390,32184063,32184105,60835,45673
fd8b44a07ad28,0,45384884,gaussian,60.000000,1.000000,1000,32184263,32229902,32229945,60783,45639
fd8b44a07ad28,0,45384884,gaussian,60.000000,1.000000,1000,32230154,32276775,32276818,62105,46621
fd8b44a07ad28,0,45384884,gaussian,60.000000,1.000000,1000,32276969,32321671,32321715,59541,44702
fd8b44a07ad28,0,45384884,gaussian,60.000000,1.000000,1000,32321993,32366702,32366746,59555,44709
fd8b44a07ad28,0,45384884,gaussian,60.000000,1.000000,1000,32366921,32412292,32412334,60434,45371
fd8b44a07ad28,0,45384884,gaussian,60.000000,1.000000,1000,32412503,32457172,32457216,59500,44669
fd8b44a07ad28,0,45384884,gaussian,60.000000,1.000000,1000,32457367,32502272,32502313,59804,44905
fd8b44a07ad28,0,45384884,gaussian,60.000000,1.000000,1000,32502504,32546514,32546551,58614,44010
fd8b44a07ad28,0,45384884,gaussian,60.000000,1.000000,1000,32546708,32592071,32592108,60422,45363
fd8b44a07ad28,0,45384884,gaussian,60.000000,1.000000,1000,32592264,32636976,32637014,59550,44712
fd8b44a07ad28,0,45384884,gaussian,60.000000,1.000000,1000,32637196,32681967,32682002,59624,44771
fd8b44a07ad28,0,45384884,gaussian,60.000000,1.000000,1000,32682192,32727108,32727146,59829,44916
fd8b44a07ad28,0,45384884,gaussian,60.000000,1.000000,1000,32727315,32772769,32772806,60547,45454
fd8b44a07ad28,0,45384884,gaussian,60.000000,1.000000,1000,32773006,32817853,32817888,59732,44847
fd8b44a07ad28,0,45384884,gaussian,60.000000,1.000000,1000,32818051,32862672,32862711,59435,44621
fd8b44a07ad28,0,45384884,gaussian,60.000000,1.000000,1000,32862892,32906977,32907019,58718,44085
fd8b44a07ad28,0,45384884,gaussian,60.000000,1.000000,1000,32907186,32952447,32952491,60289,45261
fd8b44a07ad28,0,45384884,gaussian,60.000000,1.000000,1000,32952656,32997250,32997292,59395,44594
fd8b44a07ad28,0,45384884,gaussian,60.000000,1.000000,1000,32997445,33040847,33040890,57799,43402
fd8b44a07ad28,0,45384884,gaussian,60.000000,1.000000,1000,33041043,33086234,33086346,59874,45191
fd8b44a07ad28,0,45384884,gaussian,60.000000,1.000000,1000,33086734,33131531,33131571,59662,44797
fd8b44a07ad28,0,45384884,gaussian,60.000000,1.000000,1000,33131762,33178186,33178228,61838,46424
fd8b44a07ad28,0,45384884,gaussian,60.000000,1.000000,1000,33178394,33223288,33223330,59793,44894
fd8b44a07ad28,0,45384884,gaussian,60.000000,1.000000,1000,33223490,33268821,33268862,60380,45331
fd8b44a07ad28,0,45384884,gaussian,60.000000,1.000000,1000,33269046,33312188,33312232,57460,43142
fd8b44a07ad28,0,45384884,gaussian,60.000000,1.000000,1000,33312389,33358002,33358044,60759,45613
fd8b44a07ad28,0,45384884,gaussian,60.000000,1.000000,1000,33358210,33402663,33402703,59208,44453
fd8b44a07ad28,0,45384884,gaussian,60.000000,1.000000,1000,33402882,33447684,33447727,59675,44802
fd8b44a07ad28,0,45384884,gaussian,60.000000,1.000000,1000,33447890,33491320,33491364,57844,43430
fd8b44a07ad28,0,45384884,gaussian,60.000000,1.000000,1000,33491521,33536090,33536132,59365,44569
fd8b44a07ad28,0,45384884,gaussian,60.000000,1.000000,1000,33536341,33581541,33581585,60204,45200
fd8b44a07ad28,0,45384884,gaussian,60.000000,1.000000,1000,33581756,33626241,33626283,59253,44485
fd8b44a07ad28,0,45384884,gaussian,60.000000,1.000000,1000,33626451,33671473,33671515,59961,45022
fd8b44a07ad28,0,45384884,gaussian,60.000000,1.000000,1000,33671671,33716291,33716334,59432,44620
fd8b44a07ad28,0,45384884,gaussian,60.000000,1.000000,1000,33716485,33760780,33760822,58991,44295
fd8b44a07ad28,0,45384884,gaussian,60.000000,1.000000,1000,33760975,33806362,33806405,60459,45387
fd8b44a07ad28,0,45384884,gaussian,60.000000,1.000000,1000,33806566,33851154,33851196,59390,44588
fd8b44a07ad28,0,45384884,gaussian,60.000000,1.000000,1000,33851360,33896062,33896104,59542,44702
fd8b44a07ad28,0,45384884,gaussian,60.000000,1.000000,1000,33896271,33941884,33941927,60754,45613
fd8b44a07ad28,0,45384884,gaussian,60.000000,1.000000,1000,33942086,33988459,33988501,61767,46373
fd8b44a07ad28,0,45384884,gaussian,60.000000,1.000000,1000,33988670,34033848,34033892,60175,45178
fd8b44a07ad28,0,45384884,gaussian,60.000000,1.000000,1000,34034044,34079546,34079643,60332,45502
fd8b44a07ad28,0,45384884,gaussian,60.000000,1.000000,1000,34079992,34125857,34125899,61094,45865
fd8b44a07ad28,0,45384884,gaussian,60.000000,1.000000,1000,34126085,34171957,34171998,61101,45872
fd8b44a07ad28,0,45384884,gaussian,60.000000,1.000000,1000,34172156,34217337,34217379,60171,45181
fd8b44a07ad28,0,45384884,gaussian,60.000000,1.000000,1000,34217543,34261385,34261425,58394,43842
fd8b44a07ad28,0,45384884,gaussian,60.000000,1.000000,1000,34261589,34307512,34307556,61170,45923
fd8b44a07ad28,0,45384884,gaussian,60.000000,1.000000,1000,34307726,34353365,34353408,60794,45639
fd8b44a07ad28,0,45384884,gaussian,60.000000,1.000000,1000,34353562,34398992,34399032,60508,45430
fd8b44a07ad28,0,45384884,gaussian,60.000000,1.000000,1000,34399193,34444040,34444082,59737,44847
fd8b44a07ad28,0,45384884,gaussian,60.000000,1.000000,1000,34444246,34490061,34490103,61024,45815
fd8b44a07ad28,0,45384884,gaussian,60.000000,1.000000,1000,34490303,34534857,34534897,59346,44554
fd8b44a07ad28,0,45384884,gaussian,60.000000,1.000000,1000,34535066,34580336,34580380,60295,45270
fd8b44a07ad28,0,45384884,gaussian,60.000000,1.000000,1000,34580583,34626657,34626699,61366,46074
fd8b44a07ad28,0,45384884,gaussian,60.000000,1.000000,1000,34626859,34671699,34671742,59721,44840
fd8b44a07ad28,0,45384884,gaussian,60.000000,1.000000,1000,34671908,34716609,34716652,59546,44701
fd8b44a07ad28,0,45384884,gaussian,60.000000,1.000000,1000,34716810,34762566,34762610,60939,45756
fd8b44a07ad28,0,45384884,gaussian,60.000000,1.000000,1000,34762777,34808509,34808551,60913,45732
fd8b44a07ad28,0,45384884,gaussian,60.000000,1.000000,1000,34808753,34854033,34854076,60305,45280
fd8b44a07ad28,0,45384884,gaussian,60.000000,1.000000,1000,34854302,34898844,34898886,59326,44542
fd8b44a07ad28,0,45384884,gaussian,60.000000,1.000000,1000,34899170,34944357,34944397,60191,45187
fd8b44a07ad28,0,45384884,gaussian,60.000000,1.000000,1000,34944569,34990558,34990601,61251,45989
fd8b44a07ad28,0,45384884,gaussian,60.000000,1.000000,1000,34990760,35036643,35036686,61109,45883
fd8b44a07ad28,0,45384884,gaussian,60.000000,1.000000,1000,35036907,35084303,35084397,62861,47396
fd8b44a07ad28,0,45384884,gaussian,60.000000,1.000000,1000,35084769,35129648,35129688,59772,44879
fd8b44a07ad28,0,45384884,gaussian,60.000000,1.000000,1000,35129851,35174287,35174330,59183,44436
fd8b44a07ad28,0,45384884,gaussian,60.000000,1.000000,1000,35174489,35219638,35219680,60134,45149
fd8b44a07ad28,0,45384884,gaussian,60.000000,1.000000,1000,35219833,35265629,35265671,60998,45796
fd8b44a07ad28,0,45384884,gaussian,60.000000,1.000000,1000,35265828,35310245,35310287,59163,44417
fd8b44a07ad28,0,45384884,gaussian,60.000000,1.000000,1000,35310452,35355531,35355573,60037,45079
fd8b44a07ad28,0,45384884,gaussian,60.000000,1.000000,1000,35355726,35400271,35400315,59327,44545
fd8b44a07ad28,0,45384884,gaussian,60.000000,1.000000,1000,35400468,35444613,35444655,58796,44145
fd8b44a07ad28,0,45384884,gaussian,60.000000,1.000000,1000,35444809,35491366,35491409,62017,46557
fd8b44a07ad28,0,45384884,gaussian,60.000000,1.000000,1000,35491600,35537202,35537246,60745,45602
fd8b44a07ad28,0,45384884,gaussian,60.000000,1.000000,1000,35537412,35581697,35581740,58984,44285
fd8b44a07ad28,0,45384884,gaussian,60.000000,1.000000,1000,35581949,35626417,35626460,59233,44468
fd8b44a07ad28,0,45384884,gaussian,60.000000,1.000000,1000,35626628,35671881,35671925,60273,45253
fd8b44a07ad28,0,45384884,gaussian,60.000000,1.000000,1000,35672124,35717796,35717839,60831,45672
fd8b44a07ad28,0,45384884,gaussian,60.000000,1.000000,1000,35718008,35762463,35762506,59213,44455
fd8b44a07ad28,0,45384884,gaussian,60.000000,1.000000,1000,35762667,35808005,35808049,60391,45338
fd8b44a07ad28,0,45384884,gaussian,60.000000,1.000000,1000,35808240,35851173,35851215,57184,42933
fd8b44a07ad28,0,45384884,gaussian,60.000000,1.000000,1000,35851423,35896008,35896051,59388,44585
fd8b44a07ad28,0,45384884,gaussian,60.000000,1.000000,1000,35896251,35941740,35941783,60588,45489
fd8b44a07ad28,0,45384884,gaussian,60.000000,1.000000,1000,35941977,35987072,35987114,60063,45095
fd8b44a07ad28,0,45384884,gaussian,60.000000,1.000000,1000,35987289,36032882,36032924,60733,45593
fd8b44a07ad28,0,45384884,gaussian,60.000000,1.000000,1000,36033086,36077625,36077723,59048,44539
fd8b44a07ad28,0,45384884,gaussian,60.000000,1.000000,1000,36078074,36122010,36122051,58512,43936
fd8b44a07ad28,0,45384884,gaussian,60.000000,1.000000,1000,36122216,36167799,36167840,60705,45583
fd8b44a07ad28,0,45384884,gaussian,60.000000,1.000000,1000,36168013,36213602,36213642,60724,45589
fd8b44a07ad28,0,45384884,gaussian,60.000000,1.000000,1000,36213806,36259779,36259822,61230,45973
fd8b44a07ad28,0,45384884,gaussian,60.000000,1.000000,1000,36260019,36305150,36305192,60115,45131
fd8b44a07ad28,0,45384884,gaussian,60.000000,1.000000,1000,36305357,36349767,36349807,59148,44410
fd8b44a07ad28,0,45384884,gaussian,60.000000,1.000000,1000,36349972,36394720,36394760,59593,44748
fd8b44a07ad28,0,45384884,gaussian,60.000000,1.000000,1000,36394922,36440134,36440176,60216,45212
fd8b44a07ad28,0,45384884,gaussian,60.000000,1.000000,1000,36440333,36486130,36486173,60996,45797
fd8b44a07ad28,0,45384884,gaussian,60.000000,1.000000,1000,36486347,36531294,36531337,59869,44947
fd8b44a07ad28,0,45384884,gaussian,60.000000,1.000000,1000,36531516,36577539,36577581,61295,46023
fd8b44a07ad28,0,45384884,gaussian,60.000000,1.000000,1000,36577770,36622399,36622443,59443,44629
fd8b44a07ad28,0,45384884,gaussian,60.000000,1.000000,1000,36622595,36666627,36666670,58646,44032
fd8b44a07ad28,0,45384884,gaussian,60.000000,1.000000,1000,36666925,36711979,36712021,60014,45054
fd8b44a07ad28,0,45384884,gaussian,60.000000,1.000000,1000,36712180,36757118,36757160,59859,44938
fd8b44a07ad28,0,45384884,gaussian,60.000000,1.000000,1000,36757367,36801869,36801911,59277,44502
fd8b44a07ad28,0,45384884,gaussian,60.000000,1.000000,1000,36802072,36847326,36847370,60278,45254
fd8b44a07ad28,0,45384884,gaussian,60.000000,1.000000,1000,36847533,36893172,36893214,60794,45639
fd8b44a07ad28,0,45384884,gaussian,60.000000,1.000000,1000,36893397,36938490,36938533,60065,45093
fd8b44a07ad28,0,45384884,gaussian,60.000000,1.000000,1000,36938695,36983747,36983789,60006,45052
fd8b44a07ad28,0,45384884,gaussian,60.000000,1.000000,1000,36983941,37028212,37028254,58963,44271
fd8b44a07ad28,0,45384884,gaussian,60.000000,1.000000,1000,37028452,37073750,37073842,60060,45298
fd8b44a07ad28,0,45384884,gaussian,60.000000,1.000000,1000,37074191,37119063,37119103,59761,44872
fd8b44a07ad28,0,45384884,gaussian,60.000000,1.000000,1000,37119302,37164547,37164585,60262,45245
fd8b44a07ad28,0,45384884,gaussian,60.000000,1.000000,1000,37164743,37211182,37211221,61860,46439
fd8b44a07ad28,0,45384884,gaussian,60.000000,1.000000,1000,37211387,37256165,37256204,59638,44778
fd8b44a07ad28,0,45384884,gaussian,60.000000,1.000000,1000,37256358,37302030,37302066,60828,45672
fd8b44a07ad28,0,45384884,gaussian,60.000000,1.000000,1000,37302230,37347353,37347389,60097,45123
fd8b44a07ad28,0,45384884,gaussian,60.000000,1.000000,1000,37347588,37392794,37392829,60206,45206
fd8b44a07ad28,0,45384884,gaussian,60.000000,1.000000,1000,37392985,37438046,37438082,60022,45061
fd8b44a07ad28,0,45384884,gaussian,60.000000,1.000000,1000,37438247,37481924,37481962,58176,43677
fd8b44a07ad28,0,45384884,gaussian,60.000000,1.000000,1000,37482126,37526425,37526469,59011,44299
fd8b44a07ad28,0,45384884,gaussian,60.000000,1.000000,1000,37526623,37572187,37572230,60694,45564
fd8b44a07ad28,0,45384884,gaussian,60.000000,1.000000,1000,37572392,37616884,37616928,59265,44492
fd8b44a07ad28,0,45384884,gaussian,60.000000,1.000000,1000,37617085,37662241,37662283,60147,45156
fd8b44a07ad28,0,45384884,gaussian,60.000000,1.000000,1000,37662438,37706850,37706892,59157,44412
fd8b44a07ad28,0,45384884,gaussian,60.000000,1.000000,1000,37707047,37752741,37752785,60864,45694
fd8b44a07ad28,0,45384884,gaussian,60.000000,1.000000,1000,37752948,37798480,37798520,60646,45532
fd8b44a07ad28,0,45384884,gaussian,60.000000,1.000000,1000,37798699,37842101,37842144,57800,43402
fd8b44a07ad28,0,45384884,gaussian,60.000000,1.000000,1000,37842356,37887175,37887217,59697,44819
fd8b44a07ad28,0,45384884,gaussian,60.000000,1.000000,1000,37887420,37933002,37933045,60710,45582
fd8b44a07ad28,0,45384884,gaussian,60.000000,1.000000,1000,37933242,37977627,37977671,59123,44385
fd8b44a07ad28,0,45384884,gaussian,60.000000,1.000000,1000,37977834,38021986,38022027,58802,44152
fd8b44a07ad28,0,45384884,gaussian,60.000000,1.000000,1000,38022208,38068444,38068536,61317,46236
fd8b44a07ad28,0,45384884,gaussian,60.000000,1.000000,1000,38068911,38115174,38115216,61626,46263
fd8b44a07ad28,0,45384884,gaussian,60.000000,1.000000,1000,38115486,38159864,38159908,59114,44378
fd8b44a07ad28,0,45384884,gaussian,60.000000,1.000000,1000,38160102,38204972,38205015,59761,44870
fd8b44a07ad28,0,45384884,gaussian,60.000000,1.000000,1000,38205247,38249486,38249526,58915,44239
fd8b44a07ad28,0,45384884,gaussian,60.000000,1.000000,1000,38249731,38295160,38295202,60504,45429
fd8b44a07ad28,0,45384884,gaussian,60.000000,1.000000,1000,38295384,38340128,38340171,59601,44744
fd8b44a07ad28,0,45384884,gaussian,60.000000,1.000000,1000,38340352,38385345,38385387,59935,44993
fd8b44a07ad28,0,45384884,gaussian,60.000000,1.000000,1000,38385550,38429769,38429811,58898,44219
fd8b44a07ad28,0,45384884,gaussian,60.000000,1.000000,1000,38429964,38475268,38475311,60343,45304
fd8b44a07ad28,0,45384884,gaussian,60.000000,1.000000,1000,38475462,38519948,38519991,59248,44486
fd8b44a07ad28,0,45384884,gaussian,60.000000,1.000000,1000,38520143,38565714,38565758,60698,45571
fd8b44a07ad28,0,45384884,gaussian,60.000000,1.000000,1000,38565920,38611918,38611957,61271,45998
fd8b44a07ad28,0,45384884,gaussian,60.000000,1.000000,1000,38612113,38655246,38655288,57442,43133
fd8b44a07ad28,0,45384884,gaussian,60.000000,1.000000,1000,38655486,38700792,38700834,60351,45306
fd8b44a07ad28,0,45384884,gaussian,60.000000,1.000000,1000,38701015,38745685,38745729,59493,44670
fd8b44a07ad28,0,45384884,gaussian,60.000000,1.000000,1000,38745894,38791405,38791447,60624,45511
fd8b44a07ad28,0,45384884,gaussian,60.000000,1.000000,1000,38791620,38835688,38835729,58697,44068
fd8b44a07ad28,0,45384884,gaussian,60.000000,1.000000,1000,38835891,38880883,38880926,59935,44992
fd8b44a07ad28,0,45384884,gaussian,60.000000,1.000000,1000,38881087,38926581,38926625,60594,45494
fd8b44a07ad28,0,45384884,gaussian,60.000000,1.000000,1000,38926823,38971010,38971052,58856,44187
fd8b44a07ad28,0,45384884,gaussian,60.000000,1.000000,1000,38971254,39015030,39015071,58306,43776
fd8b44a07ad28,0,45384884,gaussian,60.000000,1.000000,1000,39015247,39059814,39059914,59080,44567
fd8b44a07ad28,0,45384884,gaussian,60.000000,1.000000,1000,39060271,39104164,39104206,58456,43893
fd8b44a07ad28,0,45384884,gaussian,60.000000,1.000000,1000,39104369,39150291,39150333,61162,45922
fd8b44a07ad28,0,45384884,gaussian,60.000000,1.000000,1000,39150500,39195355,39195395,59738,44855
fd8b44a07ad28,0,45384884,gaussian,60.000000,1.000000,1000,39195556,39241996,39242038,61862,46440
fd8b44a07ad28,0,45384884,gaussian,60.000000,1.000000,1000,39242207,39286735,39286776,59307,44528
fd8b44a07ad28,0,45384884,gaussian,60.000000,1.000000,1000,39286933,39331822,39331865,59785,44889
fd8b44a07ad28,0,45384884,gaussian,60.000000,1.000000,1000,39332129,39376528,39376572,59144,44399
fd8b44a07ad28,0,45384884,gaussian,60.000000,1.000000,1000,39376730,39421442,39421482,59545,44712
fd8b44a07ad28,0,45384884,gaussian,60.000000,1.000000,1000,39421638,39467918,39467961,61645,46280
fd8b44a07ad28,0,45384884,gaussian,60.000000,1.000000,1000,39468152,39513966,39514007,61024,45814
fd8b44a07ad28,0,45384884,gaussian,60.000000,1.000000,1000,39514163,39559359,39559401,60198,45196
fd8b44a07ad28,0,45384884,gaussian,60.000000,1.000000,1000,39559564,39605235,39605278,60838,45671
fd8b44a07ad28,0,45384884,gaussian,60.000000,1.000000,1000,39605429,39650658,39650700,60240,45229
fd8b44a07ad28,0,45384884,gaussian,60.000000,1.000000,1000,39650854,39696692,39696736,61057,45838
fd8b44a07ad28,0,45384884,gaussian,60.000000,1.000000,1000,39696896,39742635,39742677,60924,45739
fd8b44a07ad28,0,45384884,gaussian,60.000000,1.000000,1000,39742847,39788562,39788605,60888,45715
fd8b44a07ad28,0,45384884,gaussian,60.000000,1.000000,1000,39788767,39834548,39834591,60975,45781
fd8b44a07ad28,0,45384884,gaussian,60.000000,1.000000,1000,39834755,39878807,39878847,58669,44052
fd8b44a07ad28,0,45384884,gaussian,60.000000,1.000000,1000,39879012,39923648,39923692,59453,44636
fd8b44a07ad28,0,45384884,gaussian,60.000000,1.000000,1000,39923846,39970170,39970209,61709,46324
fd8b44a07ad28,0,45384884,gaussian,60.000000,1.000000,1000,39970375,40015880,40015924,60611,45505
fd8b44a07ad28,0,45384884,gaussian,60.000000,1.000000,1000,40016088,40061532,40061627,60250,45444
fd8b44a07ad28,0,45384884,gaussian,60.000000,1.000000,1000,40061977,40107381,40107422,60473,45404
fd8b44a07ad28,0,45384884,gaussian,60.000000,1.000000,1000,40107644,40153283,40153323,60795,45639
fd8b44a07ad28,0,45384884,gaussian,60.000000,1.000000,1000,40153481,40198000,40198042,59301,44519
fd8b44a07ad28,0,45384884,gaussian,60.000000,1.000000,1000,40198214,40244499,40244542,61652,46285
fd8b44a07ad28,0,45384884,gaussian,60.000000,1.000000,1000,40244716,40289840,40289880,60097,45124
fd8b44a07ad28,0,45384884,gaussian,60.000000,1.000000,1000,40290041,40334871,40334913,59710,44830
fd8b44a07ad28,0,45384884,gaussian,60.000000,1.000000,1000,40335167,40379385,40379425,58895,44218
fd8b44a07ad28,0,45384884,gaussian,60.000000,1.000000,1000,40379595,40424180,40424222,59380,44585
fd8b44a07ad28,0,45384884,gaussian,60.000000,1.000000,1000,40424420,40469625,40469668,60209,45205
fd8b44a07ad28,0,45384884,gaussian,60.000000,1.000000,1000,40469898,40514836,40514877,59851,44938
fd8b44a07ad28,0,45384884,gaussian,60.000000,1.000000,1000,40515058,40558692,40558734,58113,43634
fd8b44a07ad28,0,45384884,gaussian,60.000000,1.000000,1000,40558908,40603754,40603796,59730,44846
fd8b44a07ad28,0,45384884,gaussian,60.000000,1.000000,1000,40603953,40648125,40648167,58827,44172
fd8b44a07ad28,0,45384884,gaussian,60.000000,1.000000,1000,40648334,40694423,40694465,61392,46089
fd8b44a07ad28,0,45384884,gaussian,60.000000,1.000000,1000,40694623,40740080,40740120,60548,45457
fd8b44a07ad28,0,45384884,gaussian,60.000000,1.000000,1000,40740327,40784589,40784631,58956,44262
fd8b44a07ad28,0,45384884,gaussian,60.000000,1.000000,1000,40784794,40829088,40829130,58997,44294
fd8b44a07ad28,0,45384884,gaussian,60.000000,1.000000,1000,40829283,40875304,40875346,61301,46021
fd8b44a07ad28,0,45384884,gaussian,60.000000,1.000000,1000,40875505,40919323,40919363,58361,43818
fd8b44a07ad28,0,45384884,gaussian,60.000000,1.000000,1000,40919565,40964826,40964868,60282,45261
fd8b44a07ad28,0,45384884,gaussian,60.000000,1.000000,1000,40965035,41009629,41009671,59392,44594
fd8b44a07ad28,0,45384884,gaussian,60.000000,1.000000,1000,41009832,41055053,41055718,60073,45221
fd8b44a07ad28,0,45384884,gaussian,60.000000,1.000000,1000,41056106,41102095,41102137,61252,45989
fd8b44a07ad28,0,45384884,gaussian,60.000000,1.000000,1000,41102399,41148697,41148739,61669,46298
fd8b44a07ad28,0,45384884,gaussian,60.000000,1.000000,1000,41148916,41193655,41193697,59581,44739
fd8b44a07ad28,0,45384884,gaussian,60.000000,1.000000,1000,41193903,41238972,41239014,60029,45069
fd8b44a07ad28,0,45384884,gaussian,60.000000,1.000000,1000,41239204,41283231,41283273,58643,44027
fd8b44a07ad28,0,45384884,gaussian,60.000000,1.000000,1000,41283452,41329116,41329158,60818,45664
fd8b44a07ad28,0,45384884,gaussian,60.000000,1.000000,1000,41329320,41374865,41374909,60664,45545
fd8b44a07ad28,0,45384884,gaussian,60.000000,1.000000,1000,41375070,41419956,41419999,59781,44886
fd8b44a07ad28,0,45384884,gaussian,60.000000,1.000000,1000,41420151,41465290,41465330,60123,45139
fd8b44a07ad28,0,45384884,gaussian,60.000000,1.000000,1000,41465500,41510969,41511013,60570,45469
fd8b44a07ad28,0,45384884,gaussian,60.000000,1.000000,1000,41511212,41555815,41555858,59413,44603
fd8b44a07ad28,0,45384884,gaussian,60.000000,1.000000,1000,41556023,41601261,41601301,60248,45238
fd8b44a07ad28,0,45384884,gaussian,60.000000,1.000000,1000,41601531,41647827,41647870,61666,46296
fd8b44a07ad28,0,45384884,gaussian,60.000000,1.000000,1000,41648028,41694133,41694174,61418,46105
fd8b44a07ad28,0,45384884,gaussian,60.000000,1.000000,1000,41694339,41739121,41739161,59641,44782
fd8b44a07ad28,0,45384884,gaussian,60.000000,1.000000,1000,41739394,41783565,41783605,58831,44171
fd8b44a07ad28,0,45384884,gaussian,60.000000,1.000000,1000,41783852,41829583,41829620,60905,45731
fd8b44a07ad28,0,45384884,gaussian,60.000000,1.000000,1000,41829809,41874762,41874802,59875,44953
fd8b44a07ad28,0,45384884,gaussian,60.000000,1.000000,1000,41874967,41920422,41920464,60544,45455
fd8b44a07ad28,0,45384884,gaussian,60.000000,1.000000,1000,41920625,41965921,41965964,60333,45296
fd8b44a07ad28,0,45384884,gaussian,60.000000,1.000000,1000,41966139,42012128,42012171,61253,45989
fd8b44a07ad28,0,45384884,gaussian,60.000000,1.000000,1000,42012343,42057297,42057395,59599,44954
fd8b44a07ad28,0,45384884,gaussian,60.000000,1.000000,1000,42057774,42103033,42103076,60283,45259
fd8b44a07ad28,0,45384884,gaussian,60.000000,1.000000,1000,42103236,42147364,42147404,58772,44128
fd8b44a07ad28,0,45384884,gaussian,60.000000,1.000000,1000,42147559,42192026,42192068,59226,44467
fd8b44a07ad28,0,45384884,gaussian,60.000000,1.000000,1000,42192223,42236384,42236424,58819,44161
fd8b44a07ad28,0,45384884,gaussian,60.000000,1.000000,1000,42236642,42282723,42282767,61379,46081
fd8b44a07ad28,0,45384884,gaussian,60.000000,1.000000,1000,42282924,42327161,42327201,58917,44237
fd8b44a07ad28,0,45384884,gaussian,60.000000,1.000000,1000,42327363,42371882,42371924,59297,44519
fd8b44a07ad28,0,45384884,gaussian,60.000000,1.000000,1000,42372080,42418347,42418390,61621,46267
fd8b44a07ad28,0,45384884,gaussian,60.000000,1.000000,1000,42418548,42463979,42464022,60510,45431
fd8b44a07ad28,0,45384884,gaussian,60.000000,1.000000,1000,42464184,42508494,42508536,59012,44310
fd8b44a07ad28,0,45384884,gaussian,60.000000,1.000000,1000,42508687,42554265,42554309,60708,45578
fd8b44a07ad28,0,45384884,gaussian,60.000000,1.000000,1000,42554465,42598964,42599007,59276,44499
fd8b44a07ad28,0,45384884,gaussian,60.000000,1.000000,1000,42599208,42644436,42644478,60239,45228
fd8b44a07ad28,0,45384884,gaussian,60.000000,1.000000,1000,42644651,42690215,42690257,60693,45564
fd8b44a07ad28,0,45384884,gaussian,60.000000,1.000000,1000,42690428,42734764,42734807,59046,44336
fd8b44a07ad28,0,45384884,gaussian,60.000000,1.000000,1000,42735015,42779759,42779801,59599,44744
fd8b44a07ad28,0,45384884,gaussian,60.000000,1.000000,1000,42779973,42824502,42824542,59305,44529
fd8b44a07ad28,0,45384884,gaussian,60.000000,1.000000,1000,42824815,42870634,42870677,61037,45819
fd8b44a07ad28,0,45384884,gaussian,60.000000,1.000000,1000,42870888,42916007,42916051,60098,45119
fd8b44a07ad28,0,45384884,gaussian,60.000000,1.000000,1000,42916241,42960315,42960359,58702,44074
fd8b44a07ad28,0,45384884,gaussian,60.000000,1.000000,1000,42960511,43005432,43005473,59830,44921
fd8b44a07ad28,0,45384884,gaussian,60.000000,1.000000,1000,43005628,43051578,43051618,61202,45950
fd8b44a07ad28,0,45384884,gaussian,60.000000,1.000000,1000,43051773,43097342,43097439,60421,45569
fd8b44a07ad28,0,45384884,gaussian,60.000000,1.000000,1000,43097846,43142565,43142606,59559,44719
fd8b44a07ad28,0,45384884,gaussian,60.000000,1.000000,1000,43142769,43188809,43188849,61327,46040
fd8b44a07ad28,0,45384884,gaussian,60.000000,1.000000,1000,43189037,43234039,43234081,59938,45002
fd8b44a07ad28,0,45384884,gaussian,60.000000,1.000000,1000,43234346,43278756,43278798,59156,44410
fd8b44a07ad28,0,45384884,gaussian,60.000000,1.000000,1000,43278955,43325820,43325862,62429,46865
fd8b44a07ad28,0,45384884,gaussian,60.000000,1.000000,1000,43326027,43370910,43370954,59788,44883
fd8b44a07ad28,0,45384884,gaussian,60.000000,1.000000,1000,43371117,43416455,43416496,60383,45338
fd8b44a07ad28,0,45384884,gaussian,60.000000,1.000000,1000,43416706,43462790,43462830,61382,46084
fd8b44a07ad28,0,45384884,gaussian,60.000000,1.000000,1000,43462993,43508004,43508048,59960,45011
fd8b44a07ad28,0,45384884,gaussian,60.000000,1.000000,1000,43508226,43553781,43553824,60677,45555
fd8b44a07ad28,0,45384884,gaussian,60.000000,1.000000,1000,43553981,43599030,43599070,59998,45049
fd8b44a07ad28,0,45384884,gaussian,60.000000,1.000000,1000,43599272,43644865,43644907,60726,45593
fd8b44a07ad28,0,45384884,gaussian,60.000000,1.000000,1000,43645069,43690216,43690259,60136,45147
fd8b44a07ad28,0,45384884,gaussian,60.000000,1.000000,1000,43690410,43735916,43735955,60616,45506
fd8b44a07ad28,0,45384884,gaussian,60.000000,1.000000,1000,43736113,43781315,43781359,60204,45202
fd8b44a07ad28,0,45384884,gaussian,60.000000,1.000000,1000,43781606,43825706,43825748,58740,44100
fd8b44a07ad28,0,45384884,gaussian,60.000000,1.000000,1000,43825957,43870049,43870091,58728,44092
fd8b44a07ad28,0,45384884,gaussian,60.000000,1.000000,1000,43870260,43915078,43915121,59701,44818
fd8b44a07ad28,0,45384884,gaussian,60.000000,1.000000,1000,43915335,43960163,43960207,59704,44828
fd8b44a07ad28,0,45384884,gaussian,60.000000,1.000000,1000,43960371,44004487,44004531,58762,44116
fd8b44a07ad28,0,45384884,gaussian,60.000000,1.000000,1000,44004782,44050661,44050705,61116,45879
fd8b44a07ad28,0,45384884,gaussian,60.000000,1.000000,1000,44050885,44094590,44094706,57900,43705
fd8b44a07ad28,0,45384884,gaussian,60.000000,1.000000,1000,44095099,44140288,44140328,60188,45189
fd8b44a07ad28,0,45384884,gaussian,60.000000,1.000000,1000,44140485,44185498,44185537,59950,45013
fd8b44a07ad28,0,45384884,gaussian,60.000000,1.000000,1000,44185723,44230656,44230699,59853,44933
fd8b44a07ad28,0,45384884,gaussian,60.000000,1.000000,1000,44230856,44276128,44276170,60291,45272
fd8b44a07ad28,0,45384884,gaussian,60.000000,1.000000,1000,44276329,44320883,44320922,59343,44554
fd8b44a07ad28,0,45384884,gaussian,60.000000,1.000000,1000,44321077,44365412,44365454,59051,44335
fd8b44a07ad28,0,45384884,gaussian,60.000000,1.000000,1000,44365615,44411186,44411228,60704,45571
fd8b44a07ad28,0,45384884,gaussian,60.000000,1.000000,1000,44411429,44456659,44456703,60244,45230
fd8b44a07ad28,0,45384884,gaussian,60.000000,1.000000,1000,44456867,44501785,44501828,59832,44918
fd8b44a07ad28,0,45384884,gaussian,60.000000,1.000000,1000,44501981,44546776,44546820,59668,44795
fd8b44a07ad28,0,45384884,gaussian,60.000000,1.000000,1000,44546994,44590588,44590628,58061,43594
fd8b44a07ad28,0,45384884,gaussian,60.000000,1.000000,1000,44590842,44635293,44635335,59208,44451
fd8b44a07ad28,0,45384884,gaussian,60.000000,1.000000,1000,44635499,44681848,44681890,61740,46349
fd8b44a07ad28,0,45384884,gaussian,60.000000,1.000000,1000,44682073,44726185,44726225,58752,44112
fd8b44a07ad28,0,45384884,gaussian,60.000000,1.000000,1000,44726382,44770809,44770852,59180,44427
fd8b44a07ad28,0,45384884,gaussian,60.000000,1.000000,1000,44771017,44816836,44816879,61040,45819
fd8b44a07ad28,0,45384884,gaussian,60.000000,1.000000,1000,44817038,44862251,44862294,60217,45213
fd8b44a07ad28,0,45384884,gaussian,60.000000,1.000000,1000,44862446,44908311,44908354,61088,45865
fd8b44a07ad28,0,45384884,gaussian,60.000000,1.000000,1000,44908526,44955010,44955052,61910,46484
fd8b44a07ad28,0,45384884,gaussian,60.000000,1.000000,1000,44955261,44999921,44999964,59482,44660
fd8b44a07ad28,0,45384884,gaussian,60.000000,1.000000,1000,45000124,45044031,45044075,58482,43907
fd8b44a07ad28,0,45384884,gaussian,60.000000,1.000000,1000,45044247,45089256,45089358,59676,45009
fd8b44a07ad28,0,45384884,gaussian,60.000000,1.000000,1000,45089707,45135807,45135846,61402,46100
fd8b44a07ad28,0,45384884,gaussian,60.000000,1.000000,1000,45136004,45180181,45180222,58837,44177
fd8b44a07ad28,0,45384884,gaussian,60.000000,1.000000,1000,45180519,45225746,45225790,60239,45227
fd8b44a07ad28,0,45384884,gaussian,60.000000,1.000000,1000,45225949,45269274,45269316,57708,43325
fd8b44a07ad28,0,45384884,gaussian,60.000000,1.000000,1000,45269474,45315281,45315323,61016,45807
fd8b44a07ad28,0,45384884,gaussian,60.000000,1.000000,1000,45315522,45360827,45360867,60346,45305

