b305059c32fc7,0,52515337,gaussian,60.000000,1.000000,1000,159576,160406
b305059c32fc7,0,52515337,gaussian,60.000000,1.000000,1000,213800,213940
b305059c32fc7,0,52515337,gaussian,60.000000,1.000000,1000,267497,267628
b305059c32fc7,0,52515337,gaussian,60.000000,1.000000,1000,320357,320489
b305059c32fc7,0,52515337,gaussian,60.000000,1.000000,1000,372399,372534
b305059c32fc7,0,52515337,gaussian,60.000000,1.000000,1000,426581,426713
b305059c32fc7,0,52515337,gaussian,60.000000,1.000000,1000,480670,480807
b305059c32fc7,0,52515337,gaussian,60.000000,1.000000,1000,532341,532476
b305059c32fc7,0,52515337,gaussian,60.000000,1.000000,1000,585371,585505
b305059c32fc7,0,52515337,gaussian,60.000000,1.000000,1000,636967,637095
b305059c32fc7,0,52515337,gaussian,60.000000,1.000000,1000,688805,688936
b305059c32fc7,0,52515337,gaussian,60.000000,1.000000,1000,741907,742039
b305059c32fc7,0,52515337,gaussian,60.000000,1.000000,1000,793996,794120
b305059c32fc7,0,52515337,gaussian,60.000000,1.000000,1000,846263,846392
b305059c32fc7,0,52515337,gaussian,60.000000,1.000000,1000,899907,900036
b305059c32fc7,0,52515337,gaussian,60.000000,1.000000,1000,951381,951508
b305059c32fc7,0,52515337,gaussian,60.000000,1.000000,1000,1004074,1004203
b305059c32fc7,0,52515337,gaussian,60.000000,1.000000,1000,1056537,1056667
b305059c32fc7,0,52515337,gaussian,60.000000,1.000000,1000,1110724,1110854
b305059c32fc7,0,52515337,gaussian,60.000000,1.000000,1000,1163903,1164034
b305059c32fc7,0,52515337,gaussian,60.000000,1.000000,1000,1218031,1218157
b305059c32fc7,0,52515337,gaussian,60.000000,1.000000,1000,1269794,1269921
b305059c32fc7,0,52515337,gaussian,60.000000,1.000000,1000,1322295,1322429
b305059c32fc7,0,52515337,gaussian,60.000000,1.000000,1000,1373809,1373941
b305059c32fc7,0,52515337,gaussian,60.000000,1.000000,1000,1425854,1425985
b305059c32fc7,0,52515337,gaussian,60.000000,1.000000,1000,1477538,1477664
b305059c32fc7,0,52515337,gaussian,60.000000,1.000000,1000,1529844,1529976
b305059c32fc7,0,52515337,gaussian,60.000000,1.000000,1000,1584123,1584249
b305059c32fc7,0,52515337,gaussian,60.000000,1.000000,1000,1636482,1636611
b305059c32fc7,0,52515337,gaussian,60.000000,1.000000,1000,1701830,1701960
b305059c32fc7,0,52515337,gaussian,60.000000,1.000000,1000,1753590,1753724
b305059c32fc7,0,52515337,gaussian,60.000000,1.000000,1000,1807096,1807226
b305059c32fc7,0,52515337,gaussian,60.000000,1.000000,1000,1858734,1858862
b305059c32fc7,0,52515337,gaussian,60.000000,1.000000,1000,1909575,1909705
b305059c32fc7,0,52515337,gaussian,60.000000,1.000000,1000,1961403,1961533
b305059c32fc7,0,52515337,gaussian,60.000000,1.000000,1000,2015182,2015312
b305059c32fc7,0,52515337,gaussian,60.000000,1.000000,1000,2067558,2067684
b305059c32fc7,0,52515337,gaussian,60.000000,1.000000,1000,2120957,2121084
b305059c32fc7,0,52515337,gaussian,60.000000,1.000000,1000,2175190,2175318
b305059c32fc7,0,52515337,gaussian,60.000000,1.000000,1000,2226868,2226996
b305059c32fc7,0,52515337,gaussian,60.000000,1.000000,1000,2279324,2279454
b305059c32fc7,0,52515337,gaussian,60.000000,1.000000,1000,2331911,2332045
b305059c32fc7,0,52515337,gaussian,60.000000,1.000000,1000,2386221,2386352
b305059c32fc7,0,52515337,gaussian,60.000000,1.000000,1000,2439613,2439742
b305059c32fc7,0,52515337,gaussian,60.000000,1.000000,1000,2491151,2491283
b305059c32fc7,0,52515337,gaussian,60.000000,1.000000,1000,2544374,2544506
b305059c32fc7,0,52515337,gaussian,60.000000,1.000000,1000,2596762,2596892
b305059c32fc7,0,52515337,gaussian,60.000000,1.000000,1000,2650875,2651004
b305059c32fc7,0,52515337,gaussian,60.000000,1.000000,1000,2704581,2704710
b305059c32fc7,0,52515337,gaussian,60.000000,1.000000,1000,2756896,2757027
b305059c32fc7,0,52515337,gaussian,60.000000,1.000000,1000,2808817,2808944
b305059c32fc7,0,52515337,gaussian,60.000000,1.000000,1000,2861148,2861275
b305059c32fc7,0,52515337,gaussian,60.000000,1.000000,1000,2913954,2914085
b305059c32fc7,0,52515337,gaussian,60.000000,1.000000,1000,2964989,2965119
b305059c32fc7,0,52515337,gaussian,60.000000,1.000000,1000,3018330,3018463
b305059c32fc7,0,52515337,gaussian,60.000000,1.000000,1000,3075124,3075263
b305059c32fc7,0,52515337,gaussian,60.000000,1.000000,1000,3128328,3128454
b305059c32fc7,0,52515337,gaussian,60.000000,1.000000,1000,3181053,3181184
b305059c32fc7,0,52515337,gaussian,60.000000,1.000000,1000,3235424,3235554
b305059c32fc7,0,52515337,gaussian,60.000000,1.000000,1000,3286835,3286964
b305059c32fc7,0,52515337,gaussian,60.000000,1.000000,1000,3339797,3339924
b305059c32fc7,0,52515337,gaussian,60.000000,1.000000,1000,3392522,3392663
b305059c32fc7,0,52515337,gaussian,60.000000,1.000000,1000,3444514,3444639
b305059c32fc7,0,52515337,gaussian,60.000000,1.000000,1000,3496125,3496256
b305059c32fc7,0,52515337,gaussian,60.000000,1.000000,1000,3548052,3548181
b305059c32fc7,0,52515337,gaussian,60.000000,1.000000,1000,3601887,3602015
b305059c32fc7,0,52515337,gaussian,60.000000,1.000000,1000,3655469,3655598
b305059c32fc7,0,52515337,gaussian,60.000000,1.000000,1000,3708714,3708839
b305059c32fc7,0,52515337,gaussian,60.000000,1.000000,1000,3760730,3760858
b305059c32fc7,0,52515337,gaussian,60.000000,1.000000,1000,3813660,3813790
b305059c32fc7,0,52515337,gaussian,60.000000,1.000000,1000,3867917,3868046
b305059c32fc7,0,52515337,gaussian,60.000000,1.000000,1000,3919375,3919506
b305059c32fc7,0,52515337,gaussian,60.000000,1.000000,1000,3971128,3971254
b305059c32fc7,0,52515337,gaussian,60.000000,1.000000,1000,4032152,4032363
b305059c32fc7,0,52515337,gaussian,60.000000,1.000000,1000,4085156,4085288
b305059c32fc7,0,52515337,gaussian,60.000000,1.000000,1000,4136227,4136356
b305059c32fc7,0,52515337,gaussian,60.000000,1.000000,1000,4187943,4188073
b305059c32fc7,0,52515337,gaussian,60.000000,1.000000,1000,4241612,4241742
b305059c32fc7,0,52515337,gaussian,60.000000,1.000000,1000,4294172,4294303
b305059c32fc7,0,52515337,gaussian,60.000000,1.000000,1000,4347254,4347387
b305059c32fc7,0,52515337,gaussian,60.000000,1.000000,1000,4400239,4400375
b305059c32fc7,0,52515337,gaussian,60.000000,1.000000,1000,4452534,4452664
b305059c32fc7,0,52515337,gaussian,60.000000,1.000000,1000,4506635,4506762
b305059c32fc7,0,52515337,gaussian,60.000000,1.000000,1000,4559608,4559739
b305059c32fc7,0,52515337,gaussian,60.000000,1.000000,1000,4612953,4613078
b305059c32fc7,0,52515337,gaussian,60.000000,1.000000,1000,4666875,4667004
b305059c32fc7,0,52515337,gaussian,60.000000,1.000000,1000,4718893,4719022
b305059c32fc7,0,52515337,gaussian,60.000000,1.000000,1000,4770592,4770724
b305059c32fc7,0,52515337,gaussian,60.000000,1.000000,1000,4823079,4823209
b305059c32fc7,0,52515337,gaussian,60.000000,1.000000,1000,4874858,4874900
b305059c32fc7,0,52515337,gaussian,60.000000,1.000000,1000,4927554,4927595
b305059c32fc7,0,52515337,gaussian,60.000000,1.000000,1000,4979838,4979892
b305059c32fc7,0,52515337,gaussian,60.000000,1.000000,1000,5032911,5032952
b305059c32fc7,0,52515337,gaussian,60.000000,1.000000,1000,5084830,5084877
b305059c32fc7,0,52515337,gaussian,60.000000,1.000000,1000,5137093,5137142
b305059c32fc7,0,52515337,gaussian,60.000000,1.000000,1000,5190521,5190562
b305059c32fc7,0,52515337,gaussian,60.000000,1.000000,1000,5243160,5243208
b305059c32fc7,0,52515337,gaussian,60.000000,1.000000,1000,5294415,5294456
b305059c32fc7,0,52515337,gaussian,60.000000,1.000000,1000,5346809,5346859
b305059c32fc7,0,52515337,gaussian,60.000000,1.000000,1000,5399151,5399202
b305059c32fc7,0,52515337,gaussian,60.000000,1.000000,1000,5452777,5452817
b305059c32fc7,0,52515337,gaussian,60.000000,1.000000,1000,5506092,5506140
b305059c32fc7,0,52515337,gaussian,60.000000,1.000000,1000,5558524,5558575
b305059c32fc7,0,52515337,gaussian,60.000000,1.000000,1000,5611142,5611184
b305059c32fc7,0,52515337,gaussian,60.000000,1.000000,1000,5664207,5664257
b305059c32fc7,0,52515337,gaussian,60.000000,1.000000,1000,5717160,5717202
b305059c32fc7,0,52515337,gaussian,60.000000,1.000000,1000,5769968,5770017
b305059c32fc7,0,52515337,gaussian,60.000000,1.000000,1000,5821957,5822004
b305059c32fc7,0,52515337,gaussian,60.000000,1.000000,1000,5876960,5876998
b305059c32fc7,0,52515337,gaussian,60.000000,1.000000,1000,5928581,5928628
b305059c32fc7,0,52515337,gaussian,60.000000,1.000000,1000,5980787,5980828
b305059c32fc7,0,52515337,gaussian,60.000000,1.000000,1000,6031668,6031714
b305059c32fc7,0,52515337,gaussian,60.000000,1.000000,1000,6083984,6084029
b305059c32fc7,0,52515337,gaussian,60.000000,1.000000,1000,6136900,6136939
b305059c32fc7,0,52515337,gaussian,60.000000,1.000000,1000,6190296,6190342
b305059c32fc7,0,52515337,gaussian,60.000000,1.000000,1000,6242688,6242739
b305059c32fc7,0,52515337,gaussian,60.000000,1.000000,1000,6296711,6296751
b305059c32fc7,0,52515337,gaussian,60.000000,1.000000,1000,6350309,6350355
b305059c32fc7,0,52515337,gaussian,60.000000,1.000000,1000,6404676,6404726
b305059c32fc7,0,52515337,gaussian,60.000000,1.000000,1000,6456717,6456764
b305059c32fc7,0,52515337,gaussian,60.000000,1.000000,1000,6510445,6510485
b305059c32fc7,0,52515337,gaussian,60.000000,1.000000,1000,6564136,6564186
b305059c32fc7,0,52515337,gaussian,60.000000,1.000000,1000,6615271,6615317
b305059c32fc7,0,52515337,gaussian,60.000000,1.000000,1000,6668598,6668637
b305059c32fc7,0,52515337,gaussian,60.000000,1.000000,1000,6719576,6719623
b305059c32fc7,0,52515337,gaussian,60.000000,1.000000,1000,6771547,6771594
b305059c32fc7,0,52515337,gaussian,60.000000,1.000000,1000,6822825,6822865
b305059c32fc7,0,52515337,gaussian,60.000000,1.000000,1000,6874359,6874400
b305059c32fc7,0,52515337,gaussian,60.000000,1.000000,1000,6927578,6927623
b305059c32fc7,0,52515337,gaussian,60.000000,1.000000,1000,6979587,6979625
b305059c32fc7,0,52515337,gaussian,60.000000,1.000000,1000,7032084,7032131
b305059c32fc7,0,52515337,gaussian,60.000000,1.000000,1000,7084027,7084074
b305059c32fc7,0,52515337,gaussian,60.000000,1.000000,1000,7134282,7134325
b305059c32fc7,0,52515337,gaussian,60.000000,1.000000,1000,7187565,7187614
b305059c32fc7,0,52515337,gaussian,60.000000,1.000000,1000,7240668,7240716
b305059c32fc7,0,52515337,gaussian,60.000000,1.000000,1000,7292051,7292090
b305059c32fc7,0,52515337,gaussian,60.000000,1.000000,1000,7344051,7344099
b305059c32fc7,0,52515337,gaussian,60.000000,1.000000,1000,7396098,7396146
b305059c32fc7,0,52515337,gaussian,60.000000,1.000000,1000,7449126,7449165
b305059c32fc7,0,52515337,gaussian,60.000000,1.000000,1000,7500486,7500529
b305059c32fc7,0,52515337,gaussian,60.000000,1.000000,1000,7553350,7553398
b305059c32fc7,0,52515337,gaussian,60.000000,1.000000,1000,7605651,7605691
b305059c32fc7,0,52515337,gaussian,60.000000,1.000000,1000,7657909,7657956
b305059c32fc7,0,52515337,gaussian,60.000000,1.000000,1000,7709892,7709937
b305059c32fc7,0,52515337,gaussian,60.000000,1.000000,1000,7763288,7763327
b305059c32fc7,0,52515337,gaussian,60.000000,1.000000,1000,7815752,7815797
b305059c32fc7,0,52515337,gaussian,60.000000,1.000000,1000,7869435,7869483
b305059c32fc7,0,52515337,gaussian,60.000000,1.000000,1000,7921306,7921345
b305059c32fc7,0,52515337,gaussian,60.000000,1.000000,1000,7973435,7973480
b305059c32fc7,0,52515337,gaussian,60.000000,1.000000,1000,8025890,8025929
b305059c32fc7,0,52515337,gaussian,60.000000,1.000000,1000,8076016,8076057
b305059c32fc7,0,52515337,gaussian,60.000000,1.000000,1000,8128263,8128302
b305059c32fc7,0,52515337,gaussian,60.000000,1.000000,1000,8180724,8180777
b305059c32fc7,0,52515337,gaussian,60.000000,1.000000,1000,8232951,8232991
b305059c32fc7,0,52515337,gaussian,60.000000,1.000000,1000,8287404,8287445
b305059c32fc7,0,52515337,gaussian,60.000000,1.000000,1000,8340324,8340372
b305059c32fc7,0,52515337,gaussian,60.000000,1.000000,1000,8393998,8394044
b305059c32fc7,0,52515337,gaussian,60.000000,1.000000,1000,8447208,8447248
b305059c32fc7,0,52515337,gaussian,60.000000,1.000000,1000,8500652,8500699
b305059c32fc7,0,52515337,gaussian,60.000000,1.000000,1000,8551934,8551981
b305059c32fc7,0,52515337,gaussian,60.000000,1.000000,1000,8604818,8604859
b305059c32fc7,0,52515337,gaussian,60.000000,1.000000,1000,8655986,8656033
b305059c32fc7,0,52515337,gaussian,60.000000,1.000000,1000,8708327,8708372
b305059c32fc7,0,52515337,gaussian,60.000000,1.000000,1000,8761340,8761379
b305059c32fc7,0,52515337,gaussian,60.000000,1.000000,1000,8813246,8813295
b305059c32fc7,0,52515337,gaussian,60.000000,1.000000,1000,8865676,8865724
b305059c32fc7,0,52515337,gaussian,60.000000,1.000000,1000,8918559,8918599
b305059c32fc7,0,52515337,gaussian,60.000000,1.000000,1000,8970226,8970271
b305059c32fc7,0,52515337,gaussian,60.000000,1.000000,1000,9021776,9021821
b305059c32fc7,0,52515337,gaussian,60.000000,1.000000,1000,9073130,9073170
b305059c32fc7,0,52515337,gaussian,60.000000,1.000000,1000,9124897,9124945
b305059c32fc7,0,52515337,gaussian,60.000000,1.000000,1000,9177504,9177553
b305059c32fc7,0,52515337,gaussian,60.000000,1.000000,1000,9233223,9233270
b305059c32fc7,0,52515337,gaussian,60.000000,1.000000,1000,9284897,9284936
b305059c32fc7,0,52515337,gaussian,60.000000,1.000000,1000,9335986,9336035
b305059c32fc7,0,52515337,gaussian,60.000000,1.000000,1000,9388597,9388637
b305059c32fc7,0,52515337,gaussian,60.000000,1.000000,1000,9440587,9440636
b305059c32fc7,0,52515337,gaussian,60.000000,1.000000,1000,9492446,9492494
b305059c32fc7,0,52515337,gaussian,60.000000,1.000000,1000,9546544,9546592
b305059c32fc7,0,52515337,gaussian,60.000000,1.000000,1000,9598388,9598428
b305059c32fc7,0,52515337,gaussian,60.000000,1.000000,1000,9650582,9650629
b305059c32fc7,0,52515337,gaussian,60.000000,1.000000,1000,9703486,9703534
b305059c32fc7,0,52515337,gaussian,60.000000,1.000000,1000,9756764,9756804
b305059c32fc7,0,52515337,gaussian,60.000000,1.000000,1000,9808708,9808754
b305059c32fc7,0,52515337,gaussian,60.000000,1.000000,1000,9859924,9859972
b305059c32fc7,0,52515337,gaussian,60.000000,1.000000,1000,9911805,9911845
b305059c32fc7,0,52515337,gaussian,60.000000,1.000000,1000,9963767,9963816
b305059c32fc7,0,52515337,gaussian,60.000000,1.000000,1000,10016383,10016431
b305059c32fc7,0,52515337,gaussian,60.000000,1.000000,1000,10068561,10068601
b305059c32fc7,0,52515337,gaussian,60.000000,1.000000,1000,10119222,10119272
b305059c32fc7,0,52515337,gaussian,60.000000,1.000000,1000,10172990,10173034
b305059c32fc7,0,52515337,gaussian,60.000000,1.000000,1000,10225107,10225148
b305059c32fc7,0,52515337,gaussian,60.000000,1.000000,1000,10277377,10277427
b305059c32fc7,0,52515337,gaussian,60.000000,1.000000,1000,10329027,10329077
b305059c32fc7,0,52515337,gaussian,60.000000,1.000000,1000,10381373,10381414
b305059c32fc7,0,52515337,gaussian,60.000000,1.000000,1000,10433891,10433940
b305059c32fc7,0,52515337,gaussian,60.000000,1.000000,1000,10486101,10486145
b305059c32fc7,0,52515337,gaussian,60.000000,1.000000,1000,10537375,10537414
b305059c32fc7,0,52515337,gaussian,60.000000,1.000000,1000,10589409,10589457
b305059c32fc7,0,52515337,gaussian,60.000000,1.000000,1000,10641056,10641103
b305059c32fc7,0,52515337,gaussian,60.000000,1.000000,1000,10693790,10693831
b305059c32fc7,0,52515337,gaussian,60.000000,1.000000,1000,10745881,10745929
b305059c32fc7,0,52515337,gaussian,60.000000,1.000000,1000,10798167,10798212
b305059c32fc7,0,52515337,gaussian,60.000000,1.000000,1000,10850435,10850475
b305059c32fc7,0,52515337,gaussian,60.000000,1.000000,1000,10903492,10903539
b305059c32fc7,0,52515337,gaussian,60.000000,1.000000,1000,10955457,10955502
b305059c32fc7,0,52515337,gaussian,60.000000,1.000000,1000,11007969,11008008
b305059c32fc7,0,52515337,gaussian,60.000000,1.000000,1000,11059620,11059672
b305059c32fc7,0,52515337,gaussian,60.000000,1.000000,1000,11112798,11112844
b305059c32fc7,0,52515337,gaussian,60.000000,1.000000,1000,11163676,11163715
b305059c32fc7,0,52515337,gaussian,60.000000,1.000000,1000,11216672,11216720
b305059c32fc7,0,52515337,gaussian,60.000000,1.000000,1000,11268680,11268726
b305059c32fc7,0,52515337,gaussian,60.000000,1.000000,1000,11321214,11321254
b305059c32fc7,0,52515337,gaussian,60.000000,1.000000,1000,11374612,11374661
b305059c32fc7,0,52515337,gaussian,60.000000,1.000000,1000,11426233,11426281
b305059c32fc7,0,52515337,gaussian,60.000000,1.000000,1000,11478334,11478374
b305059c32fc7,0,52515337,gaussian,60.000000,1.000000,1000,11529806,11529849
b305059c32fc7,0,52515337,gaussian,60.000000,1.000000,1000,11582420,11582466
b305059c32fc7,0,52515337,gaussian,60.000000,1.000000,1000,11632862,11632902
b305059c32fc7,0,52515337,gaussian,60.000000,1.000000,1000,11684807,11684854
b305059c32fc7,0,52515337,gaussian,60.000000,1.000000,1000,11736466,11736511
b305059c32fc7,0,52515337,gaussian,60.000000,1.000000,1000,11789995,11790036
b305059c32fc7,0,52515337,gaussian,60.000000,1.000000,1000,11841878,11841923
b305059c32fc7,0,52515337,gaussian,60.000000,1.000000,1000,11893417,11893464
b305059c32fc7,0,52515337,gaussian,60.000000,1.000000,1000,11945130,11945169
b305059c32fc7,0,52515337,gaussian,60.000000,1.000000,1000,11997371,11997418
b305059c32fc7,0,52515337,gaussian,60.000000,1.000000,1000,12051429,12051470
b305059c32fc7,0,52515337,gaussian,60.000000,1.000000,1000,12102576,12102617
b305059c32fc7,0,52515337,gaussian,60.000000,1.000000,1000,12154905,12154949
b305059c32fc7,0,52515337,gaussian,60.000000,1.000000,1000,12207292,12207341
b305059c32fc7,0,52515337,gaussian,60.000000,1.000000,1000,12260469,12260509
b305059c32fc7,0,52515337,gaussian,60.000000,1.000000,1000,12313194,12313244
b305059c32fc7,0,52515337,gaussian,60.000000,1.000000,1000,12366087,12366132
b305059c32fc7,0,52515337,gaussian,60.000000,1.000000,1000,12417688,12417728
b305059c32fc7,0,52515337,gaussian,60.000000,1.000000,1000,12469166,12469213
b305059c32fc7,0,52515337,gaussian,60.000000,1.000000,1000,12520362,12520408
b305059c32fc7,0,52515337,gaussian,60.000000,1.000000,1000,12573044,12573083
b305059c32fc7,0,52515337,gaussian,60.000000,1.000000,1000,12625242,12625290
b305059c32fc7,0,52515337,gaussian,60.000000,1.000000,1000,12679059,12679097
b305059c32fc7,0,52515337,gaussian,60.000000,1.000000,1000,12731726,12731774
b305059c32fc7,0,52515337,gaussian,60.000000,1.000000,1000,12783007,12783046
b305059c32fc7,0,52515337,gaussian,60.000000,1.000000,1000,12836043,12836091
b305059c32fc7,0,52515337,gaussian,60.000000,1.000000,1000,12887984,12888028
b305059c32fc7,0,52515337,gaussian,60.000000,1.000000,1000,12938676,12938717
b305059c32fc7,0,52515337,gaussian,60.000000,1.000000,1000,12992103,12992152
b305059c32fc7,0,52515337,gaussian,60.000000,1.000000,1000,13044100,13044146
b305059c32fc7,0,52515337,gaussian,60.000000,1.000000,1000,13095661,13095701
b305059c32fc7,0,52515337,gaussian,60.000000,1.000000,1000,13147382,13147427
b305059c32fc7,0,52515337,gaussian,60.000000,1.000000,1000,13199010,13199049
b305059c32fc7,0,52515337,gaussian,60.000000,1.000000,1000,13251086,13251131
b305059c32fc7,0,52515337,gaussian,60.000000,1.000000,1000,13303902,13303949
b305059c32fc7,0,52515337,gaussian,60.000000,1.000000,1000,13356784,13356830
b305059c32fc7,0,52515337,gaussian,60.000000,1.000000,1000,13410027,13410065
b305059c32fc7,0,52515337,gaussian,60.000000,1.000000,1000,13462294,13462342
b305059c32fc7,0,52515337,gaussian,60.000000,1.000000,1000,13515193,13515236
b305059c32fc7,0,52515337,gaussian,60.000000,1.000000,1000,13567489,13567529
b305059c32fc7,0,52515337,gaussian,60.000000,1.000000,1000,13621572,13621617
b305059c32fc7,0,52515337,gaussian,60.000000,1.000000,1000,13673960,13674007
b305059c32fc7,0,52515337,gaussian,60.000000,1.000000,1000,13726870,13726909
b305059c32fc7,0,52515337,gaussian,60.000000,1.000000,1000,13778054,13778104
b305059c32fc7,0,52515337,gaussian,60.000000,1.000000,1000,13830454,13830504
b305059c32fc7,0,52515337,gaussian,60.000000,1.000000,1000,13884422,13884463
b305059c32fc7,0,52515337,gaussian,60.000000,1.000000,1000,13936210,13936260
b305059c32fc7,0,52515337,gaussian,60.000000,1.000000,1000,13987524,13987571
b305059c32fc7,0,52515337,gaussian,60.000000,1.000000,1000,14038600,14038640
b305059c32fc7,0,52515337,gaussian,60.000000,1.000000,1000,14089552,14089602
b305059c32fc7,0,52515337,gaussian,60.000000,1.000000,1000,14141517,14141568
b305059c32fc7,0,52515337,gaussian,60.000000,1.000000,1000,14195456,14195497
b305059c32fc7,0,52515337,gaussian,60.000000,1.000000,1000,14246989,14247037
b305059c32fc7,0,52515337,gaussian,60.000000,1.000000,1000,14300127,14300167
b305059c32fc7,0,52515337,gaussian,60.000000,1.000000,1000,14351812,14351852
b305059c32fc7,0,52515337,gaussian,60.000000,1.000000,1000,14404060,14404108
b305059c32fc7,0,52515337,gaussian,60.000000,1.000000,1000,14458114,14458159
b305059c32fc7,0,52515337,gaussian,60.000000,1.000000,1000,14509810,14509851
b305059c32fc7,0,52515337,gaussian,60.000000,1.000000,1000,14562301,14562348
b305059c32fc7,0,52515337,gaussian,60.000000,1.000000,1000,14615481,14615527
b305059c32fc7,0,52515337,gaussian,60.000000,1.000000,1000,14667857,14667898
b305059c32fc7,0,52515337,gaussian,60.000000,1.000000,1000,14722440,14722487
b305059c32fc7,0,52515337,gaussian,60.000000,1.000000,1000,14774463,14774508
b305059c32fc7,0,52515337,gaussian,60.000000,1.000000,1000,14826201,14826247
b305059c32fc7,0,52515337,gaussian,60.000000,1.000000,1000,14878805,14878845
b305059c32fc7,0,52515337,gaussian,60.000000,1.000000,1000,14932460,14932508
b305059c32fc7,0,52515337,gaussian,60.000000,1.000000,1000,14983680,14983723
b305059c32fc7,0,52515337,gaussian,60.000000,1.000000,1000,15035637,15035677
b305059c32fc7,0,52515337,gaussian,60.000000,1.000000,1000,15087944,15087990
b305059c32fc7,0,52515337,gaussian,60.000000,1.000000,1000,15139397,15139439
b305059c32fc7,0,52515337,gaussian,60.000000,1.000000,1000,15194180,15194221
b305059c32fc7,0,52515337,gaussian,60.000000,1.000000,1000,15246978,15247029
b305059c32fc7,0,52515337,gaussian,60.000000,1.000000,1000,15298767,15298815
b305059c32fc7,0,52515337,gaussian,60.000000,1.000000,1000,15350023,15350061
b305059c32fc7,0,52515337,gaussian,60.000000,1.000000,1000,15402917,15402966
b305059c32fc7,0,52515337,gaussian,60.000000,1.000000,1000,15456548,15456596
b305059c32fc7,0,52515337,gaussian,60.000000,1.000000,1000,15508223,15508263
b305059c32fc7,0,52515337,gaussian,60.000000,1.000000,1000,15561344,15561390
b305059c32fc7,0,52515337,gaussian,60.000000,1.000000,1000,15613171,15613218
b305059c32fc7,0,52515337,gaussian,60.000000,1.000000,1000,15665984,15666023
b305059c32fc7,0,52515337,gaussian,60.000000,1.000000,1000,15719593,15719642
b305059c32fc7,0,52515337,gaussian,60.000000,1.000000,1000,15771958,15772007
b305059c32fc7,0,52515337,gaussian,60.000000,1.000000,1000,15825065,15825111
b305059c32fc7,0,52515337,gaussian,60.000000,1.000000,1000,15877232,15877272
b305059c32fc7,0,52515337,gaussian,60.000000,1.000000,1000,15930126,15930173
b305059c32fc7,0,52515337,gaussian,60.000000,1.000000,1000,15982614,15982663
b305059c32fc7,0,52515337,gaussian,60.000000,1.000000,1000,16036510,16036550
b305059c32fc7,0,52515337,gaussian,60.000000,1.000000,1000,16089642,16089691
b305059c32fc7,0,52515337,gaussian,60.000000,1.000000,1000,16142558,16142607
b305059c32fc7,0,52515337,gaussian,60.000000,1.000000,1000,16195730,16195768
b305059c32fc7,0,52515337,gaussian,60.000000,1.000000,1000,16249275,16249323
b305059c32fc7,0,52515337,gaussian,60.000000,1.000000,1000,16300759,16300801
b305059c32fc7,0,52515337,gaussian,60.000000,1.000000,1000,16352735,16352787
b305059c32fc7,0,52515337,gaussian,60.000000,1.000000,1000,16406486,16406525
b305059c32fc7,0,52515337,gaussian,60.000000,1.000000,1000,16459316,16459362
b305059c32fc7,0,52515337,gaussian,60.000000,1.000000,1000,16513282,16513333
b305059c32fc7,0,52515337,gaussian,60.000000,1.000000,1000,16565461,16565500
b305059c32fc7,0,52515337,gaussian,60.000000,1.000000,1000,16616254,16616294
b305059c32fc7,0,52515337,gaussian,60.000000,1.000000,1000,16670712,16670757
b305059c32fc7,0,52515337,gaussian,60.000000,1.000000,1000,16722560,16722606
b305059c32fc7,0,52515337,gaussian,60.000000,1.000000,1000,16774765,16774804
b305059c32fc7,0,52515337,gaussian,60.000000,1.000000,1000,16826715,16826756
b305059c32fc7,0,52515337,gaussian,60.000000,1.000000,1000,16879061,16879105
b305059c32fc7,0,52515337,gaussian,60.000000,1.000000,1000,16930196,16930237
b305059c32fc7,0,52515337,gaussian,60.000000,1.000000,1000,16981245,16981289
b305059c32fc7,0,52515337,gaussian,60.000000,1.000000,1000,17034641,17034685
b305059c32fc7,0,52515337,gaussian,60.000000,1.000000,1000,17087596,17087635
b305059c32fc7,0,52515337,gaussian,60.000000,1.000000,1000,17140055,17140104
b305059c32fc7,0,52515337,gaussian,60.000000,1.000000,1000,17190794,17190835
b305059c32fc7,0,52515337,gaussian,60.000000,1.000000,1000,17243431,17243472
b305059c32fc7,0,52515337,gaussian,60.000000,1.000000,1000,17294870,17294919
b305059c32fc7,0,52515337,gaussian,60.000000,1.000000,1000,17347033,17347078
b305059c32fc7,0,52515337,gaussian,60.000000,1.000000,1000,17399402,17399442
b305059c32fc7,0,52515337,gaussian,60.000000,1.000000,1000,17452634,17452681
b305059c32fc7,0,52515337,gaussian,60.000000,1.000000,1000,17504431,17504478
b305059c32fc7,0,52515337,gaussian,60.000000,1.000000,1000,17557332,17557372
b305059c32fc7,0,52515337,gaussian,60.000000,1.000000,1000,17610148,17610195
b305059c32fc7,0,52515337,gaussian,60.000000,1.000000,1000,17662984,17663031
b305059c32fc7,0,52515337,gaussian,60.000000,1.000000,1000,17715360,17715401
b305059c32fc7,0,52515337,gaussian,60.000000,1.000000,1000,17767194,17767242
b305059c32fc7,0,52515337,gaussian,60.000000,1.000000,1000,17819340,17819390
b305059c32fc7,0,52515337,gaussian,60.000000,1.000000,1000,17872275,17872316
b305059c32fc7,0,52515337,gaussian,60.000000,1.000000,1000,17924669,17924718
b305059c32fc7,0,52515337,gaussian,60.000000,1.000000,1000,17976110,17976154
b305059c32fc7,0,52515337,gaussian,60.000000,1.000000,1000,18028498,18028537
b305059c32fc7,0,52515337,gaussian,60.000000,1.000000,1000,18080539,18080585
b305059c32fc7,0,52515337,gaussian,60.000000,1.000000,1000,18132655,18132704
b305059c32fc7,0,52515337,gaussian,60.000000,1.000000,1000,18184085,18184124
b305059c32fc7,0,52515337,gaussian,60.000000,1.000000,1000,18238388,18238437
b305059c32fc7,0,52515337,gaussian,60.000000,1.000000,1000,18291569,18291618
b305059c32fc7,0,52515337,gaussian,60.000000,1.000000,1000,18343924,18343963
b305059c32fc7,0,52515337,gaussian,60.000000,1.000000,1000,18396146,18396194
b305059c32fc7,0,52515337,gaussian,60.000000,1.000000,1000,18448129,18448175
b305059c32fc7,0,52515337,gaussian,60.000000,1.000000,1000,18500163,18500203
b305059c32fc7,0,52515337,gaussian,60.000000,1.000000,1000,18552858,18552907
b305059c32fc7,0,52515337,gaussian,60.000000,1.000000,1000,18603126,18603172
b305059c32fc7,0,52515337,gaussian,60.000000,1.000000,1000,18654734,18654774
b305059c32fc7,0,52515337,gaussian,60.000000,1.000000,1000,18706416,18706459
b305059c32fc7,0,52515337,gaussian,60.000000,1.000000,1000,18760235,18760279
b305059c32fc7,0,52515337,gaussian,60.000000,1.000000,1000,18813329,18813369
b305059c32fc7,0,52515337,gaussian,60.000000,1.000000,1000,18864714,18864764
b305059c32fc7,0,52515337,gaussian,60.000000,1.000000,1000,18916960,18917008
b305059c32fc7,0,52515337,gaussian,60.000000,1.000000,1000,18969692,18969732
b305059c32fc7,0,52515337,gaussian,60.000000,1.000000,1000,19021928,19021973
b305059c32fc7,0,52515337,gaussian,60.000000,1.000000,1000,19075631,19075676
b305059c32fc7,0,52515337,gaussian,60.000000,1.000000,1000,19127763,19127812
b305059c32fc7,0,52515337,gaussian,60.000000,1.000000,1000,19180374,19180415
b305059c32fc7,0,52515337,gaussian,60.000000,1.000000,1000,19234244,19234293
b305059c32fc7,0,52515337,gaussian,60.000000,1.000000,1000,19284773,19284824
b305059c32fc7,0,52515337,gaussian,60.000000,1.000000,1000,19338157,19338197
b305059c32fc7,0,52515337,gaussian,60.000000,1.000000,1000,19388958,19389008
b305059c32fc7,0,52515337,gaussian,60.000000,1.000000,1000,19442040,19442086
b305059c32fc7,0,52515337,gaussian,60.000000,1.000000,1000,19494273,19494313
b305059c32fc7,0,52515337,gaussian,60.000000,1.000000,1000,19545800,19545850
b305059c32fc7,0,52515337,gaussian,60.000000,1.000000,1000,19597579,19597628
b305059c32fc7,0,52515337,gaussian,60.000000,1.000000,1000,19649570,19649608
b305059c32fc7,0,52515337,gaussian,60.000000,1.000000,1000,19701026,19701075
b305059c32fc7,0,52515337,gaussian,60.000000,1.000000,1000,19753423,19753472
b305059c32fc7,0,52515337,gaussian,60.000000,1.000000,1000,19805577,19805616
b305059c32fc7,0,52515337,gaussian,60.000000,1.000000,1000,19859007,19859052
b305059c32fc7,0,52515337,gaussian,60.000000,1.000000,1000,19911513,19911561
b305059c32fc7,0,52515337,gaussian,60.000000,1.000000,1000,19965905,19965945
b305059c32fc7,0,52515337,gaussian,60.000000,1.000000,1000,20018735,20018784
b305059c32fc7,0,52515337,gaussian,60.000000,1.000000,1000,20071625,20071685
b305059c32fc7,0,52515337,gaussian,60.000000,1.000000,1000,20123728,20123780
b305059c32fc7,0,52515337,gaussian,60.000000,1.000000,1000,20175902,20175942
b305059c32fc7,0,52515337,gaussian,60.000000,1.000000,1000,20227881,20227927
b305059c32fc7,0,52515337,gaussian,60.000000,1.000000,1000,20279669,20279714
b305059c32fc7,0,52515337,gaussian,60.000000,1.000000,1000,20332007,20332047
b305059c32fc7,0,52515337,gaussian,60.000000,1.000000,1000,20383932,20383981
b305059c32fc7,0,52515337,gaussian,60.000000,1.000000,1000,20436718,20436766
b305059c32fc7,0,52515337,gaussian,60.000000,1.000000,1000,20489719,20489759
b305059c32fc7,0,52515337,gaussian,60.000000,1.000000,1000,20540768,20540815
b305059c32fc7,0,52515337,gaussian,60.000000,1.000000,1000,20592347,20592394
b305059c32fc7,0,52515337,gaussian,60.000000,1.000000,1000,20644112,20644151
b305059c32fc7,0,52515337,gaussian,60.000000,1.000000,1000,20696521,20696572
b305059c32fc7,0,52515337,gaussian,60.000000,1.000000,1000,20746624,20746672
b305059c32fc7,0,52515337,gaussian,60.000000,1.000000,1000,20798845,20798886
b305059c32fc7,0,52515337,gaussian,60.000000,1.000000,1000,20851604,20851653
b305059c32fc7,0,52515337,gaussian,60.000000,1.000000,1000,20902539,20902584
b305059c32fc7,0,52515337,gaussian,60.000000,1.000000,1000,20954165,20954204
b305059c32fc7,0,52515337,gaussian,60.000000,1.000000,1000,21008968,21009022
b305059c32fc7,0,52515337,gaussian,60.000000,1.000000,1000,21061595,21061644
b305059c32fc7,0,52515337,gaussian,60.000000,1.000000,1000,21114660,21114701
b305059c32fc7,0,52515337,gaussian,60.000000,1.000000,1000,21168321,21168367
b305059c32fc7,0,52515337,gaussian,60.000000,1.000000,1000,21220427,21220472
b305059c32fc7,0,52515337,gaussian,60.000000,1.000000,1000,21272855,21272906
b305059c32fc7,0,52515337,gaussian,60.000000,1.000000,1000,21324533,21324573
b305059c32fc7,0,52515337,gaussian,60.000000,1.000000,1000,21376832,21376881
b305059c32fc7,0,52515337,gaussian,60.000000,1.000000,1000,21427725,21427764
b305059c32fc7,0,52515337,gaussian,60.000000,1.000000,1000,21480586,21480634
b305059c32fc7,0,52515337,gaussian,60.000000,1.000000,1000,21532992,21533039
b305059c32fc7,0,52515337,gaussian,60.000000,1.000000,1000,21585041,21585081
b305059c32fc7,0,52515337,gaussian,60.000000,1.000000,1000,21636476,21636523
b305059c32fc7,0,52515337,gaussian,60.000000,1.000000,1000,21688712,21688758
b305059c32fc7,0,52515337,gaussian,60.000000,1.000000,1000,21740389,21740430
b305059c32fc7,0,52515337,gaussian,60.000000,1.000000,1000,21791344,21791391
b305059c32fc7,0,52515337,gaussian,60.000000,1.000000,1000,21844748,21844795
b305059c32fc7,0,52515337,gaussian,60.000000,1.000000,1000,21896582,21896622
b305059c32fc7,0,52515337,gaussian,60.000000,1.000000,1000,21949567,21949617
b305059c32fc7,0,52515337,gaussian,60.000000,1.000000,1000,22000879,22000925
b305059c32fc7,0,52515337,gaussian,60.000000,1.000000,1000,22052500,22052541
b305059c32fc7,0,52515337,gaussian,60.000000,1.000000,1000,22104368,22104419
b305059c32fc7,0,52515337,gaussian,60.000000,1.000000,1000,22155996,22156042
b305059c32fc7,0,52515337,gaussian,60.000000,1.000000,1000,22208041,22208081
b305059c32fc7,0,52515337,gaussian,60.000000,1.000000,1000,22260345,22260393
b305059c32fc7,0,52515337,gaussian,60.000000,1.000000,1000,22311995,22312043
b305059c32fc7,0,52515337,gaussian,60.000000,1.000000,1000,22364579,22364619
b305059c32fc7,0,52515337,gaussian,60.000000,1.000000,1000,22416560,22416607
b305059c32fc7,0,52515337,gaussian,60.000000,1.000000,1000,22468669,22468713
b305059c32fc7,0,52515337,gaussian,60.000000,1.000000,1000,22520943,22520984
b305059c32fc7,0,52515337,gaussian,60.000000,1.000000,1000,22572816,22572865
b305059c32fc7,0,52515337,gaussian,60.000000,1.000000,1000,22626928,22626975
b305059c32fc7,0,52515337,gaussian,60.000000,1.000000,1000,22679235,22679274
b305059c32fc7,0,52515337,gaussian,60.000000,1.000000,1000,22731819,22731861
b305059c32fc7,0,52515337,gaussian,60.000000,1.000000,1000,22783996,22784036
b305059c32fc7,0,52515337,gaussian,60.000000,1.000000,1000,22835954,22835994
b305059c32fc7,0,52515337,gaussian,60.000000,1.000000,1000,22888235,22888284
b305059c32fc7,0,52515337,gaussian,60.000000,1.000000,1000,22939958,22940004
b305059c32fc7,0,52515337,gaussian,60.000000,1.000000,1000,22991287,22991326
b305059c32fc7,0,52515337,gaussian,60.000000,1.000000,1000,23042815,23042863
b305059c32fc7,0,52515337,gaussian,60.000000,1.000000,1000,23095339,23095390
b305059c32fc7,0,52515337,gaussian,60.000000,1.000000,1000,23146133,23146171
b305059c32fc7,0,52515337,gaussian,60.000000,1.000000,1000,23198130,23198180
b305059c32fc7,0,52515337,gaussian,60.000000,1.000000,1000,23249500,23249547
b305059c32fc7,0,52515337,gaussian,60.000000,1.000000,1000,23301987,23302027
b305059c32fc7,0,52515337,gaussian,60.000000,1.000000,1000,23354049,23354097
b305059c32fc7,0,52515337,gaussian,60.000000,1.000000,1000,23407487,23407535
b305059c32fc7,0,52515337,gaussian,60.000000,1.000000,1000,23459504,23459544
b305059c32fc7,0,52515337,gaussian,60.000000,1.000000,1000,23510187,23510232
b305059c32fc7,0,52515337,gaussian,60.000000,1.000000,1000,23562507,23562555
b305059c32fc7,0,52515337,gaussian,60.000000,1.000000,1000,23615160,23615198
b305059c32fc7,0,52515337,gaussian,60.000000,1.000000,1000,23666758,23666805
b305059c32fc7,0,52515337,gaussian,60.000000,1.000000,1000,23718238,23718286
b305059c32fc7,0,52515337,gaussian,60.000000,1.000000,1000,23770628,23770668
b305059c32fc7,0,52515337,gaussian,60.000000,1.000000,1000,23823812,23823859
b305059c32fc7,0,52515337,gaussian,60.000000,1.000000,1000,23875717,23875756
b305059c32fc7,0,52515337,gaussian,60.000000,1.000000,1000,23928275,23928327
b305059c32fc7,0,52515337,gaussian,60.000000,1.000000,1000,23979741,23979787
b305059c32fc7,0,52515337,gaussian,60.000000,1.000000,1000,24032534,24032575
b305059c32fc7,0,52515337,gaussian,60.000000,1.000000,1000,24084697,24084737
b305059c32fc7,0,52515337,gaussian,60.000000,1.000000,1000,24136019,24136069
b305059c32fc7,0,52515337,gaussian,60.000000,1.000000,1000,24189014,24189062
b305059c32fc7,0,52515337,gaussian,60.000000,1.000000,1000,24241651,24241701
b305059c32fc7,0,52515337,gaussian,60.000000,1.000000,1000,24293277,24293317
b305059c32fc7,0,52515337,gaussian,60.000000,1.000000,1000,24344817,24344864
b305059c32fc7,0,52515337,gaussian,60.000000,1.000000,1000,24396003,24396051
b305059c32fc7,0,52515337,gaussian,60.000000,1.000000,1000,24447643,24447682
b305059c32fc7,0,52515337,gaussian,60.000000,1.000000,1000,24500588,24500634
b305059c32fc7,0,52515337,gaussian,60.000000,1.000000,1000,24554548,24554595
b305059c32fc7,0,52515337,gaussian,60.000000,1.000000,1000,24606530,24606576
b305059c32fc7,0,52515337,gaussian,60.000000,1.000000,1000,24658362,24658402
b305059c32fc7,0,52515337,gaussian,60.000000,1.000000,1000,24711386,24711430
b305059c32fc7,0,52515337,gaussian,60.000000,1.000000,1000,24764510,24764558
b305059c32fc7,0,52515337,gaussian,60.000000,1.000000,1000,24815691,24815740
b305059c32fc7,0,52515337,gaussian,60.000000,1.000000,1000,24867274,24867313
b305059c32fc7,0,52515337,gaussian,60.000000,1.000000,1000,24918592,24918630
b305059c32fc7,0,52515337,gaussian,60.000000,1.000000,1000,24970583,24970621
b305059c32fc7,0,52515337,gaussian,60.000000,1.000000,1000,25022508,25022551
b305059c32fc7,0,52515337,gaussian,60.000000,1.000000,1000,25075679,25075715
b305059c32fc7,0,52515337,gaussian,60.000000,1.000000,1000,25128530,25128579
b305059c32fc7,0,52515337,gaussian,60.000000,1.000000,1000,25180928,25180972
b305059c32fc7,0,52515337,gaussian,60.000000,1.000000,1000,25232525,25232569
b305059c32fc7,0,52515337,gaussian,60.000000,1.000000,1000,25286026,25286063
b305059c32fc7,0,52515337,gaussian,60.000000,1.000000,1000,25338718,25338769
b305059c32fc7,0,52515337,gaussian,60.000000,1.000000,1000,25392160,25392206
b305059c32fc7,0,52515337,gaussian,60.000000,1.000000,1000,25443671,25443720
b305059c32fc7,0,52515337,gaussian,60.000000,1.000000,1000,25496272,25496312
b305059c32fc7,0,52515337,gaussian,60.000000,1.000000,1000,25547485,25547534
b305059c32fc7,0,52515337,gaussian,60.000000,1.000000,1000,25598413,25598460
b305059c32fc7,0,52515337,gaussian,60.000000,1.000000,1000,25650941,25650980
b305059c32fc7,0,52515337,gaussian,60.000000,1.000000,1000,25701549,25701595
b305059c32fc7,0,52515337,gaussian,60.000000,1.000000,1000,25754484,25754529
b305059c32fc7,0,52515337,gaussian,60.000000,1.000000,1000,25807672,25807719
b305059c32fc7,0,52515337,gaussian,60.000000,1.000000,1000,25861689,25861729
b305059c32fc7,0,52515337,gaussian,60.000000,1.000000,1000,25913321,25913367
b305059c32fc7,0,52515337,gaussian,60.000000,1.000000,1000,25965501,25965548
b305059c32fc7,0,52515337,gaussian,60.000000,1.000000,1000,26017788,26017833
b305059c32fc7,0,52515337,gaussian,60.000000,1.000000,1000,26070347,26070384
b305059c32fc7,0,52515337,gaussian,60.000000,1.000000,1000,26123529,26123570
b305059c32fc7,0,52515337,gaussian,60.000000,1.000000,1000,26176178,26176220
b305059c32fc7,0,52515337,gaussian,60.000000,1.000000,1000,26227839,26227884
b305059c32fc7,0,52515337,gaussian,60.000000,1.000000,1000,26279540,26279579
b305059c32fc7,0,52515337,gaussian,60.000000,1.000000,1000,26333064,26333108
b305059c32fc7,0,52515337,gaussian,60.000000,1.000000,1000,26385233,26385280
b305059c32fc7,0,52515337,gaussian,60.000000,1.000000,1000,26437181,26437226
b305059c32fc7,0,52515337,gaussian,60.000000,1.000000,1000,26488398,26488439
b305059c32fc7,0,52515337,gaussian,60.000000,1.000000,1000,26540434,26540472
b305059c32fc7,0,52515337,gaussian,60.000000,1.000000,1000,26594508,26594552
b305059c32fc7,0,52515337,gaussian,60.000000,1.000000,1000,26646761,26646805
b305059c32fc7,0,52515337,gaussian,60.000000,1.000000,1000,26700079,26700118
b305059c32fc7,0,52515337,gaussian,60.000000,1.000000,1000,26753271,26753318
b305059c32fc7,0,52515337,gaussian,60.000000,1.000000,1000,26805154,26805198
b305059c32fc7,0,52515337,gaussian,60.000000,1.000000,1000,26857275,26857314
b305059c32fc7,0,52515337,gaussian,60.000000,1.000000,1000,26909126,26909165
b305059c32fc7,0,52515337,gaussian,60.000000,1.000000,1000,26961526,26961570
b305059c32fc7,0,52515337,gaussian,60.000000,1.000000,1000,27015092,27015137
b305059c32fc7,0,52515337,gaussian,60.000000,1.000000,1000,27068292,27068338
b305059c32fc7,0,52515337,gaussian,60.000000,1.000000,1000,27119645,27119681
b305059c32fc7,0,52515337,gaussian,60.000000,1.000000,1000,27170467,27170512
b305059c32fc7,0,52515337,gaussian,60.000000,1.000000,1000,27223028,27223074
b305059c32fc7,0,52515337,gaussian,60.000000,1.000000,1000,27276229,27276266
b305059c32fc7,0,52515337,gaussian,60.000000,1.000000,1000,27327714,27327751
b305059c32fc7,0,52515337,gaussian,60.000000,1.000000,1000,27378784,27378834
b305059c32fc7,0,52515337,gaussian,60.000000,1.000000,1000,27431786,27431832
b305059c32fc7,0,52515337,gaussian,60.000000,1.000000,1000,27482532,27482569
b305059c32fc7,0,52515337,gaussian,60.000000,1.000000,1000,27534262,27534307
b305059c32fc7,0,52515337,gaussian,60.000000,1.000000,1000,27586992,27587040
b305059c32fc7,0,52515337,gaussian,60.000000,1.000000,1000,27638337,27638382
b305059c32fc7,0,52515337,gaussian,60.000000,1.000000,1000,27691221,27691260
b305059c32fc7,0,52515337,gaussian,60.000000,1.000000,1000,27743439,27743487
b305059c32fc7,0,52515337,gaussian,60.000000,1.000000,1000,27795817,27795863
b305059c32fc7,0,52515337,gaussian,60.000000,1.000000,1000,27847621,27847659
b305059c32fc7,0,52515337,gaussian,60.000000,1.000000,1000,27898691,27898738
b305059c32fc7,0,52515337,gaussian,60.000000,1.000000,1000,27951313,27951356
b305059c32fc7,0,52515337,gaussian,60.000000,1.000000,1000,28002809,28002856
b305059c32fc7,0,52515337,gaussian,60.000000,1.000000,1000,28055145,28055184
b305059c32fc7,0,52515337,gaussian,60.000000,1.000000,1000,28108102,28108155
b305059c32fc7,0,52515337,gaussian,60.000000,1.000000,1000,28160466,28160511
b305059c32fc7,0,52515337,gaussian,60.000000,1.000000,1000,28213198,28213239
b305059c32fc7,0,52515337,gaussian,60.000000,1.000000,1000,28265259,28265298
b305059c32fc7,0,52515337,gaussian,60.000000,1.000000,1000,28317593,28317639
b305059c32fc7,0,52515337,gaussian,60.000000,1.000000,1000,28369499,28369545
b305059c32fc7,0,52515337,gaussian,60.000000,1.000000,1000,28422514,28422563
b305059c32fc7,0,52515337,gaussian,60.000000,1.000000,1000,28477443,28477487
b305059c32fc7,0,52515337,gaussian,60.000000,1.000000,1000,28529412,28529449
b305059c32fc7,0,52515337,gaussian,60.000000,1.000000,1000,28581534,28581581
b305059c32fc7,0,52515337,gaussian,60.000000,1.000000,1000,28634442,28634485
b305059c32fc7,0,52515337,gaussian,60.000000,1.000000,1000,28685010,28685050
b305059c32fc7,0,52515337,gaussian,60.000000,1.000000,1000,28737791,28737836
b305059c32fc7,0,52515337,gaussian,60.000000,1.000000,1000,28789231,28789279
b305059c32fc7,0,52515337,gaussian,60.000000,1.000000,1000,28842105,28842152
b305059c32fc7,0,52515337,gaussian,60.000000,1.000000,1000,28893691,28893729
b305059c32fc7,0,52515337,gaussian,60.000000,1.000000,1000,28945088,28945134
b305059c32fc7,0,52515337,gaussian,60.000000,1.000000,1000,28997850,28997897
b305059c32fc7,0,52515337,gaussian,60.000000,1.000000,1000,29050997,29051036
b305059c32fc7,0,52515337,gaussian,60.000000,1.000000,1000,29102402,29102439
b305059c32fc7,0,52515337,gaussian,60.000000,1.000000,1000,29154389,29154436
b305059c32fc7,0,52515337,gaussian,60.000000,1.000000,1000,29206327,29206374
b305059c32fc7,0,52515337,gaussian,60.000000,1.000000,1000,29258785,29258824
b305059c32fc7,0,52515337,gaussian,60.000000,1.000000,1000,29311049,29311095
b305059c32fc7,0,52515337,gaussian,60.000000,1.000000,1000,29363322,29363368
b305059c32fc7,0,52515337,gaussian,60.000000,1.000000,1000,29415249,29415295
b305059c32fc7,0,52515337,gaussian,60.000000,1.000000,1000,29468553,29468592
b305059c32fc7,0,52515337,gaussian,60.000000,1.000000,1000,29520781,29520829
b305059c32fc7,0,52515337,gaussian,60.000000,1.000000,1000,29573887,29573931
b305059c32fc7,0,52515337,gaussian,60.000000,1.000000,1000,29625426,29625472
b305059c32fc7,0,52515337,gaussian,60.000000,1.000000,1000,29678360,29678398
b305059c32fc7,0,52515337,gaussian,60.000000,1.000000,1000,29730931,29730969
b305059c32fc7,0,52515337,gaussian,60.000000,1.000000,1000,29783050,29783089
b305059c32fc7,0,52515337,gaussian,60.000000,1.000000,1000,29834777,29834826
b305059c32fc7,0,52515337,gaussian,60.000000,1.000000,1000,29887649,29887685
b305059c32fc7,0,52515337,gaussian,60.000000,1.000000,1000,29940786,29940831
b305059c32fc7,0,52515337,gaussian,60.000000,1.000000,1000,29993260,29993307
b305059c32fc7,0,52515337,gaussian,60.000000,1.000000,1000,30045591,30045637
b305059c32fc7,0,52515337,gaussian,60.000000,1.000000,1000,30096163,30096203
b305059c32fc7,0,52515337,gaussian,60.000000,1.000000,1000,30149050,30149096
b305059c32fc7,0,52515337,gaussian,60.000000,1.000000,1000,30202305,30202351
b305059c32fc7,0,52515337,gaussian,60.000000,1.000000,1000,30255296,30255341
b305059c32fc7,0,52515337,gaussian,60.000000,1.000000,1000,30307768,30307805
b305059c32fc7,0,52515337,gaussian,60.000000,1.000000,1000,30360240,30360284
b305059c32fc7,0,52515337,gaussian,60.000000,1.000000,1000,30411963,30412006
b305059c32fc7,0,52515337,gaussian,60.000000,1.000000,1000,30464268,30464313
b305059c32fc7,0,52515337,gaussian,60.000000,1.000000,1000,30516492,30516531
b305059c32fc7,0,52515337,gaussian,60.000000,1.000000,1000,30567650,30567696
b305059c32fc7,0,52515337,gaussian,60.000000,1.000000,1000,30619904,30619948
b305059c32fc7,0,52515337,gaussian,60.000000,1.000000,1000,30671750,30671790
b305059c32fc7,0,52515337,gaussian,60.000000,1.000000,1000,30724692,30724733
b305059c32fc7,0,52515337,gaussian,60.000000,1.000000,1000,30776151,30776201
b305059c32fc7,0,52515337,gaussian,60.000000,1.000000,1000,30830250,30830298
b305059c32fc7,0,52515337,gaussian,60.000000,1.000000,1000,30883963,30884002
b305059c32fc7,0,52515337,gaussian,60.000000,1.000000,1000,30936063,30936111
b305059c32fc7,0,52515337,gaussian,60.000000,1.000000,1000,30989931,30989973
b305059c32fc7,0,52515337,gaussian,60.000000,1.000000,1000,31042773,31042818
b305059c32fc7,0,52515337,gaussian,60.000000,1.000000,1000,31094289,31094328
b305059c32fc7,0,52515337,gaussian,60.000000,1.000000,1000,31147067,31147114
b305059c32fc7,0,52515337,gaussian,60.000000,1.000000,1000,31201087,31201133
b305059c32fc7,0,52515337,gaussian,60.000000,1.000000,1000,31253403,31253449
b305059c32fc7,0,52515337,gaussian,60.000000,1.000000,1000,31306601,31306646
b305059c32fc7,0,52515337,gaussian,60.000000,1.000000,1000,31360028,31360067
b305059c32fc7,0,52515337,gaussian,60.000000,1.000000,1000,31412169,31412217
b305059c32fc7,0,52515337,gaussian,60.000000,1.000000,1000,31462367,31462413
b305059c32fc7,0,52515337,gaussian,60.000000,1.000000,1000,31513836,31513873
b305059c32fc7,0,52515337,gaussian,60.000000,1.000000,1000,31566309,31566355
b305059c32fc7,0,52515337,gaussian,60.000000,1.000000,1000,31617961,31618007
b305059c32fc7,0,52515337,gaussian,60.000000,1.000000,1000,31669426,31669471
b305059c32fc7,0,52515337,gaussian,60.000000,1.000000,1000,31721784,31721823
b305059c32fc7,0,52515337,gaussian,60.000000,1.000000,1000,31774099,31774145
b305059c32fc7,0,52515337,gaussian,60.000000,1.000000,1000,31826221,31826269
b305059c32fc7,0,52515337,gaussian,60.000000,1.000000,1000,31879090,31879133
b305059c32fc7,0,52515337,gaussian,60.000000,1.000000,1000,31931056,31931093
b305059c32fc7,0,52515337,gaussian,60.000000,1.000000,1000,31982870,31982914
b305059c32fc7,0,52515337,gaussian,60.000000,1.000000,1000,32036075,32036112
b305059c32fc7,0,52515337,gaussian,60.000000,1.000000,1000,32087539,32087591
b305059c32fc7,0,52515337,gaussian,60.000000,1.000000,1000,32142244,32142283
b305059c32fc7,0,52515337,gaussian,60.000000,1.000000,1000,32194745,32194784
b305059c32fc7,0,52515337,gaussian,60.000000,1.000000,1000,32249752,32249791
b305059c32fc7,0,52515337,gaussian,60.000000,1.000000,1000,32302127,32302171
b305059c32fc7,0,52515337,gaussian,60.000000,1.000000,1000,32354416,32354454
b305059c32fc7,0,52515337,gaussian,60.000000,1.000000,1000,32408185,32408229
b305059c32fc7,0,52515337,gaussian,60.000000,1.000000,1000,32459614,32459658
b305059c32fc7,0,52515337,gaussian,60.000000,1.000000,1000,32511645,32511688
b305059c32fc7,0,52515337,gaussian,60.000000,1.000000,1000,32563566,32563605
b305059c32fc7,0,52515337,gaussian,60.000000,1.000000,1000,32616087,32616133
b305059c32fc7,0,52515337,gaussian,60.000000,1.000000,1000,32668613,32668659
b305059c32fc7,0,52515337,gaussian,60.000000,1.000000,1000,32720556,32720602
b305059c32fc7,0,52515337,gaussian,60.000000,1.000000,1000,32774945,32774983
b305059c32fc7,0,52515337,gaussian,60.000000,1.000000,1000,32826359,32826406
b305059c32fc7,0,52515337,gaussian,60.000000,1.000000,1000,32878180,32878226
b305059c32fc7,0,52515337,gaussian,60.000000,1.000000,1000,32928702,32928740
b305059c32fc7,0,52515337,gaussian,60.000000,1.000000,1000,32981258,32981303
b305059c32fc7,0,52515337,gaussian,60.000000,1.000000,1000,33032846,33032891
b305059c32fc7,0,52515337,gaussian,60.000000,1.000000,1000,33085571,33085614
b305059c32fc7,0,52515337,gaussian,60.000000,1.000000,1000,33137442,33137480
b305059c32fc7,0,52515337,gaussian,60.000000,1.000000,1000,33191244,33191288
b305059c32fc7,0,52515337,gaussian,60.000000,1.000000,1000,33243328,33243376
b305059c32fc7,0,52515337,gaussian,60.000000,1.000000,1000,33295854,33295899
b305059c32fc7,0,52515337,gaussian,60.000000,1.000000,1000,33348079,33348117
b305059c32fc7,0,52515337,gaussian,60.000000,1.000000,1000,33401663,33401707
b305059c32fc7,0,52515337,gaussian,60.000000,1.000000,1000,33454084,33454131
b305059c32fc7,0,52515337,gaussian,60.000000,1.000000,1000,33507239,33507283
b305059c32fc7,0,52515337,gaussian,60.000000,1.000000,1000,33559888,33559927
b305059c32fc7,0,52515337,gaussian,60.000000,1.000000,1000,33611515,33611565
b305059c32fc7,0,52515337,gaussian,60.000000,1.000000,1000,33663412,33663459
b305059c32fc7,0,52515337,gaussian,60.000000,1.000000,1000,33715421,33715468
b305059c32fc7,0,52515337,gaussian,60.000000,1.000000,1000,33767906,33767944
b305059c32fc7,0,52515337,gaussian,60.000000,1.000000,1000,33820753,33820797
b305059c32fc7,0,52515337,gaussian,60.000000,1.000000,1000,33873259,33873306
b305059c32fc7,0,52515337,gaussian,60.000000,1.000000,1000,33925529,33925572
b305059c32fc7,0,52515337,gaussian,60.000000,1.000000,1000,33977560,33977597
b305059c32fc7,0,52515337,gaussian,60.000000,1.000000,1000,34030155,34030200
b305059c32fc7,0,52515337,gaussian,60.000000,1.000000,1000,34082852,34082898
b305059c32fc7,0,52515337,gaussian,60.000000,1.000000,1000,34134820,34134864
b305059c32fc7,0,52515337,gaussian,60.000000,1.000000,1000,34187571,34187608
b305059c32fc7,0,52515337,gaussian,60.000000,1.000000,1000,34241150,34241196
b305059c32fc7,0,52515337,gaussian,60.000000,1.000000,1000,34291578,34291623
b305059c32fc7,0,52515337,gaussian,60.000000,1.000000,1000,34343508,34343547
b305059c32fc7,0,52515337,gaussian,60.000000,1.000000,1000,34396890,34396938
b305059c32fc7,0,52515337,gaussian,60.000000,1.000000,1000,34448821,34448869
b305059c32fc7,0,52515337,gaussian,60.000000,1.000000,1000,34501998,34502042
b305059c32fc7,0,52515337,gaussian,60.000000,1.000000,1000,34554374,34554411
b305059c32fc7,0,52515337,gaussian,60.000000,1.000000,1000,34608065,34608111
b305059c32fc7,0,52515337,gaussian,60.000000,1.000000,1000,34658902,34658947
b305059c32fc7,0,52515337,gaussian,60.000000,1.000000,1000,34710264,34710308
b305059c32fc7,0,52515337,gaussian,60.000000,1.000000,1000,34762150,34762187
b305059c32fc7,0,52515337,gaussian,60.000000,1.000000,1000,34813480,34813525
b305059c32fc7,0,52515337,gaussian,60.000000,1.000000,1000,34864238,34864281
b305059c32fc7,0,52515337,gaussian,60.000000,1.000000,1000,34916222,34916258
b305059c32fc7,0,52515337,gaussian,60.000000,1.000000,1000,34969300,34969348
b305059c32fc7,0,52515337,gaussian,60.000000,1.000000,1000,35021586,35021629
b305059c32fc7,0,52515337,gaussian,60.000000,1.000000,1000,35073497,35073541
b305059c32fc7,0,52515337,gaussian,60.000000,1.000000,1000,35125137,35125176
b305059c32fc7,0,52515337,gaussian,60.000000,1.000000,1000,35178662,35178707
b305059c32fc7,0,52515337,gaussian,60.000000,1.000000,1000,35230736,35230780
b305059c32fc7,0,52515337,gaussian,60.000000,1.000000,1000,35283586,35283631
b305059c32fc7,0,52515337,gaussian,60.000000,1.000000,1000,35335331,35335371
b305059c32fc7,0,52515337,gaussian,60.000000,1.000000,1000,35388293,35388331
b305059c32fc7,0,52515337,gaussian,60.000000,1.000000,1000,35441522,35441562
b305059c32fc7,0,52515337,gaussian,60.000000,1.000000,1000,35494227,35494273
b305059c32fc7,0,52515337,gaussian,60.000000,1.000000,1000,35547742,35547782
b305059c32fc7,0,52515337,gaussian,60.000000,1.000000,1000,35601382,35601431
b305059c32fc7,0,52515337,gaussian,60.000000,1.000000,1000,35652861,35652908
b305059c32fc7,0,52515337,gaussian,60.000000,1.000000,1000,35705243,35705287
b305059c32fc7,0,52515337,gaussian,60.000000,1.000000,1000,35758022,35758060
b305059c32fc7,0,52515337,gaussian,60.000000,1.000000,1000,35810772,35810820
b305059c32fc7,0,52515337,gaussian,60.000000,1.000000,1000,35862553,35862599
b305059c32fc7,0,52515337,gaussian,60.000000,1.000000,1000,35914654,35914700
b305059c32fc7,0,52515337,gaussian,60.000000,1.000000,1000,35966604,35966644
b305059c32fc7,0,52515337,gaussian,60.000000,1.000000,1000,36016944,36016991
b305059c32fc7,0,52515337,gaussian,60.000000,1.000000,1000,36069959,36070017
b305059c32fc7,0,52515337,gaussian,60.000000,1.000000,1000,36123801,36123852
b305059c32fc7,0,52515337,gaussian,60.000000,1.000000,1000,36175679,36175719
b305059c32fc7,0,52515337,gaussian,60.000000,1.000000,1000,36227119,36227167
b305059c32fc7,0,52515337,gaussian,60.000000,1.000000,1000,36278820,36278867
b305059c32fc7,0,52515337,gaussian,60.000000,1.000000,1000,36332006,36332046
b305059c32fc7,0,52515337,gaussian,60.000000,1.000000,1000,36383949,36383989
b305059c32fc7,0,52515337,gaussian,60.000000,1.000000,1000,36436757,36436804
b305059c32fc7,0,52515337,gaussian,60.000000,1.000000,1000,36489516,36489562
b305059c32fc7,0,52515337,gaussian,60.000000,1.000000,1000,36541777,36541820
b305059c32fc7,0,52515337,gaussian,60.000000,1.000000,1000,36593731,36593769
b305059c32fc7,0,52515337,gaussian,60.000000,1.000000,1000,36645397,36645440
b305059c32fc7,0,52515337,gaussian,60.000000,1.000000,1000,36696969,36697014
b305059c32fc7,0,52515337,gaussian,60.000000,1.000000,1000,36749858,36749902
b305059c32fc7,0,52515337,gaussian,60.000000,1.000000,1000,36802049,36802089
b305059c32fc7,0,52515337,gaussian,60.000000,1.000000,1000,36854079,36854123
b305059c32fc7,0,52515337,gaussian,60.000000,1.000000,1000,36906817,36906862
b305059c32fc7,0,52515337,gaussian,60.000000,1.000000,1000,36959944,36959983
b305059c32fc7,0,52515337,gaussian,60.000000,1.000000,1000,37010785,37010832
b305059c32fc7,0,52515337,gaussian,60.000000,1.000000,1000,37064599,37064643
b305059c32fc7,0,52515337,gaussian,60.000000,1.000000,1000,37116955,37116996
b305059c32fc7,0,52515337,gaussian,60.000000,1.000000,1000,37168970,37169007
b305059c32fc7,0,52515337,gaussian,60.000000,1.000000,1000,37218163,37218206
b305059c32fc7,0,52515337,gaussian,60.000000,1.000000,1000,37271248,37271289
b305059c32fc7,0,52515337,gaussian,60.000000,1.000000,1000,37324280,37324322
b305059c32fc7,0,52515337,gaussian,60.000000,1.000000,1000,37378518,37378556
b305059c32fc7,0,52515337,gaussian,60.000000,1.000000,1000,37430383,37430429
b305059c32fc7,0,52515337,gaussian,60.000000,1.000000,1000,37482441,37482487
b305059c32fc7,0,52515337,gaussian,60.000000,1.000000,1000,37535168,37535213
b305059c32fc7,0,52515337,gaussian,60.000000,1.000000,1000,37587072,37587112
b305059c32fc7,0,52515337,gaussian,60.000000,1.000000,1000,37639188,37639232
b305059c32fc7,0,52515337,gaussian,60.000000,1.000000,1000,37690350,37690395
b305059c32fc7,0,52515337,gaussian,60.000000,1.000000,1000,37743013,37743052
b305059c32fc7,0,52515337,gaussian,60.000000,1.000000,1000,37794914,37794952
b305059c32fc7,0,52515337,gaussian,60.000000,1.000000,1000,37846852,37846898
b305059c32fc7,0,52515337,gaussian,60.000000,1.000000,1000,37899039,37899082
b305059c32fc7,0,52515337,gaussian,60.000000,1.000000,1000,37951861,37951900
b305059c32fc7,0,52515337,gaussian,60.000000,1.000000,1000,38003967,38004013
b305059c32fc7,0,52515337,gaussian,60.000000,1.000000,1000,38055832,38055879
b305059c32fc7,0,52515337,gaussian,60.000000,1.000000,1000,38107035,38107080
b305059c32fc7,0,52515337,gaussian,60.000000,1.000000,1000,38159644,38159682
b305059c32fc7,0,52515337,gaussian,60.000000,1.000000,1000,38211388,38211432
b305059c32fc7,0,52515337,gaussian,60.000000,1.000000,1000,38261835,38261879
b305059c32fc7,0,52515337,gaussian,60.000000,1.000000,1000,38314092,38314131
b305059c32fc7,0,52515337,gaussian,60.000000,1.000000,1000,38366081,38366126
b305059c32fc7,0,52515337,gaussian,60.000000,1.000000,1000,38420035,38420079
b305059c32fc7,0,52515337,gaussian,60.000000,1.000000,1000,38472206,38472248
b305059c32fc7,0,52515337,gaussian,60.000000,1.000000,1000,38524905,38524943
b305059c32fc7,0,52515337,gaussian,60.000000,1.000000,1000,38574974,38575022
b305059c32fc7,0,52515337,gaussian,60.000000,1.000000,1000,38627977,38628022
b305059c32fc7,0,52515337,gaussian,60.000000,1.000000,1000,38679655,38679698
b305059c32fc7,0,52515337,gaussian,60.000000,1.000000,1000,38731676,38731715
b305059c32fc7,0,52515337,gaussian,60.000000,1.000000,1000,38782095,38782139
b305059c32fc7,0,52515337,gaussian,60.000000,1.000000,1000,38833855,38833899
b305059c32fc7,0,52515337,gaussian,60.000000,1.000000,1000,38886416,38886457
b305059c32fc7,0,52515337,gaussian,60.000000,1.000000,1000,38938042,38938087
b305059c32fc7,0,52515337,gaussian,60.000000,1.000000,1000,38990378,38990420
b305059c32fc7,0,52515337,gaussian,60.000000,1.000000,1000,39042201,39042245
b305059c32fc7,0,52515337,gaussian,60.000000,1.000000,1000,39093676,39093714
b305059c32fc7,0,52515337,gaussian,60.000000,1.000000,1000,39146339,39146384
b305059c32fc7,0,52515337,gaussian,60.000000,1.000000,1000,39198114,39198160
b305059c32fc7,0,52515337,gaussian,60.000000,1.000000,1000,39250074,39250121
b305059c32fc7,0,52515337,gaussian,60.000000,1.000000,1000,39303075,39303112
b305059c32fc7,0,52515337,gaussian,60.000000,1.000000,1000,39356892,39356936
b305059c32fc7,0,52515337,gaussian,60.000000,1.000000,1000,39409389,39409435
b305059c32fc7,0,52515337,gaussian,60.000000,1.000000,1000,39462019,39462062
b305059c32fc7,0,52515337,gaussian,60.000000,1.000000,1000,39515317,39515355
b305059c32fc7,0,52515337,gaussian,60.000000,1.000000,1000,39568555,39568600
b305059c32fc7,0,52515337,gaussian,60.000000,1.000000,1000,39621061,39621102
b305059c32fc7,0,52515337,gaussian,60.000000,1.000000,1000,39671996,39672039
b305059c32fc7,0,52515337,gaussian,60.000000,1.000000,1000,39725323,39725361
b305059c32fc7,0,52515337,gaussian,60.000000,1.000000,1000,39778288,39778330
b305059c32fc7,0,52515337,gaussian,60.000000,1.000000,1000,39831081,39831127
b305059c32fc7,0,52515337,gaussian,60.000000,1.000000,1000,39883194,39883239
b305059c32fc7,0,52515337,gaussian,60.000000,1.000000,1000,39936435,39936473
b305059c32fc7,0,52515337,gaussian,60.000000,1.000000,1000,39988199,39988243
b305059c32fc7,0,52515337,gaussian,60.000000,1.000000,1000,40040823,40040859
b305059c32fc7,0,52515337,gaussian,60.000000,1.000000,1000,40094361,40094414
b305059c32fc7,0,52515337,gaussian,60.000000,1.000000,1000,40146445,40146482
b305059c32fc7,0,52515337,gaussian,60.000000,1.000000,1000,40198337,40198385
b305059c32fc7,0,52515337,gaussian,60.000000,1.000000,1000,40251532,40251574
b305059c32fc7,0,52515337,gaussian,60.000000,1.000000,1000,40304699,40304744
b305059c32fc7,0,52515337,gaussian,60.000000,1.000000,1000,40357325,40357361
b305059c32fc7,0,52515337,gaussian,60.000000,1.000000,1000,40409018,40409058
b305059c32fc7,0,52515337,gaussian,60.000000,1.000000,1000,40461606,40461644
b305059c32fc7,0,52515337,gaussian,60.000000,1.000000,1000,40515043,40515083
b305059c32fc7,0,52515337,gaussian,60.000000,1.000000,1000,40568371,40568409
b305059c32fc7,0,52515337,gaussian,60.000000,1.000000,1000,40623183,40623230
b305059c32fc7,0,52515337,gaussian,60.000000,1.000000,1000,40675362,40675401
b305059c32fc7,0,52515337,gaussian,60.000000,1.000000,1000,40726999,40727044
b305059c32fc7,0,52515337,gaussian,60.000000,1.000000,1000,40779475,40779514
b305059c32fc7,0,52515337,gaussian,60.000000,1.000000,1000,40832610,40832655
b305059c32fc7,0,52515337,gaussian,60.000000,1.000000,1000,40884244,40884287
b305059c32fc7,0,52515337,gaussian,60.000000,1.000000,1000,40936626,40936673
b305059c32fc7,0,52515337,gaussian,60.000000,1.000000,1000,40988396,40988435
b305059c32fc7,0,52515337,gaussian,60.000000,1.000000,1000,41039624,41039669
b305059c32fc7,0,52515337,gaussian,60.000000,1.000000,1000,41093733,41093775
b305059c32fc7,0,52515337,gaussian,60.000000,1.000000,1000,41146700,41146737
b305059c32fc7,0,52515337,gaussian,60.000000,1.000000,1000,41198154,41198192
b305059c32fc7,0,52515337,gaussian,60.000000,1.000000,1000,41249811,41249858
b305059c32fc7,0,52515337,gaussian,60.000000,1.000000,1000,41302410,41302454
b305059c32fc7,0,52515337,gaussian,60.000000,1.000000,1000,41355548,41355592
b305059c32fc7,0,52515337,gaussian,60.000000,1.000000,1000,41407224,41407262
b305059c32fc7,0,52515337,gaussian,60.000000,1.000000,1000,41459841,41459888
b305059c32fc7,0,52515337,gaussian,60.000000,1.000000,1000,41509779,41509826
b305059c32fc7,0,52515337,gaussian,60.000000,1.000000,1000,41561605,41561644
b305059c32fc7,0,52515337,gaussian,60.000000,1.000000,1000,41614451,41614500
b305059c32fc7,0,52515337,gaussian,60.000000,1.000000,1000,41666876,41666919
b305059c32fc7,0,52515337,gaussian,60.000000,1.000000,1000,41719862,41719908
b305059c32fc7,0,52515337,gaussian,60.000000,1.000000,1000,41771383,41771422
b305059c32fc7,0,52515337,gaussian,60.000000,1.000000,1000,41822369,41822416
b305059c32fc7,0,52515337,gaussian,60.000000,1.000000,1000,41875300,41875344
b305059c32fc7,0,52515337,gaussian,60.000000,1.000000,1000,41928277,41928320
b305059c32fc7,0,52515337,gaussian,60.000000,1.000000,1000,41981654,41981692
b305059c32fc7,0,52515337,gaussian,60.000000,1.000000,1000,42034090,42034138
b305059c32fc7,0,52515337,gaussian,60.000000,1.000000,1000,42085712,42085757
b305059c32fc7,0,52515337,gaussian,60.000000,1.000000,1000,42137733,42137781
b305059c32fc7,0,52515337,gaussian,60.000000,1.000000,1000,42190225,42190264
b305059c32fc7,0,52515337,gaussian,60.000000,1.000000,1000,42243379,42243425
b305059c32fc7,0,52515337,gaussian,60.000000,1.000000,1000,42295572,42295618
b305059c32fc7,0,52515337,gaussian,60.000000,1.000000,1000,42349057,42349102
b305059c32fc7,0,52515337,gaussian,60.000000,1.000000,1000,42400867,42400903
b305059c32fc7,0,52515337,gaussian,60.000000,1.000000,1000,42451982,42452027
b305059c32fc7,0,52515337,gaussian,60.000000,1.000000,1000,42504458,42504502
b305059c32fc7,0,52515337,gaussian,60.000000,1.000000,1000,42556642,42556680
b305059c32fc7,0,52515337,gaussian,60.000000,1.000000,1000,42608341,42608386
b305059c32fc7,0,52515337,gaussian,60.000000,1.000000,1000,42660940,42660986
b305059c32fc7,0,52515337,gaussian,60.000000,1.000000,1000,42713980,42714022
b305059c32fc7,0,52515337,gaussian,60.000000,1.000000,1000,42766368,42766408
b305059c32fc7,0,52515337,gaussian,60.000000,1.000000,1000,42818672,42818722
b305059c32fc7,0,52515337,gaussian,60.000000,1.000000,1000,42870093,42870139
b305059c32fc7,0,52515337,gaussian,60.000000,1.000000,1000,42922510,42922556
b305059c32fc7,0,52515337,gaussian,60.000000,1.000000,1000,42974643,42974683
b305059c32fc7,0,52515337,gaussian,60.000000,1.000000,1000,43027150,43027194
b305059c32fc7,0,52515337,gaussian,60.000000,1.000000,1000,43081119,43081163
b305059c32fc7,0,52515337,gaussian,60.000000,1.000000,1000,43133152,43133194
b305059c32fc7,0,52515337,gaussian,60.000000,1.000000,1000,43186218,43186255
b305059c32fc7,0,52515337,gaussian,60.000000,1.000000,1000,43238589,43238637
b305059c32fc7,0,52515337,gaussian,60.000000,1.000000,1000,43291129,43291167
b305059c32fc7,0,52515337,gaussian,60.000000,1.000000,1000,43343491,43343533
b305059c32fc7,0,52515337,gaussian,60.000000,1.000000,1000,43394249,43394287
b305059c32fc7,0,52515337,gaussian,60.000000,1.000000,1000,43445672,43445718
b305059c32fc7,0,52515337,gaussian,60.000000,1.000000,1000,43498628,43498664
b305059c32fc7,0,52515337,gaussian,60.000000,1.000000,1000,43550344,43550384
b305059c32fc7,0,52515337,gaussian,60.000000,1.000000,1000,43602822,43602861
b305059c32fc7,0,52515337,gaussian,60.000000,1.000000,1000,43654379,43654428
b305059c32fc7,0,52515337,gaussian,60.000000,1.000000,1000,43707470,43707518
b305059c32fc7,0,52515337,gaussian,60.000000,1.000000,1000,43760405,43760444
b305059c32fc7,0,52515337,gaussian,60.000000,1.000000,1000,43810766,43810815
b305059c32fc7,0,52515337,gaussian,60.000000,1.000000,1000,43862917,43862966
b305059c32fc7,0,52515337,gaussian,60.000000,1.000000,1000,43915949,43915996
b305059c32fc7,0,52515337,gaussian,60.000000,1.000000,1000,43967544,43967583
b305059c32fc7,0,52515337,gaussian,60.000000,1.000000,1000,44018774,44018824
b305059c32fc7,0,52515337,gaussian,60.000000,1.000000,1000,44072364,44072420
b305059c32fc7,0,52515337,gaussian,60.000000,1.000000,1000,44126185,44126234
b305059c32fc7,0,52515337,gaussian,60.000000,1.000000,1000,44177858,44177898
b305059c32fc7,0,52515337,gaussian,60.000000,1.000000,1000,44229948,44229989
b305059c32fc7,0,52515337,gaussian,60.000000,1.000000,1000,44281442,44281487
b305059c32fc7,0,52515337,gaussian,60.000000,1.000000,1000,44334271,44334317
b305059c32fc7,0,52515337,gaussian,60.000000,1.000000,1000,44386273,44386311
b305059c32fc7,0,52515337,gaussian,60.000000,1.000000,1000,44438500,44438545
b305059c32fc7,0,52515337,gaussian,60.000000,1.000000,1000,44489902,44489947
b305059c32fc7,0,52515337,gaussian,60.000000,1.000000,1000,44542546,44542593
b305059c32fc7,0,52515337,gaussian,60.000000,1.000000,1000,44594243,44594281
b305059c32fc7,0,52515337,gaussian,60.000000,1.000000,1000,44647114,44647161
b305059c32fc7,0,52515337,gaussian,60.000000,1.000000,1000,44700581,44700627
b305059c32fc7,0,52515337,gaussian,60.000000,1.000000,1000,44750711,44750748
b305059c32fc7,0,52515337,gaussian,60.000000,1.000000,1000,44803328,44803374
b305059c32fc7,0,52515337,gaussian,60.000000,1.000000,1000,44855217,44855262
b305059c32fc7,0,52515337,gaussian,60.000000,1.000000,1000,44908080,44908126
b305059c32fc7,0,52515337,gaussian,60.000000,1.000000,1000,44959266,44959303
b305059c32fc7,0,52515337,gaussian,60.000000,1.000000,1000,45011491,45011535
b305059c32fc7,0,52515337,gaussian,60.000000,1.000000,1000,45064378,45064418
b305059c32fc7,0,52515337,gaussian,60.000000,1.000000,1000,45115780,45115828
b305059c32fc7,0,52515337,gaussian,60.000000,1.000000,1000,45166717,45166757
b305059c32fc7,0,52515337,gaussian,60.000000,1.000000,1000,45218188,45218234
b305059c32fc7,0,52515337,gaussian,60.000000,1.000000,1000,45269186,45269231
b305059c32fc7,0,52515337,gaussian,60.000000,1.000000,1000,45322515,45322553
b305059c32fc7,0,52515337,gaussian,60.000000,1.000000,1000,45374564,45374608
b305059c32fc7,0,52515337,gaussian,60.000000,1.000000,1000,45428551,45428596
b305059c32fc7,0,52515337,gaussian,60.000000,1.000000,1000,45480310,45480355
b305059c32fc7,0,52515337,gaussian,60.000000,1.000000,1000,45532455,45532494
b305059c32fc7,0,52515337,gaussian,60.000000,1.000000,1000,45584075,45584120
b305059c32fc7,0,52515337,gaussian,60.000000,1.000000,1000,45636024,45636072
b305059c32fc7,0,52515337,gaussian,60.000000,1.000000,1000,45689773,45689819
b305059c32fc7,0,52515337,gaussian,60.000000,1.000000,1000,45743017,45743056
b305059c32fc7,0,52515337,gaussian,60.000000,1.000000,1000,45795453,45795500
b305059c32fc7,0,52515337,gaussian,60.000000,1.000000,1000,45848544,45848591
b305059c32fc7,0,52515337,gaussian,60.000000,1.000000,1000,45901067,45901113
b305059c32fc7,0,52515337,gaussian,60.000000,1.000000,1000,45954346,45954383
b305059c32fc7,0,52515337,gaussian,60.000000,1.000000,1000,46007428,46007475
b305059c32fc7,0,52515337,gaussian,60.000000,1.000000,1000,46060556,46060602
b305059c32fc7,0,52515337,gaussian,60.000000,1.000000,1000,46113763,46113808
b305059c32fc7,0,52515337,gaussian,60.000000,1.000000,1000,46164978,46165015
b305059c32fc7,0,52515337,gaussian,60.000000,1.000000,1000,46216799,46216845
b305059c32fc7,0,52515337,gaussian,60.000000,1.000000,1000,46270650,46270695
b305059c32fc7,0,52515337,gaussian,60.000000,1.000000,1000,46323548,46323595
b305059c32fc7,0,52515337,gaussian,60.000000,1.000000,1000,46376115,46376154
b305059c32fc7,0,52515337,gaussian,60.000000,1.000000,1000,46428809,46428852
b305059c32fc7,0,52515337,gaussian,60.000000,1.000000,1000,46481903,46481948
b305059c32fc7,0,52515337,gaussian,60.000000,1.000000,1000,46533658,46533698
b305059c32fc7,0,52515337,gaussian,60.000000,1.000000,1000,46587438,46587478
b305059c32fc7,0,52515337,gaussian,60.000000,1.000000,1000,46639798,46639846
b305059c32fc7,0,52515337,gaussian,60.000000,1.000000,1000,46691900,46691947
b305059c32fc7,0,52515337,gaussian,60.000000,1.000000,1000,46743391,46743437
b305059c32fc7,0,52515337,gaussian,60.000000,1.000000,1000,46795189,46795228
b305059c32fc7,0,52515337,gaussian,60.000000,1.000000,1000,46847702,46847747
b305059c32fc7,0,52515337,gaussian,60.000000,1.000000,1000,46899953,46899999
b305059c32fc7,0,52515337,gaussian,60.000000,1.000000,1000,46950680,46950727
b305059c32fc7,0,52515337,gaussian,60.000000,1.000000,1000,47002777,47002817
b305059c32fc7,0,52515337,gaussian,60.000000,1.000000,1000,47054055,47054102
b305059c32fc7,0,52515337,gaussian,60.000000,1.000000,1000,47107637,47107681
b305059c32fc7,0,52515337,gaussian,60.000000,1.000000,1000,47160459,47160502
b305059c32fc7,0,52515337,gaussian,60.000000,1.000000,1000,47211954,47211993
b305059c32fc7,0,52515337,gaussian,60.000000,1.000000,1000,47263373,47263420
b305059c32fc7,0,52515337,gaussian,60.000000,1.000000,1000,47316847,47316891
b305059c32fc7,0,52515337,gaussian,60.000000,1.000000,1000,47367784,47367823
b305059c32fc7,0,52515337,gaussian,60.000000,1.000000,1000,47420348,47420392
b305059c32fc7,0,52515337,gaussian,60.000000,1.000000,1000,47472130,47472173
b305059c32fc7,0,52515337,gaussian,60.000000,1.000000,1000,47524525,47524569
b305059c32fc7,0,52515337,gaussian,60.000000,1.000000,1000,47577961,47577999
b305059c32fc7,0,52515337,gaussian,60.000000,1.000000,1000,47631782,47631829
b305059c32fc7,0,52515337,gaussian,60.000000,1.000000,1000,47683774,47683820
b305059c32fc7,0,52515337,gaussian,60.000000,1.000000,1000,47736219,47736266
b305059c32fc7,0,52515337,gaussian,60.000000,1.000000,1000,47787397,47787436
b305059c32fc7,0,52515337,gaussian,60.000000,1.000000,1000,47840381,47840429
b305059c32fc7,0,52515337,gaussian,60.000000,1.000000,1000,47893311,47893357
b305059c32fc7,0,52515337,gaussian,60.000000,1.000000,1000,47945491,47945536
b305059c32fc7,0,52515337,gaussian,60.000000,1.000000,1000,47997948,47997985
b305059c32fc7,0,52515337,gaussian,60.000000,1.000000,1000,48050735,48050773
b305059c32fc7,0,52515337,gaussian,60.000000,1.000000,1000,48102550,48102599
b305059c32fc7,0,52515337,gaussian,60.000000,1.000000,1000,48155118,48155164
b305059c32fc7,0,52515337,gaussian,60.000000,1.000000,1000,48208954,48208992
b305059c32fc7,0,52515337,gaussian,60.000000,1.000000,1000,48262480,48262527
b305059c32fc7,0,52515337,gaussian,60.000000,1.000000,1000,48314520,48314563
b305059c32fc7,0,52515337,gaussian,60.000000,1.000000,1000,48365923,48365968
b305059c32fc7,0,52515337,gaussian,60.000000,1.000000,1000,48419110,48419148
b305059c32fc7,0,52515337,gaussian,60.000000,1.000000,1000,48471288,48471335
b305059c32fc7,0,52515337,gaussian,60.000000,1.000000,1000,48524099,48524139
b305059c32fc7,0,52515337,gaussian,60.000000,1.000000,1000,48576725,48576764
b305059c32fc7,0,52515337,gaussian,60.000000,1.000000,1000,48630159,48630198
b305059c32fc7,0,52515337,gaussian,60.000000,1.000000,1000,48682094,48682139
b305059c32fc7,0,52515337,gaussian,60.000000,1.000000,1000,48734678,48734725
b305059c32fc7,0,52515337,gaussian,60.000000,1.000000,1000,48785986,48786031
b305059c32fc7,0,52515337,gaussian,60.000000,1.000000,1000,48837641,48837679
b305059c32fc7,0,52515337,gaussian,60.000000,1.000000,1000,48888901,48888946
b305059c32fc7,0,52515337,gaussian,60.000000,1.000000,1000,48942485,48942534
b305059c32fc7,0,52515337,gaussian,60.000000,1.000000,1000,48993911,48993959
b305059c32fc7,0,52515337,gaussian,60.000000,1.000000,1000,49045669,49045708
b305059c32fc7,0,52515337,gaussian,60.000000,1.000000,1000,49099353,49099400
b305059c32fc7,0,52515337,gaussian,60.000000,1.000000,1000,49152106,49152154
b305059c32fc7,0,52515337,gaussian,60.000000,1.000000,1000,49203612,49203656
b305059c32fc7,0,52515337,gaussian,60.000000,1.000000,1000,49256598,49256638
b305059c32fc7,0,52515337,gaussian,60.000000,1.000000,1000,49308247,49308295
b305059c32fc7,0,52515337,gaussian,60.000000,1.000000,1000,49360830,49360869
b305059c32fc7,0,52515337,gaussian,60.000000,1.000000,1000,49413767,49413807
b305059c32fc7,0,52515337,gaussian,60.000000,1.000000,1000,49465209,49465255
b305059c32fc7,0,52515337,gaussian,60.000000,1.000000,1000,49517260,49517308
b305059c32fc7,0,52515337,gaussian,60.000000,1.000000,1000,49569015,49569060
b305059c32fc7,0,52515337,gaussian,60.000000,1.000000,1000,49622343,49622382
b305059c32fc7,0,52515337,gaussian,60.000000,1.000000,1000,49674752,49674800
b305059c32fc7,0,52515337,gaussian,60.000000,1.000000,1000,49725966,49726011
b305059c32fc7,0,52515337,gaussian,60.000000,1.000000,1000,49778166,49778209
b305059c32fc7,0,52515337,gaussian,60.000000,1.000000,1000,49831577,49831616
b305059c32fc7,0,52515337,gaussian,60.000000,1.000000,1000,49884214,49884258
b305059c32fc7,0,52515337,gaussian,60.000000,1.000000,1000,49936226,49936270
b305059c32fc7,0,52515337,gaussian,60.000000,1.000000,1000,49989752,49989799
b305059c32fc7,0,52515337,gaussian,60.000000,1.000000,1000,50042042,50042081
b305059c32fc7,0,52515337,gaussian,60.000000,1.000000,1000,50093704,50093752
b305059c32fc7,0,52515337,gaussian,60.000000,1.000000,1000,50148180,50148226
b305059c32fc7,0,52515337,gaussian,60.000000,1.000000,1000,50200344,50200390
b305059c32fc7,0,52515337,gaussian,60.000000,1.000000,1000,50253011,50253050
b305059c32fc7,0,52515337,gaussian,60.000000,1.000000,1000,50306501,50306547
b305059c32fc7,0,52515337,gaussian,60.000000,1.000000,1000,50358815,50358862
b305059c32fc7,0,52515337,gaussian,60.000000,1.000000,1000,50411766,50411812
b305059c32fc7,0,52515337,gaussian,60.000000,1.000000,1000,50464092,50464128
b305059c32fc7,0,52515337,gaussian,60.000000,1.000000,1000,50517086,50517135
b305059c32fc7,0,52515337,gaussian,60.000000,1.000000,1000,50569569,50569614
b305059c32fc7,0,52515337,gaussian,60.000000,1.000000,1000,50622457,50622499
b305059c32fc7,0,52515337,gaussian,60.000000,1.000000,1000,50674967,50675005
b305059c32fc7,0,52515337,gaussian,60.000000,1.000000,1000,50726236,50726281
b305059c32fc7,0,52515337,gaussian,60.000000,1.000000,1000,50777504,50777549
b305059c32fc7,0,52515337,gaussian,60.000000,1.000000,1000,50829582,50829620
b305059c32fc7,0,52515337,gaussian,60.000000,1.000000,1000,50881712,50881751
b305059c32fc7,0,52515337,gaussian,60.000000,1.000000,1000,50932909,50932952
b305059c32fc7,0,52515337,gaussian,60.000000,1.000000,1000,50986327,50986375
b305059c32fc7,0,52515337,gaussian,60.000000,1.000000,1000,51036826,51036863
b305059c32fc7,0,52515337,gaussian,60.000000,1.000000,1000,51089257,51089297
b305059c32fc7,0,52515337,gaussian,60.000000,1.000000,1000,51141547,51141593
b305059c32fc7,0,52515337,gaussian,60.000000,1.000000,1000,51193775,51193818
b305059c32fc7,0,52515337,gaussian,60.000000,1.000000,1000,51246334,51246372
b305059c32fc7,0,52515337,gaussian,60.000000,1.000000,1000,51298045,51298092
b305059c32fc7,0,52515337,gaussian,60.000000,1.000000,1000,51349547,51349594
b305059c32fc7,0,52515337,gaussian,60.000000,1.000000,1000,51402526,51402573
b305059c32fc7,0,52515337,gaussian,60.000000,1.000000,1000,51455128,51455167
b305059c32fc7,0,52515337,gaussian,60.000000,1.000000,1000,51507272,51507318
b305059c32fc7,0,52515337,gaussian,60.000000,1.000000,1000,51559341,51559389
b305059c32fc7,0,52515337,gaussian,60.000000,1.000000,1000,51610032,51610070
b305059c32fc7,0,52515337,gaussian,60.000000,1.000000,1000,51661675,51661724
b305059c32fc7,0,52515337,gaussian,60.000000,1.000000,1000,51715492,51715538
b305059c32fc7,0,52515337,gaussian,60.000000,1.000000,1000,51766723,51766767
b305059c32fc7,0,52515337,gaussian,60.000000,1.000000,1000,51818315,51818354
b305059c32fc7,0,52515337,gaussian,60.000000,1.000000,1000,51871506,51871552
b305059c32fc7,0,52515337,gaussian,60.000000,1.000000,1000,51924047,51924093
b305059c32fc7,0,52515337,gaussian,60.000000,1.000000,1000,51977355,51977399
b305059c32fc7,0,52515337,gaussian,60.000000,1.000000,1000,52031385,52031424
b305059c32fc7,0,52515337,gaussian,60.000000,1.000000,1000,52083260,52083299
b305059c32fc7,0,52515337,gaussian,60.000000,1.000000,1000,52134231,52134271
b305059c32fc7,0,52515337,gaussian,60.000000,1.000000,1000,52186295,52186338
b305059c32fc7,0,52515337,gaussian,60.000000,1.000000,1000,52239864,52239904
b305059c32fc7,0,52515337,gaussian,60.000000,1.000000,1000,52291127,52291175
b305059c32fc7,0,52515337,gaussian,60.000000,1.000000,1000,52343784,52343827
b305059c32fc7,0,52515337,gaussian,60.000000,1.000000,1000,52394153,52394197
b305059c32fc7,0,52515337,gaussian,60.000000,1.000000,1000,52447389,52447427
b305059c32fc7,0,52515337,gaussian,60.000000,1.000000,1000,52500007,52500051

