2aec2acfed380,0,52288055,gaussian,60.000000,10.000000,1000,66721,66919
2aec2acfed380,0,52288055,gaussian,60.000000,10.000000,1000,121277,121322
2aec2acfed380,0,52288055,gaussian,60.000000,10.000000,1000,179991,180032
2aec2acfed380,0,52288055,gaussian,60.000000,10.000000,1000,230560,230601
2aec2acfed380,0,52288055,gaussian,60.000000,10.000000,1000,274616,274664
2aec2acfed380,0,52288055,gaussian,60.000000,10.000000,1000,341664,341709
2aec2acfed380,0,52288055,gaussian,60.000000,10.000000,1000,402962,403007
2aec2acfed380,0,52288055,gaussian,60.000000,10.000000,1000,442702,442743
2aec2acfed380,0,52288055,gaussian,60.000000,10.000000,1000,497985,498026
2aec2acfed380,0,52288055,gaussian,60.000000,10.000000,1000,539415,539461
2aec2acfed380,0,52288055,gaussian,60.000000,10.000000,1000,583069,583111
2aec2acfed380,0,52288055,gaussian,60.000000,10.000000,1000,638843,638884
2aec2acfed380,0,52288055,gaussian,60.000000,10.000000,1000,684480,684521
2aec2acfed380,0,52288055,gaussian,60.000000,10.000000,1000,732300,732340
2aec2acfed380,0,52288055,gaussian,60.000000,10.000000,1000,790735,790775
2aec2acfed380,0,52288055,gaussian,60.000000,10.000000,1000,830584,830624
2aec2acfed380,0,52288055,gaussian,60.000000,10.000000,1000,882075,882115
2aec2acfed380,0,52288055,gaussian,60.000000,10.000000,1000,931255,931301
2aec2acfed380,0,52288055,gaussian,60.000000,10.000000,1000,996824,996871
2aec2acfed380,0,52288055,gaussian,60.000000,10.000000,1000,1052441,1052482
2aec2acfed380,0,52288055,gaussian,60.000000,10.000000,1000,1118591,1118631
2aec2acfed380,0,52288055,gaussian,60.000000,10.000000,1000,1161226,1161267
2aec2acfed380,0,52288055,gaussian,60.000000,10.000000,1000,1211430,1211471
2aec2acfed380,0,52288055,gaussian,60.000000,10.000000,1000,1251740,1251780
2aec2acfed380,0,52288055,gaussian,60.000000,10.000000,1000,1297740,1297786
2aec2acfed380,0,52288055,gaussian,60.000000,10.000000,1000,1339477,1339517
2aec2acfed380,0,52288055,gaussian,60.000000,10.000000,1000,1387969,1388011
2aec2acfed380,0,52288055,gaussian,60.000000,10.000000,1000,1453469,1453511
2aec2acfed380,0,52288055,gaussian,60.000000,10.000000,1000,1502140,1502180
2aec2acfed380,0,52288055,gaussian,60.000000,10.000000,1000,1559906,1559963
2aec2acfed380,0,52288055,gaussian,60.000000,10.000000,1000,1602420,1602527
2aec2acfed380,0,52288055,gaussian,60.000000,10.000000,1000,1662435,1662476
2aec2acfed380,0,52288055,gaussian,60.000000,10.000000,1000,1704030,1704071
2aec2acfed380,0,52288055,gaussian,60.000000,10.000000,1000,1737616,1737656
2aec2acfed380,0,52288055,gaussian,60.000000,10.000000,1000,1780784,1780823
2aec2acfed380,0,52288055,gaussian,60.000000,10.000000,1000,1843884,1843932
2aec2acfed380,0,52288055,gaussian,60.000000,10.000000,1000,1892209,1892254
2aec2acfed380,0,52288055,gaussian,60.000000,10.000000,1000,1949197,1949244
2aec2acfed380,0,52288055,gaussian,60.000000,10.000000,1000,2016661,2016701
2aec2acfed380,0,52288055,gaussian,60.000000,10.000000,1000,2058957,2058997
2aec2acfed380,0,52288055,gaussian,60.000000,10.000000,1000,2107943,2108091
2aec2acfed380,0,52288055,gaussian,60.000000,10.000000,1000,2159258,2159298
2aec2acfed380,0,52288055,gaussian,60.000000,10.000000,1000,2225886,2225935
2aec2acfed380,0,52288055,gaussian,60.000000,10.000000,1000,2284343,2284383
2aec2acfed380,0,52288055,gaussian,60.000000,10.000000,1000,2325254,2325299
2aec2acfed380,0,52288055,gaussian,60.000000,10.000000,1000,2382164,2382324
2aec2acfed380,0,52288055,gaussian,60.000000,10.000000,1000,2431322,2431365
2aec2acfed380,0,52288055,gaussian,60.000000,10.000000,1000,2497851,2497898
2aec2acfed380,0,52288055,gaussian,60.000000,10.000000,1000,2560728,2560772
2aec2acfed380,0,52288055,gaussian,60.000000,10.000000,1000,2609028,2609072
2aec2acfed380,0,52288055,gaussian,60.000000,10.000000,1000,2653432,2653531
2aec2acfed380,0,52288055,gaussian,60.000000,10.000000,1000,2701397,2701442
2aec2acfed380,0,52288055,gaussian,60.000000,10.000000,1000,2754193,2754233
2aec2acfed380,0,52288055,gaussian,60.000000,10.000000,1000,2789671,2789712
2aec2acfed380,0,52288055,gaussian,60.000000,10.000000,1000,2847661,2847707
2aec2acfed380,0,52288055,gaussian,60.000000,10.000000,1000,2887153,2887197
2aec2acfed380,0,52288055,gaussian,60.000000,10.000000,1000,2943608,2943647
2aec2acfed380,0,52288055,gaussian,60.000000,10.000000,1000,2991278,2991402
2aec2acfed380,0,52288055,gaussian,60.000000,10.000000,1000,3058618,3058657
2aec2acfed380,0,52288055,gaussian,60.000000,10.000000,1000,3097601,3097641
2aec2acfed380,0,52288055,gaussian,60.000000,10.000000,1000,3149833,3149879
2aec2acfed380,0,52288055,gaussian,60.000000,10.000000,1000,3201662,3201703
2aec2acfed380,0,52288055,gaussian,60.000000,10.000000,1000,3247062,3247102
2aec2acfed380,0,52288055,gaussian,60.000000,10.000000,1000,3286396,3286436
2aec2acfed380,0,52288055,gaussian,60.000000,10.000000,1000,3331116,3331161
2aec2acfed380,0,52288055,gaussian,60.000000,10.000000,1000,3394516,3394564
2aec2acfed380,0,52288055,gaussian,60.000000,10.000000,1000,3455636,3455681
2aec2acfed380,0,52288055,gaussian,60.000000,10.000000,1000,3512990,3513029
2aec2acfed380,0,52288055,gaussian,60.000000,10.000000,1000,3556768,3556814
2aec2acfed380,0,52288055,gaussian,60.000000,10.000000,1000,3610912,3610956
2aec2acfed380,0,52288055,gaussian,60.000000,10.000000,1000,3678951,3678995
2aec2acfed380,0,52288055,gaussian,60.000000,10.000000,1000,3717241,3717281
2aec2acfed380,0,52288055,gaussian,60.000000,10.000000,1000,3759182,3759223
2aec2acfed380,0,52288055,gaussian,60.000000,10.000000,1000,3830843,3830890
2aec2acfed380,0,52288055,gaussian,60.000000,10.000000,1000,3883102,3883203
2aec2acfed380,0,52288055,gaussian,60.000000,10.000000,1000,3919065,3919106
2aec2acfed380,0,52288055,gaussian,60.000000,10.000000,1000,3961444,3961489
2aec2acfed380,0,52288055,gaussian,60.000000,10.000000,1000,4018343,4018449
2aec2acfed380,0,52288055,gaussian,60.000000,10.000000,1000,4066371,4066411
2aec2acfed380,0,52288055,gaussian,60.000000,10.000000,1000,4118692,4118737
2aec2acfed380,0,52288055,gaussian,60.000000,10.000000,1000,4172799,4172846
2aec2acfed380,0,52288055,gaussian,60.000000,10.000000,1000,4221062,4221103
2aec2acfed380,0,52288055,gaussian,60.000000,10.000000,1000,4287480,4287527
2aec2acfed380,0,52288055,gaussian,60.000000,10.000000,1000,4341813,4341858
2aec2acfed380,0,52288055,gaussian,60.000000,10.000000,1000,4397174,4397291
2aec2acfed380,0,52288055,gaussian,60.000000,10.000000,1000,4461528,4465516
2aec2acfed380,0,52288055,gaussian,60.000000,10.000000,1000,4512826,4512865
2aec2acfed380,0,52288055,gaussian,60.000000,10.000000,1000,4555457,4555497
2aec2acfed380,0,52288055,gaussian,60.000000,10.000000,1000,4605011,4605051
2aec2acfed380,0,52288055,gaussian,60.000000,10.000000,1000,4649487,4649531
2aec2acfed380,0,52288055,gaussian,60.000000,10.000000,1000,4706155,4706234
2aec2acfed380,0,52288055,gaussian,60.000000,10.000000,1000,4761587,4761627
2aec2acfed380,0,52288055,gaussian,60.000000,10.000000,1000,4820641,4820684
2aec2acfed380,0,52288055,gaussian,60.000000,10.000000,1000,4869241,4869287
2aec2acfed380,0,52288055,gaussian,60.000000,10.000000,1000,4919902,4919941
2aec2acfed380,0,52288055,gaussian,60.000000,10.000000,1000,4982669,4982711
2aec2acfed380,0,52288055,gaussian,60.000000,10.000000,1000,5038621,5038661
2aec2acfed380,0,52288055,gaussian,60.000000,10.000000,1000,5079795,5079890
2aec2acfed380,0,52288055,gaussian,60.000000,10.000000,1000,5132693,5132738
2aec2acfed380,0,52288055,gaussian,60.000000,10.000000,1000,5184931,5184976
2aec2acfed380,0,52288055,gaussian,60.000000,10.000000,1000,5249977,5250017
2aec2acfed380,0,52288055,gaussian,60.000000,10.000000,1000,5312143,5312189
2aec2acfed380,0,52288055,gaussian,60.000000,10.000000,1000,5365362,5365402
2aec2acfed380,0,52288055,gaussian,60.000000,10.000000,1000,5420159,5420293
2aec2acfed380,0,52288055,gaussian,60.000000,10.000000,1000,5480417,5480465
2aec2acfed380,0,52288055,gaussian,60.000000,10.000000,1000,5538993,5539035
2aec2acfed380,0,52288055,gaussian,60.000000,10.000000,1000,5596655,5596696
2aec2acfed380,0,52288055,gaussian,60.000000,10.000000,1000,5644577,5644617
2aec2acfed380,0,52288055,gaussian,60.000000,10.000000,1000,5723360,5723403
2aec2acfed380,0,52288055,gaussian,60.000000,10.000000,1000,5769232,5769272
2aec2acfed380,0,52288055,gaussian,60.000000,10.000000,1000,5820243,5820283
2aec2acfed380,0,52288055,gaussian,60.000000,10.000000,1000,5858590,5858628
2aec2acfed380,0,52288055,gaussian,60.000000,10.000000,1000,5910448,5910494
2aec2acfed380,0,52288055,gaussian,60.000000,10.000000,1000,5968347,5968462
2aec2acfed380,0,52288055,gaussian,60.000000,10.000000,1000,6032089,6032186
2aec2acfed380,0,52288055,gaussian,60.000000,10.000000,1000,6084513,6084772
2aec2acfed380,0,52288055,gaussian,60.000000,10.000000,1000,6153582,6153623
2aec2acfed380,0,52288055,gaussian,60.000000,10.000000,1000,6218538,6218579
2aec2acfed380,0,52288055,gaussian,60.000000,10.000000,1000,6290893,6290933
2aec2acfed380,0,52288055,gaussian,60.000000,10.000000,1000,6340546,6340586
2aec2acfed380,0,52288055,gaussian,60.000000,10.000000,1000,6406762,6406803
2aec2acfed380,0,52288055,gaussian,60.000000,10.000000,1000,6473663,6473704
2aec2acfed380,0,52288055,gaussian,60.000000,10.000000,1000,6513790,6513832
2aec2acfed380,0,52288055,gaussian,60.000000,10.000000,1000,6576242,6576283
2aec2acfed380,0,52288055,gaussian,60.000000,10.000000,1000,6615566,6615606
2aec2acfed380,0,52288055,gaussian,60.000000,10.000000,1000,6663359,6663400
2aec2acfed380,0,52288055,gaussian,60.000000,10.000000,1000,6704970,6705010
2aec2acfed380,0,52288055,gaussian,60.000000,10.000000,1000,6749702,6749742
2aec2acfed380,0,52288055,gaussian,60.000000,10.000000,1000,6810713,6810753
2aec2acfed380,0,52288055,gaussian,60.000000,10.000000,1000,6859658,6859698
2aec2acfed380,0,52288055,gaussian,60.000000,10.000000,1000,6913960,6914084
2aec2acfed380,0,52288055,gaussian,60.000000,10.000000,1000,6961946,6961986
2aec2acfed380,0,52288055,gaussian,60.000000,10.000000,1000,6993172,6993212
2aec2acfed380,0,52288055,gaussian,60.000000,10.000000,1000,7055361,7055402
2aec2acfed380,0,52288055,gaussian,60.000000,10.000000,1000,7114668,7114711
2aec2acfed380,0,52288055,gaussian,60.000000,10.000000,1000,7156759,7156799
2aec2acfed380,0,52288055,gaussian,60.000000,10.000000,1000,7206233,7206329
2aec2acfed380,0,52288055,gaussian,60.000000,10.000000,1000,7255558,7255598
2aec2acfed380,0,52288055,gaussian,60.000000,10.000000,1000,7315094,7315134
2aec2acfed380,0,52288055,gaussian,60.000000,10.000000,1000,7358227,7358267
2aec2acfed380,0,52288055,gaussian,60.000000,10.000000,1000,7415738,7415777
2aec2acfed380,0,52288055,gaussian,60.000000,10.000000,1000,7467552,7467658
2aec2acfed380,0,52288055,gaussian,60.000000,10.000000,1000,7519765,7519803
2aec2acfed380,0,52288055,gaussian,60.000000,10.000000,1000,7568477,7568518
2aec2acfed380,0,52288055,gaussian,60.000000,10.000000,1000,7631772,7631812
2aec2acfed380,0,52288055,gaussian,60.000000,10.000000,1000,7686163,7686204
2aec2acfed380,0,52288055,gaussian,60.000000,10.000000,1000,7751788,7751831
2aec2acfed380,0,52288055,gaussian,60.000000,10.000000,1000,7799621,7799661
2aec2acfed380,0,52288055,gaussian,60.000000,10.000000,1000,7850451,7850496
2aec2acfed380,0,52288055,gaussian,60.000000,10.000000,1000,7902912,7903008
2aec2acfed380,0,52288055,gaussian,60.000000,10.000000,1000,7933608,7933648
2aec2acfed380,0,52288055,gaussian,60.000000,10.000000,1000,7984953,7985000
2aec2acfed380,0,52288055,gaussian,60.000000,10.000000,1000,8039054,8039098
2aec2acfed380,0,52288055,gaussian,60.000000,10.000000,1000,8089227,8089267
2aec2acfed380,0,52288055,gaussian,60.000000,10.000000,1000,8162272,8162385
2aec2acfed380,0,52288055,gaussian,60.000000,10.000000,1000,8221009,8221054
2aec2acfed380,0,52288055,gaussian,60.000000,10.000000,1000,8286026,8286070
2aec2acfed380,0,52288055,gaussian,60.000000,10.000000,1000,8346710,8346753
2aec2acfed380,0,52288055,gaussian,60.000000,10.000000,1000,8410510,8410557
2aec2acfed380,0,52288055,gaussian,60.000000,10.000000,1000,8452231,8452270
2aec2acfed380,0,52288055,gaussian,60.000000,10.000000,1000,8510030,8510075
2aec2acfed380,0,52288055,gaussian,60.000000,10.000000,1000,8551180,8551221
2aec2acfed380,0,52288055,gaussian,60.000000,10.000000,1000,8603820,8603865
2aec2acfed380,0,52288055,gaussian,60.000000,10.000000,1000,8662480,8662527
2aec2acfed380,0,52288055,gaussian,60.000000,10.000000,1000,8711014,8711120
2aec2acfed380,0,52288055,gaussian,60.000000,10.000000,1000,8764099,8764211
2aec2acfed380,0,52288055,gaussian,60.000000,10.000000,1000,8821839,8821882
2aec2acfed380,0,52288055,gaussian,60.000000,10.000000,1000,8868132,8868174
2aec2acfed380,0,52288055,gaussian,60.000000,10.000000,1000,8911656,8911701
2aec2acfed380,0,52288055,gaussian,60.000000,10.000000,1000,8953926,8953964
2aec2acfed380,0,52288055,gaussian,60.000000,10.000000,1000,9001042,9001084
2aec2acfed380,0,52288055,gaussian,60.000000,10.000000,1000,9056229,9056269
2aec2acfed380,0,52288055,gaussian,60.000000,10.000000,1000,9141991,9142098
2aec2acfed380,0,52288055,gaussian,60.000000,10.000000,1000,9187506,9187547
2aec2acfed380,0,52288055,gaussian,60.000000,10.000000,1000,9227877,9227958
2aec2acfed380,0,52288055,gaussian,60.000000,10.000000,1000,9283224,9283269
2aec2acfed380,0,52288055,gaussian,60.000000,10.000000,1000,9332540,9332579
2aec2acfed380,0,52288055,gaussian,60.000000,10.000000,1000,9379273,9379318
2aec2acfed380,0,52288055,gaussian,60.000000,10.000000,1000,9449396,9449508
2aec2acfed380,0,52288055,gaussian,60.000000,10.000000,1000,9497106,9497145
2aec2acfed380,0,52288055,gaussian,60.000000,10.000000,1000,9548673,9548719
2aec2acfed380,0,52288055,gaussian,60.000000,10.000000,1000,9606891,9606936
2aec2acfed380,0,52288055,gaussian,60.000000,10.000000,1000,9668609,9668708
2aec2acfed380,0,52288055,gaussian,60.000000,10.000000,1000,9717089,9717196
2aec2acfed380,0,52288055,gaussian,60.000000,10.000000,1000,9758584,9758675
2aec2acfed380,0,52288055,gaussian,60.000000,10.000000,1000,9805936,9805977
2aec2acfed380,0,52288055,gaussian,60.000000,10.000000,1000,9855224,9855266
2aec2acfed380,0,52288055,gaussian,60.000000,10.000000,1000,9910600,9910643
2aec2acfed380,0,52288055,gaussian,60.000000,10.000000,1000,9961703,9961743
2aec2acfed380,0,52288055,gaussian,60.000000,10.000000,1000,9997703,9997744
2aec2acfed380,0,52288055,gaussian,60.000000,10.000000,1000,10063383,10063424
2aec2acfed380,0,52288055,gaussian,60.000000,10.000000,1000,10112443,10112489
2aec2acfed380,0,52288055,gaussian,60.000000,10.000000,1000,10164694,10164740
2aec2acfed380,0,52288055,gaussian,60.000000,10.000000,1000,10209877,10209978
2aec2acfed380,0,52288055,gaussian,60.000000,10.000000,1000,10262101,10262198
2aec2acfed380,0,52288055,gaussian,60.000000,10.000000,1000,10316956,10317003
2aec2acfed380,0,52288055,gaussian,60.000000,10.000000,1000,10367262,10367302
2aec2acfed380,0,52288055,gaussian,60.000000,10.000000,1000,10409180,10409228
2aec2acfed380,0,52288055,gaussian,60.000000,10.000000,1000,10459168,10459208
2aec2acfed380,0,52288055,gaussian,60.000000,10.000000,1000,10504144,10504189
2aec2acfed380,0,52288055,gaussian,60.000000,10.000000,1000,10560288,10560328
2aec2acfed380,0,52288055,gaussian,60.000000,10.000000,1000,10610534,10610576
2aec2acfed380,0,52288055,gaussian,60.000000,10.000000,1000,10662600,10662646
2aec2acfed380,0,52288055,gaussian,60.000000,10.000000,1000,10714247,10714341
2aec2acfed380,0,52288055,gaussian,60.000000,10.000000,1000,10774337,10774382
2aec2acfed380,0,52288055,gaussian,60.000000,10.000000,1000,10822173,10822218
2aec2acfed380,0,52288055,gaussian,60.000000,10.000000,1000,10876581,10876680
2aec2acfed380,0,52288055,gaussian,60.000000,10.000000,1000,10922636,10922679
2aec2acfed380,0,52288055,gaussian,60.000000,10.000000,1000,10982973,10983020
2aec2acfed380,0,52288055,gaussian,60.000000,10.000000,1000,11021094,11021132
2aec2acfed380,0,52288055,gaussian,60.000000,10.000000,1000,11080668,11080713
2aec2acfed380,0,52288055,gaussian,60.000000,10.000000,1000,11129559,11129606
2aec2acfed380,0,52288055,gaussian,60.000000,10.000000,1000,11183598,11183639
2aec2acfed380,0,52288055,gaussian,60.000000,10.000000,1000,11246174,11246217
2aec2acfed380,0,52288055,gaussian,60.000000,10.000000,1000,11291252,11291294
2aec2acfed380,0,52288055,gaussian,60.000000,10.000000,1000,11341632,11341671
2aec2acfed380,0,52288055,gaussian,60.000000,10.000000,1000,11385632,11385674
2aec2acfed380,0,52288055,gaussian,60.000000,10.000000,1000,11440419,11440459
2aec2acfed380,0,52288055,gaussian,60.000000,10.000000,1000,11473471,11473513
2aec2acfed380,0,52288055,gaussian,60.000000,10.000000,1000,11522606,11522646
2aec2acfed380,0,52288055,gaussian,60.000000,10.000000,1000,11568327,11568368
2aec2acfed380,0,52288055,gaussian,60.000000,10.000000,1000,11632566,11632607
2aec2acfed380,0,52288055,gaussian,60.000000,10.000000,1000,11680821,11680861
2aec2acfed380,0,52288055,gaussian,60.000000,10.000000,1000,11724976,11725021
2aec2acfed380,0,52288055,gaussian,60.000000,10.000000,1000,11771368,11771405
2aec2acfed380,0,52288055,gaussian,60.000000,10.000000,1000,11823428,11823586
2aec2acfed380,0,52288055,gaussian,60.000000,10.000000,1000,11878487,11878528
2aec2acfed380,0,52288055,gaussian,60.000000,10.000000,1000,11919371,11919417
2aec2acfed380,0,52288055,gaussian,60.000000,10.000000,1000,11972066,11972104
2aec2acfed380,0,52288055,gaussian,60.000000,10.000000,1000,12024098,12024146
2aec2acfed380,0,52288055,gaussian,60.000000,10.000000,1000,12084170,12084210
2aec2acfed380,0,52288055,gaussian,60.000000,10.000000,1000,12140303,12140344
2aec2acfed380,0,52288055,gaussian,60.000000,10.000000,1000,12198396,12198761
2aec2acfed380,0,52288055,gaussian,60.000000,10.000000,1000,12244050,12244091
2aec2acfed380,0,52288055,gaussian,60.000000,10.000000,1000,12288067,12288106
2aec2acfed380,0,52288055,gaussian,60.000000,10.000000,1000,12328278,12328320
2aec2acfed380,0,52288055,gaussian,60.000000,10.000000,1000,12384392,12384433
2aec2acfed380,0,52288055,gaussian,60.000000,10.000000,1000,12434911,12434960
2aec2acfed380,0,52288055,gaussian,60.000000,10.000000,1000,12501745,12501937
2aec2acfed380,0,52288055,gaussian,60.000000,10.000000,1000,12557956,12558061
2aec2acfed380,0,52288055,gaussian,60.000000,10.000000,1000,12599527,12599567
2aec2acfed380,0,52288055,gaussian,60.000000,10.000000,1000,12659474,12659604
2aec2acfed380,0,52288055,gaussian,60.000000,10.000000,1000,12707583,12707668
2aec2acfed380,0,52288055,gaussian,60.000000,10.000000,1000,12743409,12743449
2aec2acfed380,0,52288055,gaussian,60.000000,10.000000,1000,12807367,12807407
2aec2acfed380,0,52288055,gaussian,60.000000,10.000000,1000,12855688,12855732
2aec2acfed380,0,52288055,gaussian,60.000000,10.000000,1000,12900015,12900057
2aec2acfed380,0,52288055,gaussian,60.000000,10.000000,1000,12946378,12946418
2aec2acfed380,0,52288055,gaussian,60.000000,10.000000,1000,12991348,12991391
2aec2acfed380,0,52288055,gaussian,60.000000,10.000000,1000,13041456,13041543
2aec2acfed380,0,52288055,gaussian,60.000000,10.000000,1000,13098498,13098592
2aec2acfed380,0,52288055,gaussian,60.000000,10.000000,1000,13156593,13156714
2aec2acfed380,0,52288055,gaussian,60.000000,10.000000,1000,13217817,13217978
2aec2acfed380,0,52288055,gaussian,60.000000,10.000000,1000,13269916,13269961
2aec2acfed380,0,52288055,gaussian,60.000000,10.000000,1000,13328126,13328167
2aec2acfed380,0,52288055,gaussian,60.000000,10.000000,1000,13380079,13380119
2aec2acfed380,0,52288055,gaussian,60.000000,10.000000,1000,13450074,13450192
2aec2acfed380,0,52288055,gaussian,60.000000,10.000000,1000,13502996,13503034
2aec2acfed380,0,52288055,gaussian,60.000000,10.000000,1000,13561350,13561450
2aec2acfed380,0,52288055,gaussian,60.000000,10.000000,1000,13602693,13602732
2aec2acfed380,0,52288055,gaussian,60.000000,10.000000,1000,13655842,13655946
2aec2acfed380,0,52288055,gaussian,60.000000,10.000000,1000,13724513,13724627
2aec2acfed380,0,52288055,gaussian,60.000000,10.000000,1000,13776865,13776912
2aec2acfed380,0,52288055,gaussian,60.000000,10.000000,1000,13818704,13818745
2aec2acfed380,0,52288055,gaussian,60.000000,10.000000,1000,13858446,13858491
2aec2acfed380,0,52288055,gaussian,60.000000,10.000000,1000,13897299,13897339
2aec2acfed380,0,52288055,gaussian,60.000000,10.000000,1000,13945448,13945487
2aec2acfed380,0,52288055,gaussian,60.000000,10.000000,1000,14013502,14013542
2aec2acfed380,0,52288055,gaussian,60.000000,10.000000,1000,14058332,14058372
2aec2acfed380,0,52288055,gaussian,60.000000,10.000000,1000,14118694,14118736
2aec2acfed380,0,52288055,gaussian,60.000000,10.000000,1000,14164566,14164604
2aec2acfed380,0,52288055,gaussian,60.000000,10.000000,1000,14216669,14216711
2aec2acfed380,0,52288055,gaussian,60.000000,10.000000,1000,14285836,14285876
2aec2acfed380,0,52288055,gaussian,60.000000,10.000000,1000,14331909,14331949
2aec2acfed380,0,52288055,gaussian,60.000000,10.000000,1000,14385852,14385892
2aec2acfed380,0,52288055,gaussian,60.000000,10.000000,1000,14445793,14445834
2aec2acfed380,0,52288055,gaussian,60.000000,10.000000,1000,14498512,14498556
2aec2acfed380,0,52288055,gaussian,60.000000,10.000000,1000,14573209,14573249
2aec2acfed380,0,52288055,gaussian,60.000000,10.000000,1000,14621882,14621927
2aec2acfed380,0,52288055,gaussian,60.000000,10.000000,1000,14668469,14668509
2aec2acfed380,0,52288055,gaussian,60.000000,10.000000,1000,14722992,14723036
2aec2acfed380,0,52288055,gaussian,60.000000,10.000000,1000,14788987,14789033
2aec2acfed380,0,52288055,gaussian,60.000000,10.000000,1000,14829920,14829962
2aec2acfed380,0,52288055,gaussian,60.000000,10.000000,1000,14878529,14878567
2aec2acfed380,0,52288055,gaussian,60.000000,10.000000,1000,14931072,14931174
2aec2acfed380,0,52288055,gaussian,60.000000,10.000000,1000,14974388,14974428
2aec2acfed380,0,52288055,gaussian,60.000000,10.000000,1000,15050609,15050657
2aec2acfed380,0,52288055,gaussian,60.000000,10.000000,1000,15108109,15108150
2aec2acfed380,0,52288055,gaussian,60.000000,10.000000,1000,15153999,15154048
2aec2acfed380,0,52288055,gaussian,60.000000,10.000000,1000,15195227,15195268
2aec2acfed380,0,52288055,gaussian,60.000000,10.000000,1000,15253650,15253698
2aec2acfed380,0,52288055,gaussian,60.000000,10.000000,1000,15318530,15318575
2aec2acfed380,0,52288055,gaussian,60.000000,10.000000,1000,15364389,15364434
2aec2acfed380,0,52288055,gaussian,60.000000,10.000000,1000,15425190,15425230
2aec2acfed380,0,52288055,gaussian,60.000000,10.000000,1000,15472102,15472142
2aec2acfed380,0,52288055,gaussian,60.000000,10.000000,1000,15529094,15529136
2aec2acfed380,0,52288055,gaussian,60.000000,10.000000,1000,15595041,15595142
2aec2acfed380,0,52288055,gaussian,60.000000,10.000000,1000,15647461,15647502
2aec2acfed380,0,52288055,gaussian,60.000000,10.000000,1000,15707195,15707288
2aec2acfed380,0,52288055,gaussian,60.000000,10.000000,1000,15757997,15758038
2aec2acfed380,0,52288055,gaussian,60.000000,10.000000,1000,15816505,15816548
2aec2acfed380,0,52288055,gaussian,60.000000,10.000000,1000,15870019,15870118
2aec2acfed380,0,52288055,gaussian,60.000000,10.000000,1000,15937660,15937701
2aec2acfed380,0,52288055,gaussian,60.000000,10.000000,1000,15998277,15998318
2aec2acfed380,0,52288055,gaussian,60.000000,10.000000,1000,16055790,16055832
2aec2acfed380,0,52288055,gaussian,60.000000,10.000000,1000,16116472,16116513
2aec2acfed380,0,52288055,gaussian,60.000000,10.000000,1000,16181613,16181654
2aec2acfed380,0,52288055,gaussian,60.000000,10.000000,1000,16225171,16225211
2aec2acfed380,0,52288055,gaussian,60.000000,10.000000,1000,16273925,16273970
2aec2acfed380,0,52288055,gaussian,60.000000,10.000000,1000,16340245,16340285
2aec2acfed380,0,52288055,gaussian,60.000000,10.000000,1000,16397848,16397950
2aec2acfed380,0,52288055,gaussian,60.000000,10.000000,1000,16466560,16466605
2aec2acfed380,0,52288055,gaussian,60.000000,10.000000,1000,16516800,16516943
2aec2acfed380,0,52288055,gaussian,60.000000,10.000000,1000,16553630,16553672
2aec2acfed380,0,52288055,gaussian,60.000000,10.000000,1000,16627615,16627657
2aec2acfed380,0,52288055,gaussian,60.000000,10.000000,1000,16674755,16674796
2aec2acfed380,0,52288055,gaussian,60.000000,10.000000,1000,16725738,16725780
2aec2acfed380,0,52288055,gaussian,60.000000,10.000000,1000,16774760,16774806
2aec2acfed380,0,52288055,gaussian,60.000000,10.000000,1000,16826970,16827011
2aec2acfed380,0,52288055,gaussian,60.000000,10.000000,1000,16867165,16867212
2aec2acfed380,0,52288055,gaussian,60.000000,10.000000,1000,16907433,16907519
2aec2acfed380,0,52288055,gaussian,60.000000,10.000000,1000,16970282,16970323
2aec2acfed380,0,52288055,gaussian,60.000000,10.000000,1000,17028783,17028899
2aec2acfed380,0,52288055,gaussian,60.000000,10.000000,1000,17082825,17082865
2aec2acfed380,0,52288055,gaussian,60.000000,10.000000,1000,17118867,17118908
2aec2acfed380,0,52288055,gaussian,60.000000,10.000000,1000,17174200,17174239
2aec2acfed380,0,52288055,gaussian,60.000000,10.000000,1000,17217874,17217919
2aec2acfed380,0,52288055,gaussian,60.000000,10.000000,1000,17268187,17268228
2aec2acfed380,0,52288055,gaussian,60.000000,10.000000,1000,17320661,17320702
2aec2acfed380,0,52288055,gaussian,60.000000,10.000000,1000,17381609,17381655
2aec2acfed380,0,52288055,gaussian,60.000000,10.000000,1000,17428401,17428441
2aec2acfed380,0,52288055,gaussian,60.000000,10.000000,1000,17486217,17486262
2aec2acfed380,0,52288055,gaussian,60.000000,10.000000,1000,17543760,17543804
2aec2acfed380,0,52288055,gaussian,60.000000,10.000000,1000,17600970,17601015
2aec2acfed380,0,52288055,gaussian,60.000000,10.000000,1000,17652721,17652763
2aec2acfed380,0,52288055,gaussian,60.000000,10.000000,1000,17699891,17699931
2aec2acfed380,0,52288055,gaussian,60.000000,10.000000,1000,17749851,17749891
2aec2acfed380,0,52288055,gaussian,60.000000,10.000000,1000,17807882,17807927
2aec2acfed380,0,52288055,gaussian,60.000000,10.000000,1000,17860780,17860820
2aec2acfed380,0,52288055,gaussian,60.000000,10.000000,1000,17903787,17903831
2aec2acfed380,0,52288055,gaussian,60.000000,10.000000,1000,17956532,17956629
2aec2acfed380,0,52288055,gaussian,60.000000,10.000000,1000,18006639,18006681
2aec2acfed380,0,52288055,gaussian,60.000000,10.000000,1000,18056797,18056838
2aec2acfed380,0,52288055,gaussian,60.000000,10.000000,1000,18099880,18099921
2aec2acfed380,0,52288055,gaussian,60.000000,10.000000,1000,18171760,18171874
2aec2acfed380,0,52288055,gaussian,60.000000,10.000000,1000,18232344,18232386
2aec2acfed380,0,52288055,gaussian,60.000000,10.000000,1000,18284722,18284767
2aec2acfed380,0,52288055,gaussian,60.000000,10.000000,1000,18336413,18336453
2aec2acfed380,0,52288055,gaussian,60.000000,10.000000,1000,18384497,18384545
2aec2acfed380,0,52288055,gaussian,60.000000,10.000000,1000,18433552,18433665
2aec2acfed380,0,52288055,gaussian,60.000000,10.000000,1000,18490395,18490435
2aec2acfed380,0,52288055,gaussian,60.000000,10.000000,1000,18521746,18521860
2aec2acfed380,0,52288055,gaussian,60.000000,10.000000,1000,18566505,18566549
2aec2acfed380,0,52288055,gaussian,60.000000,10.000000,1000,18613113,18613153
2aec2acfed380,0,52288055,gaussian,60.000000,10.000000,1000,18680093,18680356
2aec2acfed380,0,52288055,gaussian,60.000000,10.000000,1000,18739859,18739900
2aec2acfed380,0,52288055,gaussian,60.000000,10.000000,1000,18782833,18782877
2aec2acfed380,0,52288055,gaussian,60.000000,10.000000,1000,18833725,18833763
2aec2acfed380,0,52288055,gaussian,60.000000,10.000000,1000,18889723,18889764
2aec2acfed380,0,52288055,gaussian,60.000000,10.000000,1000,18941689,18941735
2aec2acfed380,0,52288055,gaussian,60.000000,10.000000,1000,19007527,19007647
2aec2acfed380,0,52288055,gaussian,60.000000,10.000000,1000,19057937,19057978
2aec2acfed380,0,52288055,gaussian,60.000000,10.000000,1000,19112715,19112763
2aec2acfed380,0,52288055,gaussian,60.000000,10.000000,1000,19180429,19180471
2aec2acfed380,0,52288055,gaussian,60.000000,10.000000,1000,19214941,19214980
2aec2acfed380,0,52288055,gaussian,60.000000,10.000000,1000,19276995,19277040
2aec2acfed380,0,52288055,gaussian,60.000000,10.000000,1000,19314627,19314674
2aec2acfed380,0,52288055,gaussian,60.000000,10.000000,1000,19374113,19374158
2aec2acfed380,0,52288055,gaussian,60.000000,10.000000,1000,19425310,19425351
2aec2acfed380,0,52288055,gaussian,60.000000,10.000000,1000,19470003,19470045
2aec2acfed380,0,52288055,gaussian,60.000000,10.000000,1000,19516570,19516610
2aec2acfed380,0,52288055,gaussian,60.000000,10.000000,1000,19564302,19564345
2aec2acfed380,0,52288055,gaussian,60.000000,10.000000,1000,19608730,19608770
2aec2acfed380,0,52288055,gaussian,60.000000,10.000000,1000,19661487,19661534
2aec2acfed380,0,52288055,gaussian,60.000000,10.000000,1000,19711941,19712034
2aec2acfed380,0,52288055,gaussian,60.000000,10.000000,1000,19775378,19775426
2aec2acfed380,0,52288055,gaussian,60.000000,10.000000,1000,19829177,19829220
2aec2acfed380,0,52288055,gaussian,60.000000,10.000000,1000,19902038,19902085
2aec2acfed380,0,52288055,gaussian,60.000000,10.000000,1000,19959773,19959813
2aec2acfed380,0,52288055,gaussian,60.000000,10.000000,1000,20017565,20017609
2aec2acfed380,0,52288055,gaussian,60.000000,10.000000,1000,20067419,20067459
2aec2acfed380,0,52288055,gaussian,60.000000,10.000000,1000,20117855,20117894
2aec2acfed380,0,52288055,gaussian,60.000000,10.000000,1000,20166834,20166877
2aec2acfed380,0,52288055,gaussian,60.000000,10.000000,1000,20214054,20214094
2aec2acfed380,0,52288055,gaussian,60.000000,10.000000,1000,20266283,20266325
2aec2acfed380,0,52288055,gaussian,60.000000,10.000000,1000,20314371,20314411
2aec2acfed380,0,52288055,gaussian,60.000000,10.000000,1000,20371132,20371172
2aec2acfed380,0,52288055,gaussian,60.000000,10.000000,1000,20429431,20429475
2aec2acfed380,0,52288055,gaussian,60.000000,10.000000,1000,20469358,20469398
2aec2acfed380,0,52288055,gaussian,60.000000,10.000000,1000,20513862,20513900
2aec2acfed380,0,52288055,gaussian,60.000000,10.000000,1000,20560524,20560640
2aec2acfed380,0,52288055,gaussian,60.000000,10.000000,1000,20613364,20613483
2aec2acfed380,0,52288055,gaussian,60.000000,10.000000,1000,20643045,20643085
2aec2acfed380,0,52288055,gaussian,60.000000,10.000000,1000,20693910,20693951
2aec2acfed380,0,52288055,gaussian,60.000000,10.000000,1000,20750892,20750932
2aec2acfed380,0,52288055,gaussian,60.000000,10.000000,1000,20788743,20788783
2aec2acfed380,0,52288055,gaussian,60.000000,10.000000,1000,20833798,20833837
2aec2acfed380,0,52288055,gaussian,60.000000,10.000000,1000,20895177,20895220
2aec2acfed380,0,52288055,gaussian,60.000000,10.000000,1000,20949450,20949534
2aec2acfed380,0,52288055,gaussian,60.000000,10.000000,1000,21008686,21008732
2aec2acfed380,0,52288055,gaussian,60.000000,10.000000,1000,21074742,21074787
2aec2acfed380,0,52288055,gaussian,60.000000,10.000000,1000,21124607,21125638
2aec2acfed380,0,52288055,gaussian,60.000000,10.000000,1000,21179051,21179090
2aec2acfed380,0,52288055,gaussian,60.000000,10.000000,1000,21224988,21225071
2aec2acfed380,0,52288055,gaussian,60.000000,10.000000,1000,21277135,21277174
2aec2acfed380,0,52288055,gaussian,60.000000,10.000000,1000,21314958,21315003
2aec2acfed380,0,52288055,gaussian,60.000000,10.000000,1000,21373030,21373069
2aec2acfed380,0,52288055,gaussian,60.000000,10.000000,1000,21425831,21425875
2aec2acfed380,0,52288055,gaussian,60.000000,10.000000,1000,21475557,21475599
2aec2acfed380,0,52288055,gaussian,60.000000,10.000000,1000,21519421,21519461
2aec2acfed380,0,52288055,gaussian,60.000000,10.000000,1000,21570978,21571025
2aec2acfed380,0,52288055,gaussian,60.000000,10.000000,1000,21616718,21616756
2aec2acfed380,0,52288055,gaussian,60.000000,10.000000,1000,21655587,21655682
2aec2acfed380,0,52288055,gaussian,60.000000,10.000000,1000,21718669,21718779
2aec2acfed380,0,52288055,gaussian,60.000000,10.000000,1000,21766358,21766466
2aec2acfed380,0,52288055,gaussian,60.000000,10.000000,1000,21825882,21825923
2aec2acfed380,0,52288055,gaussian,60.000000,10.000000,1000,21868276,21868375
2aec2acfed380,0,52288055,gaussian,60.000000,10.000000,1000,21913233,21913348
2aec2acfed380,0,52288055,gaussian,60.000000,10.000000,1000,21961717,21961755
2aec2acfed380,0,52288055,gaussian,60.000000,10.000000,1000,22006556,22006597
2aec2acfed380,0,52288055,gaussian,60.000000,10.000000,1000,22055964,22056002
2aec2acfed380,0,52288055,gaussian,60.000000,10.000000,1000,22108561,22108660
2aec2acfed380,0,52288055,gaussian,60.000000,10.000000,1000,22153889,22153928
2aec2acfed380,0,52288055,gaussian,60.000000,10.000000,1000,22208484,22208528
2aec2acfed380,0,52288055,gaussian,60.000000,10.000000,1000,22257999,22258045
2aec2acfed380,0,52288055,gaussian,60.000000,10.000000,1000,22308346,22308387
2aec2acfed380,0,52288055,gaussian,60.000000,10.000000,1000,22360527,22360566
2aec2acfed380,0,52288055,gaussian,60.000000,10.000000,1000,22408636,22408676
2aec2acfed380,0,52288055,gaussian,60.000000,10.000000,1000,22478957,22479004
2aec2acfed380,0,52288055,gaussian,60.000000,10.000000,1000,22531049,22531089
2aec2acfed380,0,52288055,gaussian,60.000000,10.000000,1000,22585876,22585979
2aec2acfed380,0,52288055,gaussian,60.000000,10.000000,1000,22636421,22636526
2aec2acfed380,0,52288055,gaussian,60.000000,10.000000,1000,22684776,22684818
2aec2acfed380,0,52288055,gaussian,60.000000,10.000000,1000,22741545,22741590
2aec2acfed380,0,52288055,gaussian,60.000000,10.000000,1000,22787400,22787439
2aec2acfed380,0,52288055,gaussian,60.000000,10.000000,1000,22829230,22829273
2aec2acfed380,0,52288055,gaussian,60.000000,10.000000,1000,22874147,22874187
2aec2acfed380,0,52288055,gaussian,60.000000,10.000000,1000,22928016,22928058
2aec2acfed380,0,52288055,gaussian,60.000000,10.000000,1000,22965254,22965292
2aec2acfed380,0,52288055,gaussian,60.000000,10.000000,1000,23014755,23014801
2aec2acfed380,0,52288055,gaussian,60.000000,10.000000,1000,23057803,23057843
2aec2acfed380,0,52288055,gaussian,60.000000,10.000000,1000,23112172,23112218
2aec2acfed380,0,52288055,gaussian,60.000000,10.000000,1000,23162427,23162467
2aec2acfed380,0,52288055,gaussian,60.000000,10.000000,1000,23224984,23225084
2aec2acfed380,0,52288055,gaussian,60.000000,10.000000,1000,23274507,23274553
2aec2acfed380,0,52288055,gaussian,60.000000,10.000000,1000,23310707,23310805
2aec2acfed380,0,52288055,gaussian,60.000000,10.000000,1000,23362952,23363297
2aec2acfed380,0,52288055,gaussian,60.000000,10.000000,1000,23418504,23418598
2aec2acfed380,0,52288055,gaussian,60.000000,10.000000,1000,23464085,23464131
2aec2acfed380,0,52288055,gaussian,60.000000,10.000000,1000,23507606,23507645
2aec2acfed380,0,52288055,gaussian,60.000000,10.000000,1000,23560552,23560593
2aec2acfed380,0,52288055,gaussian,60.000000,10.000000,1000,23621787,23621830
2aec2acfed380,0,52288055,gaussian,60.000000,10.000000,1000,23669999,23670105
2aec2acfed380,0,52288055,gaussian,60.000000,10.000000,1000,23724900,23724940
2aec2acfed380,0,52288055,gaussian,60.000000,10.000000,1000,23768457,23768498
2aec2acfed380,0,52288055,gaussian,60.000000,10.000000,1000,23825406,23825446
2aec2acfed380,0,52288055,gaussian,60.000000,10.000000,1000,23876106,23876150
2aec2acfed380,0,52288055,gaussian,60.000000,10.000000,1000,23918865,23918904
2aec2acfed380,0,52288055,gaussian,60.000000,10.000000,1000,23977475,23977520
2aec2acfed380,0,52288055,gaussian,60.000000,10.000000,1000,24033032,24033074
2aec2acfed380,0,52288055,gaussian,60.000000,10.000000,1000,24078512,24078553
2aec2acfed380,0,52288055,gaussian,60.000000,10.000000,1000,24122926,24123019
2aec2acfed380,0,52288055,gaussian,60.000000,10.000000,1000,24162962,24163001
2aec2acfed380,0,52288055,gaussian,60.000000,10.000000,1000,24208622,24208740
2aec2acfed380,0,52288055,gaussian,60.000000,10.000000,1000,24267700,24267741
2aec2acfed380,0,52288055,gaussian,60.000000,10.000000,1000,24336095,24336201
2aec2acfed380,0,52288055,gaussian,60.000000,10.000000,1000,24385286,24385325
2aec2acfed380,0,52288055,gaussian,60.000000,10.000000,1000,24432794,24432894
2aec2acfed380,0,52288055,gaussian,60.000000,10.000000,1000,24492570,24492616
2aec2acfed380,0,52288055,gaussian,60.000000,10.000000,1000,24552638,24552814
2aec2acfed380,0,52288055,gaussian,60.000000,10.000000,1000,24592997,24593037
2aec2acfed380,0,52288055,gaussian,60.000000,10.000000,1000,24637533,24637572
2aec2acfed380,0,52288055,gaussian,60.000000,10.000000,1000,24680078,24680119
2aec2acfed380,0,52288055,gaussian,60.000000,10.000000,1000,24728718,24728758
2aec2acfed380,0,52288055,gaussian,60.000000,10.000000,1000,24777168,24777217
2aec2acfed380,0,52288055,gaussian,60.000000,10.000000,1000,24837816,24837861
2aec2acfed380,0,52288055,gaussian,60.000000,10.000000,1000,24895947,24895987
2aec2acfed380,0,52288055,gaussian,60.000000,10.000000,1000,24949213,24949253
2aec2acfed380,0,52288055,gaussian,60.000000,10.000000,1000,24993778,24993892
2aec2acfed380,0,52288055,gaussian,60.000000,10.000000,1000,25057771,25057893
2aec2acfed380,0,52288055,gaussian,60.000000,10.000000,1000,25114014,25114058
2aec2acfed380,0,52288055,gaussian,60.000000,10.000000,1000,25177450,25177560
2aec2acfed380,0,52288055,gaussian,60.000000,10.000000,1000,25221551,25221590
2aec2acfed380,0,52288055,gaussian,60.000000,10.000000,1000,25276795,25276836
2aec2acfed380,0,52288055,gaussian,60.000000,10.000000,1000,25318300,25318341
2aec2acfed380,0,52288055,gaussian,60.000000,10.000000,1000,25356272,25356313
2aec2acfed380,0,52288055,gaussian,60.000000,10.000000,1000,25410433,25410479
2aec2acfed380,0,52288055,gaussian,60.000000,10.000000,1000,25445602,25445642
2aec2acfed380,0,52288055,gaussian,60.000000,10.000000,1000,25503209,25503315
2aec2acfed380,0,52288055,gaussian,60.000000,10.000000,1000,25563967,25564010
2aec2acfed380,0,52288055,gaussian,60.000000,10.000000,1000,25632905,25632946
2aec2acfed380,0,52288055,gaussian,60.000000,10.000000,1000,25678665,25678705
2aec2acfed380,0,52288055,gaussian,60.000000,10.000000,1000,25729171,25729263
2aec2acfed380,0,52288055,gaussian,60.000000,10.000000,1000,25780808,25780848
2aec2acfed380,0,52288055,gaussian,60.000000,10.000000,1000,25835265,25835308
2aec2acfed380,0,52288055,gaussian,60.000000,10.000000,1000,25896070,25896133
2aec2acfed380,0,52288055,gaussian,60.000000,10.000000,1000,25951269,25951316
2aec2acfed380,0,52288055,gaussian,60.000000,10.000000,1000,25996799,25996839
2aec2acfed380,0,52288055,gaussian,60.000000,10.000000,1000,26042548,26042588
2aec2acfed380,0,52288055,gaussian,60.000000,10.000000,1000,26107256,26107300
2aec2acfed380,0,52288055,gaussian,60.000000,10.000000,1000,26158102,26158217
2aec2acfed380,0,52288055,gaussian,60.000000,10.000000,1000,26205942,26205981
2aec2acfed380,0,52288055,gaussian,60.000000,10.000000,1000,26247264,26247305
2aec2acfed380,0,52288055,gaussian,60.000000,10.000000,1000,26297200,26297239
2aec2acfed380,0,52288055,gaussian,60.000000,10.000000,1000,26366725,26366836
2aec2acfed380,0,52288055,gaussian,60.000000,10.000000,1000,26418683,26418723
2aec2acfed380,0,52288055,gaussian,60.000000,10.000000,1000,26480684,26480770
2aec2acfed380,0,52288055,gaussian,60.000000,10.000000,1000,26542260,26542302
2aec2acfed380,0,52288055,gaussian,60.000000,10.000000,1000,26590139,26590184
2aec2acfed380,0,52288055,gaussian,60.000000,10.000000,1000,26640558,26640596
2aec2acfed380,0,52288055,gaussian,60.000000,10.000000,1000,26687336,26687377
2aec2acfed380,0,52288055,gaussian,60.000000,10.000000,1000,26740617,26740657
2aec2acfed380,0,52288055,gaussian,60.000000,10.000000,1000,26805135,26805180
2aec2acfed380,0,52288055,gaussian,60.000000,10.000000,1000,26865979,26866018
2aec2acfed380,0,52288055,gaussian,60.000000,10.000000,1000,26908241,26908283
2aec2acfed380,0,52288055,gaussian,60.000000,10.000000,1000,26946051,26946091
2aec2acfed380,0,52288055,gaussian,60.000000,10.000000,1000,27000748,27000793
2aec2acfed380,0,52288055,gaussian,60.000000,10.000000,1000,27061636,27061681
2aec2acfed380,0,52288055,gaussian,60.000000,10.000000,1000,27105624,27105664
2aec2acfed380,0,52288055,gaussian,60.000000,10.000000,1000,27145718,27145758
2aec2acfed380,0,52288055,gaussian,60.000000,10.000000,1000,27204254,27204296
2aec2acfed380,0,52288055,gaussian,60.000000,10.000000,1000,27240583,27240622
2aec2acfed380,0,52288055,gaussian,60.000000,10.000000,1000,27286871,27286912
2aec2acfed380,0,52288055,gaussian,60.000000,10.000000,1000,27342823,27342868
2aec2acfed380,0,52288055,gaussian,60.000000,10.000000,1000,27384926,27384965
2aec2acfed380,0,52288055,gaussian,60.000000,10.000000,1000,27441555,27441596
2aec2acfed380,0,52288055,gaussian,60.000000,10.000000,1000,27493115,27493155
2aec2acfed380,0,52288055,gaussian,60.000000,10.000000,1000,27545688,27545728
2aec2acfed380,0,52288055,gaussian,60.000000,10.000000,1000,27592405,27592449
2aec2acfed380,0,52288055,gaussian,60.000000,10.000000,1000,27632609,27632650
2aec2acfed380,0,52288055,gaussian,60.000000,10.000000,1000,27688206,27688250
2aec2acfed380,0,52288055,gaussian,60.000000,10.000000,1000,27731864,27731903
2aec2acfed380,0,52288055,gaussian,60.000000,10.000000,1000,27783827,27783867
2aec2acfed380,0,52288055,gaussian,60.000000,10.000000,1000,27842942,27842984
2aec2acfed380,0,52288055,gaussian,60.000000,10.000000,1000,27895284,27895323
2aec2acfed380,0,52288055,gaussian,60.000000,10.000000,1000,27951243,27951283
2aec2acfed380,0,52288055,gaussian,60.000000,10.000000,1000,28000767,28000805
2aec2acfed380,0,52288055,gaussian,60.000000,10.000000,1000,28053587,28053625
2aec2acfed380,0,52288055,gaussian,60.000000,10.000000,1000,28101451,28101490
2aec2acfed380,0,52288055,gaussian,60.000000,10.000000,1000,28160794,28160835
2aec2acfed380,0,52288055,gaussian,60.000000,10.000000,1000,28239057,28239096
2aec2acfed380,0,52288055,gaussian,60.000000,10.000000,1000,28288012,28288050
2aec2acfed380,0,52288055,gaussian,60.000000,10.000000,1000,28338759,28338799
2aec2acfed380,0,52288055,gaussian,60.000000,10.000000,1000,28396485,28396524
2aec2acfed380,0,52288055,gaussian,60.000000,10.000000,1000,28431447,28431484
2aec2acfed380,0,52288055,gaussian,60.000000,10.000000,1000,28488730,28488768
2aec2acfed380,0,52288055,gaussian,60.000000,10.000000,1000,28531747,28531784
2aec2acfed380,0,52288055,gaussian,60.000000,10.000000,1000,28588227,28588272
2aec2acfed380,0,52288055,gaussian,60.000000,10.000000,1000,28632860,28632900
2aec2acfed380,0,52288055,gaussian,60.000000,10.000000,1000,28676187,28676226
2aec2acfed380,0,52288055,gaussian,60.000000,10.000000,1000,28732570,28732609
2aec2acfed380,0,52288055,gaussian,60.000000,10.000000,1000,28792674,28792713
2aec2acfed380,0,52288055,gaussian,60.000000,10.000000,1000,28835487,28835527
2aec2acfed380,0,52288055,gaussian,60.000000,10.000000,1000,28884900,28884939
2aec2acfed380,0,52288055,gaussian,60.000000,10.000000,1000,28933487,28933527
2aec2acfed380,0,52288055,gaussian,60.000000,10.000000,1000,28986976,28987015
2aec2acfed380,0,52288055,gaussian,60.000000,10.000000,1000,29039217,29039263
2aec2acfed380,0,52288055,gaussian,60.000000,10.000000,1000,29090921,29090959
2aec2acfed380,0,52288055,gaussian,60.000000,10.000000,1000,29138942,29138983
2aec2acfed380,0,52288055,gaussian,60.000000,10.000000,1000,29201133,29201172
2aec2acfed380,0,52288055,gaussian,60.000000,10.000000,1000,29252833,29252873
2aec2acfed380,0,52288055,gaussian,60.000000,10.000000,1000,29312546,29312585
2aec2acfed380,0,52288055,gaussian,60.000000,10.000000,1000,29356164,29356204
2aec2acfed380,0,52288055,gaussian,60.000000,10.000000,1000,29414221,29414261
2aec2acfed380,0,52288055,gaussian,60.000000,10.000000,1000,29469553,29469593
2aec2acfed380,0,52288055,gaussian,60.000000,10.000000,1000,29519978,29520015
2aec2acfed380,0,52288055,gaussian,60.000000,10.000000,1000,29565950,29565988
2aec2acfed380,0,52288055,gaussian,60.000000,10.000000,1000,29623444,29623490
2aec2acfed380,0,52288055,gaussian,60.000000,10.000000,1000,29683941,29683979
2aec2acfed380,0,52288055,gaussian,60.000000,10.000000,1000,29737360,29737397
2aec2acfed380,0,52288055,gaussian,60.000000,10.000000,1000,29789404,29789443
2aec2acfed380,0,52288055,gaussian,60.000000,10.000000,1000,29823929,29823968
2aec2acfed380,0,52288055,gaussian,60.000000,10.000000,1000,29882318,29882357
2aec2acfed380,0,52288055,gaussian,60.000000,10.000000,1000,29943484,29943524
2aec2acfed380,0,52288055,gaussian,60.000000,10.000000,1000,30002016,30002055
2aec2acfed380,0,52288055,gaussian,60.000000,10.000000,1000,30055483,30055522
2aec2acfed380,0,52288055,gaussian,60.000000,10.000000,1000,30109780,30109818
2aec2acfed380,0,52288055,gaussian,60.000000,10.000000,1000,30156199,30156238
2aec2acfed380,0,52288055,gaussian,60.000000,10.000000,1000,30208208,30208247
2aec2acfed380,0,52288055,gaussian,60.000000,10.000000,1000,30259480,30259519
2aec2acfed380,0,52288055,gaussian,60.000000,10.000000,1000,30300432,30300472
2aec2acfed380,0,52288055,gaussian,60.000000,10.000000,1000,30351683,30351722
2aec2acfed380,0,52288055,gaussian,60.000000,10.000000,1000,30398847,30398887
2aec2acfed380,0,52288055,gaussian,60.000000,10.000000,1000,30457790,30457827
2aec2acfed380,0,52288055,gaussian,60.000000,10.000000,1000,30501134,30501173
2aec2acfed380,0,52288055,gaussian,60.000000,10.000000,1000,30570024,30570065
2aec2acfed380,0,52288055,gaussian,60.000000,10.000000,1000,30635937,30635974
2aec2acfed380,0,52288055,gaussian,60.000000,10.000000,1000,30686533,30686571
2aec2acfed380,0,52288055,gaussian,60.000000,10.000000,1000,30754219,30754261
2aec2acfed380,0,52288055,gaussian,60.000000,10.000000,1000,30811849,30811889
2aec2acfed380,0,52288055,gaussian,60.000000,10.000000,1000,30856296,30856335
2aec2acfed380,0,52288055,gaussian,60.000000,10.000000,1000,30913505,30913542
2aec2acfed380,0,52288055,gaussian,60.000000,10.000000,1000,30982329,30982369
2aec2acfed380,0,52288055,gaussian,60.000000,10.000000,1000,31034252,31034292
2aec2acfed380,0,52288055,gaussian,60.000000,10.000000,1000,31094875,31094914
2aec2acfed380,0,52288055,gaussian,60.000000,10.000000,1000,31158100,31158140
2aec2acfed380,0,52288055,gaussian,60.000000,10.000000,1000,31208915,31208956
2aec2acfed380,0,52288055,gaussian,60.000000,10.000000,1000,31240300,31240337
2aec2acfed380,0,52288055,gaussian,60.000000,10.000000,1000,31283685,31283723
2aec2acfed380,0,52288055,gaussian,60.000000,10.000000,1000,31337993,31338037
2aec2acfed380,0,52288055,gaussian,60.000000,10.000000,1000,31382962,31383001
2aec2acfed380,0,52288055,gaussian,60.000000,10.000000,1000,31426139,31426183
2aec2acfed380,0,52288055,gaussian,60.000000,10.000000,1000,31478946,31478985
2aec2acfed380,0,52288055,gaussian,60.000000,10.000000,1000,31531938,31531976
2aec2acfed380,0,52288055,gaussian,60.000000,10.000000,1000,31581876,31581916
2aec2acfed380,0,52288055,gaussian,60.000000,10.000000,1000,31639546,31639586
2aec2acfed380,0,52288055,gaussian,60.000000,10.000000,1000,31688024,31688065
2aec2acfed380,0,52288055,gaussian,60.000000,10.000000,1000,31735649,31735685
2aec2acfed380,0,52288055,gaussian,60.000000,10.000000,1000,31796258,31796297
2aec2acfed380,0,52288055,gaussian,60.000000,10.000000,1000,31840249,31840288
2aec2acfed380,0,52288055,gaussian,60.000000,10.000000,1000,31915962,31916001
2aec2acfed380,0,52288055,gaussian,60.000000,10.000000,1000,31970369,31970407
2aec2acfed380,0,52288055,gaussian,60.000000,10.000000,1000,32048777,32048815
2aec2acfed380,0,52288055,gaussian,60.000000,10.000000,1000,32101351,32101388
2aec2acfed380,0,52288055,gaussian,60.000000,10.000000,1000,32152945,32152986
2aec2acfed380,0,52288055,gaussian,60.000000,10.000000,1000,32220077,32220115
2aec2acfed380,0,52288055,gaussian,60.000000,10.000000,1000,32262618,32262658
2aec2acfed380,0,52288055,gaussian,60.000000,10.000000,1000,32312115,32312154
2aec2acfed380,0,52288055,gaussian,60.000000,10.000000,1000,32359953,32359994
2aec2acfed380,0,52288055,gaussian,60.000000,10.000000,1000,32414697,32414736
2aec2acfed380,0,52288055,gaussian,60.000000,10.000000,1000,32468797,32468836
2aec2acfed380,0,52288055,gaussian,60.000000,10.000000,1000,32517423,32517461
2aec2acfed380,0,52288055,gaussian,60.000000,10.000000,1000,32588837,32588889
2aec2acfed380,0,52288055,gaussian,60.000000,10.000000,1000,32632442,32632481
2aec2acfed380,0,52288055,gaussian,60.000000,10.000000,1000,32679298,32679340
2aec2acfed380,0,52288055,gaussian,60.000000,10.000000,1000,32713784,32713822
2aec2acfed380,0,52288055,gaussian,60.000000,10.000000,1000,32768315,32768359
2aec2acfed380,0,52288055,gaussian,60.000000,10.000000,1000,32813503,32813541
2aec2acfed380,0,52288055,gaussian,60.000000,10.000000,1000,32869836,32869881
2aec2acfed380,0,52288055,gaussian,60.000000,10.000000,1000,32917860,32917901
2aec2acfed380,0,52288055,gaussian,60.000000,10.000000,1000,32984953,32984992
2aec2acfed380,0,52288055,gaussian,60.000000,10.000000,1000,33034742,33034779
2aec2acfed380,0,52288055,gaussian,60.000000,10.000000,1000,33088580,33088623
2aec2acfed380,0,52288055,gaussian,60.000000,10.000000,1000,33140118,33140159
2aec2acfed380,0,52288055,gaussian,60.000000,10.000000,1000,33205372,33205411
2aec2acfed380,0,52288055,gaussian,60.000000,10.000000,1000,33258301,33258339
2aec2acfed380,0,52288055,gaussian,60.000000,10.000000,1000,33319092,33319132
2aec2acfed380,0,52288055,gaussian,60.000000,10.000000,1000,33374245,33374285
2aec2acfed380,0,52288055,gaussian,60.000000,10.000000,1000,33419904,33419942
2aec2acfed380,0,52288055,gaussian,60.000000,10.000000,1000,33467335,33467373
2aec2acfed380,0,52288055,gaussian,60.000000,10.000000,1000,33516251,33516289
2aec2acfed380,0,52288055,gaussian,60.000000,10.000000,1000,33569921,33569960
2aec2acfed380,0,52288055,gaussian,60.000000,10.000000,1000,33627847,33627885
2aec2acfed380,0,52288055,gaussian,60.000000,10.000000,1000,33681888,33681928
2aec2acfed380,0,52288055,gaussian,60.000000,10.000000,1000,33732186,33732231
2aec2acfed380,0,52288055,gaussian,60.000000,10.000000,1000,33781207,33781246
2aec2acfed380,0,52288055,gaussian,60.000000,10.000000,1000,33836745,33836787
2aec2acfed380,0,52288055,gaussian,60.000000,10.000000,1000,33892425,33892465
2aec2acfed380,0,52288055,gaussian,60.000000,10.000000,1000,33940945,33940985
2aec2acfed380,0,52288055,gaussian,60.000000,10.000000,1000,33997017,33997056
2aec2acfed380,0,52288055,gaussian,60.000000,10.000000,1000,34062301,34062347
2aec2acfed380,0,52288055,gaussian,60.000000,10.000000,1000,34095238,34095278
2aec2acfed380,0,52288055,gaussian,60.000000,10.000000,1000,34143364,34143404
2aec2acfed380,0,52288055,gaussian,60.000000,10.000000,1000,34206554,34206600
2aec2acfed380,0,52288055,gaussian,60.000000,10.000000,1000,34253973,34254016
2aec2acfed380,0,52288055,gaussian,60.000000,10.000000,1000,34314332,34314371
2aec2acfed380,0,52288055,gaussian,60.000000,10.000000,1000,34366883,34366923
2aec2acfed380,0,52288055,gaussian,60.000000,10.000000,1000,34432802,34432840
2aec2acfed380,0,52288055,gaussian,60.000000,10.000000,1000,34470391,34470429
2aec2acfed380,0,52288055,gaussian,60.000000,10.000000,1000,34512623,34512662
2aec2acfed380,0,52288055,gaussian,60.000000,10.000000,1000,34560624,34560661
2aec2acfed380,0,52288055,gaussian,60.000000,10.000000,1000,34603383,34603421
2aec2acfed380,0,52288055,gaussian,60.000000,10.000000,1000,34640058,34640100
2aec2acfed380,0,52288055,gaussian,60.000000,10.000000,1000,34688732,34688769
2aec2acfed380,0,52288055,gaussian,60.000000,10.000000,1000,34749041,34749083
2aec2acfed380,0,52288055,gaussian,60.000000,10.000000,1000,34800809,34800854
2aec2acfed380,0,52288055,gaussian,60.000000,10.000000,1000,34848734,34848776
2aec2acfed380,0,52288055,gaussian,60.000000,10.000000,1000,34894414,34894453
2aec2acfed380,0,52288055,gaussian,60.000000,10.000000,1000,34958632,34958675
2aec2acfed380,0,52288055,gaussian,60.000000,10.000000,1000,35008625,35008663
2aec2acfed380,0,52288055,gaussian,60.000000,10.000000,1000,35065812,35065850
2aec2acfed380,0,52288055,gaussian,60.000000,10.000000,1000,35111627,35111666
2aec2acfed380,0,52288055,gaussian,60.000000,10.000000,1000,35170746,35170785
2aec2acfed380,0,52288055,gaussian,60.000000,10.000000,1000,35231764,35231804
2aec2acfed380,0,52288055,gaussian,60.000000,10.000000,1000,35287426,35287466
2aec2acfed380,0,52288055,gaussian,60.000000,10.000000,1000,35351406,35351444
2aec2acfed380,0,52288055,gaussian,60.000000,10.000000,1000,35416653,35416692
2aec2acfed380,0,52288055,gaussian,60.000000,10.000000,1000,35460112,35460151
2aec2acfed380,0,52288055,gaussian,60.000000,10.000000,1000,35512048,35512088
2aec2acfed380,0,52288055,gaussian,60.000000,10.000000,1000,35568647,35568687
2aec2acfed380,0,52288055,gaussian,60.000000,10.000000,1000,35625741,35625779
2aec2acfed380,0,52288055,gaussian,60.000000,10.000000,1000,35672040,35672080
2aec2acfed380,0,52288055,gaussian,60.000000,10.000000,1000,35722151,35722191
2aec2acfed380,0,52288055,gaussian,60.000000,10.000000,1000,35770549,35770589
2aec2acfed380,0,52288055,gaussian,60.000000,10.000000,1000,35803480,35803517
2aec2acfed380,0,52288055,gaussian,60.000000,10.000000,1000,35862032,35862070
2aec2acfed380,0,52288055,gaussian,60.000000,10.000000,1000,35928191,35928233
2aec2acfed380,0,52288055,gaussian,60.000000,10.000000,1000,35974802,35974847
2aec2acfed380,0,52288055,gaussian,60.000000,10.000000,1000,36017875,36017913
2aec2acfed380,0,52288055,gaussian,60.000000,10.000000,1000,36063849,36063888
2aec2acfed380,0,52288055,gaussian,60.000000,10.000000,1000,36123902,36123941
2aec2acfed380,0,52288055,gaussian,60.000000,10.000000,1000,36172157,36172195
2aec2acfed380,0,52288055,gaussian,60.000000,10.000000,1000,36229680,36229719
2aec2acfed380,0,52288055,gaussian,60.000000,10.000000,1000,36286310,36286353
2aec2acfed380,0,52288055,gaussian,60.000000,10.000000,1000,36337636,36337674
2aec2acfed380,0,52288055,gaussian,60.000000,10.000000,1000,36385977,36386019
2aec2acfed380,0,52288055,gaussian,60.000000,10.000000,1000,36432154,36432192
2aec2acfed380,0,52288055,gaussian,60.000000,10.000000,1000,36475927,36475973
2aec2acfed380,0,52288055,gaussian,60.000000,10.000000,1000,36532992,36533031
2aec2acfed380,0,52288055,gaussian,60.000000,10.000000,1000,36583850,36583888
2aec2acfed380,0,52288055,gaussian,60.000000,10.000000,1000,36633767,36633812
2aec2acfed380,0,52288055,gaussian,60.000000,10.000000,1000,36690023,36690064
2aec2acfed380,0,52288055,gaussian,60.000000,10.000000,1000,36749720,36749762
2aec2acfed380,0,52288055,gaussian,60.000000,10.000000,1000,36787528,36787569
2aec2acfed380,0,52288055,gaussian,60.000000,10.000000,1000,36854927,36854972
2aec2acfed380,0,52288055,gaussian,60.000000,10.000000,1000,36907319,36907358
2aec2acfed380,0,52288055,gaussian,60.000000,10.000000,1000,36955759,36955800
2aec2acfed380,0,52288055,gaussian,60.000000,10.000000,1000,36977354,36977392
2aec2acfed380,0,52288055,gaussian,60.000000,10.000000,1000,37036873,37036911
2aec2acfed380,0,52288055,gaussian,60.000000,10.000000,1000,37096014,37096055
2aec2acfed380,0,52288055,gaussian,60.000000,10.000000,1000,37166660,37166698
2aec2acfed380,0,52288055,gaussian,60.000000,10.000000,1000,37214997,37215035
2aec2acfed380,0,52288055,gaussian,60.000000,10.000000,1000,37263506,37263545
2aec2acfed380,0,52288055,gaussian,60.000000,10.000000,1000,37319630,37319669
2aec2acfed380,0,52288055,gaussian,60.000000,10.000000,1000,37367638,37367675
2aec2acfed380,0,52288055,gaussian,60.000000,10.000000,1000,37418228,37418269
2aec2acfed380,0,52288055,gaussian,60.000000,10.000000,1000,37458562,37458598
2aec2acfed380,0,52288055,gaussian,60.000000,10.000000,1000,37514498,37514537
2aec2acfed380,0,52288055,gaussian,60.000000,10.000000,1000,37562935,37562975
2aec2acfed380,0,52288055,gaussian,60.000000,10.000000,1000,37612003,37612041
2aec2acfed380,0,52288055,gaussian,60.000000,10.000000,1000,37662851,37662889
2aec2acfed380,0,52288055,gaussian,60.000000,10.000000,1000,37719902,37719941
2aec2acfed380,0,52288055,gaussian,60.000000,10.000000,1000,37769938,37769976
2aec2acfed380,0,52288055,gaussian,60.000000,10.000000,1000,37817362,37817398
2aec2acfed380,0,52288055,gaussian,60.000000,10.000000,1000,37858520,37858563
2aec2acfed380,0,52288055,gaussian,60.000000,10.000000,1000,37913406,37913444
2aec2acfed380,0,52288055,gaussian,60.000000,10.000000,1000,37960507,37960546
2aec2acfed380,0,52288055,gaussian,60.000000,10.000000,1000,37993677,37993714
2aec2acfed380,0,52288055,gaussian,60.000000,10.000000,1000,38044869,38044909
2aec2acfed380,0,52288055,gaussian,60.000000,10.000000,1000,38094309,38094347
2aec2acfed380,0,52288055,gaussian,60.000000,10.000000,1000,38162627,38162666
2aec2acfed380,0,52288055,gaussian,60.000000,10.000000,1000,38213176,38213215
2aec2acfed380,0,52288055,gaussian,60.000000,10.000000,1000,38268774,38268814
2aec2acfed380,0,52288055,gaussian,60.000000,10.000000,1000,38299078,38299116
2aec2acfed380,0,52288055,gaussian,60.000000,10.000000,1000,38357936,38357975
2aec2acfed380,0,52288055,gaussian,60.000000,10.000000,1000,38403415,38403452
2aec2acfed380,0,52288055,gaussian,60.000000,10.000000,1000,38452925,38452963
2aec2acfed380,0,52288055,gaussian,60.000000,10.000000,1000,38486497,38486543
2aec2acfed380,0,52288055,gaussian,60.000000,10.000000,1000,38533326,38533365
2aec2acfed380,0,52288055,gaussian,60.000000,10.000000,1000,38587416,38587457
2aec2acfed380,0,52288055,gaussian,60.000000,10.000000,1000,38633260,38633300
2aec2acfed380,0,52288055,gaussian,60.000000,10.000000,1000,38685211,38685250
2aec2acfed380,0,52288055,gaussian,60.000000,10.000000,1000,38732624,38732667
2aec2acfed380,0,52288055,gaussian,60.000000,10.000000,1000,38776183,38776222
2aec2acfed380,0,52288055,gaussian,60.000000,10.000000,1000,38832443,38832483
2aec2acfed380,0,52288055,gaussian,60.000000,10.000000,1000,38879460,38879498
2aec2acfed380,0,52288055,gaussian,60.000000,10.000000,1000,38927828,38927866
2aec2acfed380,0,52288055,gaussian,60.000000,10.000000,1000,38986649,38986694
2aec2acfed380,0,52288055,gaussian,60.000000,10.000000,1000,39054351,39054394
2aec2acfed380,0,52288055,gaussian,60.000000,10.000000,1000,39108218,39108263
2aec2acfed380,0,52288055,gaussian,60.000000,10.000000,1000,39163443,39163483
2aec2acfed380,0,52288055,gaussian,60.000000,10.000000,1000,39225296,39225337
2aec2acfed380,0,52288055,gaussian,60.000000,10.000000,1000,39287219,39287263
2aec2acfed380,0,52288055,gaussian,60.000000,10.000000,1000,39341072,39341112
2aec2acfed380,0,52288055,gaussian,60.000000,10.000000,1000,39379461,39379501
2aec2acfed380,0,52288055,gaussian,60.000000,10.000000,1000,39441914,39441954
2aec2acfed380,0,52288055,gaussian,60.000000,10.000000,1000,39501171,39501215
2aec2acfed380,0,52288055,gaussian,60.000000,10.000000,1000,39557953,39557992
2aec2acfed380,0,52288055,gaussian,60.000000,10.000000,1000,39608028,39608066
2aec2acfed380,0,52288055,gaussian,60.000000,10.000000,1000,39669279,39669318
2aec2acfed380,0,52288055,gaussian,60.000000,10.000000,1000,39715947,39715984
2aec2acfed380,0,52288055,gaussian,60.000000,10.000000,1000,39770797,39770837
2aec2acfed380,0,52288055,gaussian,60.000000,10.000000,1000,39835018,39835057
2aec2acfed380,0,52288055,gaussian,60.000000,10.000000,1000,39884949,39884992
2aec2acfed380,0,52288055,gaussian,60.000000,10.000000,1000,39933374,39933413
2aec2acfed380,0,52288055,gaussian,60.000000,10.000000,1000,39993880,39993924
2aec2acfed380,0,52288055,gaussian,60.000000,10.000000,1000,40054175,40054219
2aec2acfed380,0,52288055,gaussian,60.000000,10.000000,1000,40109183,40109221
2aec2acfed380,0,52288055,gaussian,60.000000,10.000000,1000,40155614,40155659
2aec2acfed380,0,52288055,gaussian,60.000000,10.000000,1000,40209710,40209754
2aec2acfed380,0,52288055,gaussian,60.000000,10.000000,1000,40272942,40272981
2aec2acfed380,0,52288055,gaussian,60.000000,10.000000,1000,40334952,40334990
2aec2acfed380,0,52288055,gaussian,60.000000,10.000000,1000,40412192,40412234
2aec2acfed380,0,52288055,gaussian,60.000000,10.000000,1000,40462573,40462610
2aec2acfed380,0,52288055,gaussian,60.000000,10.000000,1000,40507752,40507794
2aec2acfed380,0,52288055,gaussian,60.000000,10.000000,1000,40561295,40561350
2aec2acfed380,0,52288055,gaussian,60.000000,10.000000,1000,40622325,40622366
2aec2acfed380,0,52288055,gaussian,60.000000,10.000000,1000,40667401,40667437
2aec2acfed380,0,52288055,gaussian,60.000000,10.000000,1000,40719995,40720036
2aec2acfed380,0,52288055,gaussian,60.000000,10.000000,1000,40766485,40766524
2aec2acfed380,0,52288055,gaussian,60.000000,10.000000,1000,40808305,40808346
2aec2acfed380,0,52288055,gaussian,60.000000,10.000000,1000,40878154,40878194
2aec2acfed380,0,52288055,gaussian,60.000000,10.000000,1000,40936978,40937018
2aec2acfed380,0,52288055,gaussian,60.000000,10.000000,1000,40980488,40980526
2aec2acfed380,0,52288055,gaussian,60.000000,10.000000,1000,41026152,41026195
2aec2acfed380,0,52288055,gaussian,60.000000,10.000000,1000,41080884,41080925
2aec2acfed380,0,52288055,gaussian,60.000000,10.000000,1000,41140515,41140552
2aec2acfed380,0,52288055,gaussian,60.000000,10.000000,1000,41186032,41186070
2aec2acfed380,0,52288055,gaussian,60.000000,10.000000,1000,41241702,41241741
2aec2acfed380,0,52288055,gaussian,60.000000,10.000000,1000,41269571,41269609
2aec2acfed380,0,52288055,gaussian,60.000000,10.000000,1000,41316594,41316637
2aec2acfed380,0,52288055,gaussian,60.000000,10.000000,1000,41374069,41374109
2aec2acfed380,0,52288055,gaussian,60.000000,10.000000,1000,41426964,41427003
2aec2acfed380,0,52288055,gaussian,60.000000,10.000000,1000,41485617,41485655
2aec2acfed380,0,52288055,gaussian,60.000000,10.000000,1000,41529706,41529747
2aec2acfed380,0,52288055,gaussian,60.000000,10.000000,1000,41569144,41569183
2aec2acfed380,0,52288055,gaussian,60.000000,10.000000,1000,41627565,41627605
2aec2acfed380,0,52288055,gaussian,60.000000,10.000000,1000,41686189,41686229
2aec2acfed380,0,52288055,gaussian,60.000000,10.000000,1000,41749186,41749226
2aec2acfed380,0,52288055,gaussian,60.000000,10.000000,1000,41802539,41802581
2aec2acfed380,0,52288055,gaussian,60.000000,10.000000,1000,41847508,41847544
2aec2acfed380,0,52288055,gaussian,60.000000,10.000000,1000,41896259,41896301
2aec2acfed380,0,52288055,gaussian,60.000000,10.000000,1000,41950482,41950522
2aec2acfed380,0,52288055,gaussian,60.000000,10.000000,1000,42011517,42011559
2aec2acfed380,0,52288055,gaussian,60.000000,10.000000,1000,42062714,42062751
2aec2acfed380,0,52288055,gaussian,60.000000,10.000000,1000,42126240,42126282
2aec2acfed380,0,52288055,gaussian,60.000000,10.000000,1000,42173736,42173776
2aec2acfed380,0,52288055,gaussian,60.000000,10.000000,1000,42214266,42214305
2aec2acfed380,0,52288055,gaussian,60.000000,10.000000,1000,42266753,42266794
2aec2acfed380,0,52288055,gaussian,60.000000,10.000000,1000,42317889,42317932
2aec2acfed380,0,52288055,gaussian,60.000000,10.000000,1000,42364016,42364054
2aec2acfed380,0,52288055,gaussian,60.000000,10.000000,1000,42418717,42418757
2aec2acfed380,0,52288055,gaussian,60.000000,10.000000,1000,42477953,42477991
2aec2acfed380,0,52288055,gaussian,60.000000,10.000000,1000,42530861,42530901
2aec2acfed380,0,52288055,gaussian,60.000000,10.000000,1000,42583282,42583324
2aec2acfed380,0,52288055,gaussian,60.000000,10.000000,1000,42627157,42627196
2aec2acfed380,0,52288055,gaussian,60.000000,10.000000,1000,42680131,42680177
2aec2acfed380,0,52288055,gaussian,60.000000,10.000000,1000,42730447,42730487
2aec2acfed380,0,52288055,gaussian,60.000000,10.000000,1000,42785099,42785203
2aec2acfed380,0,52288055,gaussian,60.000000,10.000000,1000,42853594,42853636
2aec2acfed380,0,52288055,gaussian,60.000000,10.000000,1000,42902803,42902843
2aec2acfed380,0,52288055,gaussian,60.000000,10.000000,1000,42962284,42962327
2aec2acfed380,0,52288055,gaussian,60.000000,10.000000,1000,43015482,43015526
2aec2acfed380,0,52288055,gaussian,60.000000,10.000000,1000,43069614,43069658
2aec2acfed380,0,52288055,gaussian,60.000000,10.000000,1000,43122220,43122263
2aec2acfed380,0,52288055,gaussian,60.000000,10.000000,1000,43158748,43158787
2aec2acfed380,0,52288055,gaussian,60.000000,10.000000,1000,43202445,43202483
2aec2acfed380,0,52288055,gaussian,60.000000,10.000000,1000,43260848,43260886
2aec2acfed380,0,52288055,gaussian,60.000000,10.000000,1000,43306984,43307022
2aec2acfed380,0,52288055,gaussian,60.000000,10.000000,1000,43360614,43360707
2aec2acfed380,0,52288055,gaussian,60.000000,10.000000,1000,43405874,43405918
2aec2acfed380,0,52288055,gaussian,60.000000,10.000000,1000,43465806,43465847
2aec2acfed380,0,52288055,gaussian,60.000000,10.000000,1000,43523791,43523832
2aec2acfed380,0,52288055,gaussian,60.000000,10.000000,1000,43557045,43557085
2aec2acfed380,0,52288055,gaussian,60.000000,10.000000,1000,43606741,43606785
2aec2acfed380,0,52288055,gaussian,60.000000,10.000000,1000,43665510,43665553
2aec2acfed380,0,52288055,gaussian,60.000000,10.000000,1000,43710400,43710440
2aec2acfed380,0,52288055,gaussian,60.000000,10.000000,1000,43752379,43752491
2aec2acfed380,0,52288055,gaussian,60.000000,10.000000,1000,43816265,43816306
2aec2acfed380,0,52288055,gaussian,60.000000,10.000000,1000,43885451,43885494
2aec2acfed380,0,52288055,gaussian,60.000000,10.000000,1000,43930339,43930432
2aec2acfed380,0,52288055,gaussian,60.000000,10.000000,1000,43980626,43980671
2aec2acfed380,0,52288055,gaussian,60.000000,10.000000,1000,44023885,44023922
2aec2acfed380,0,52288055,gaussian,60.000000,10.000000,1000,44080765,44080862
2aec2acfed380,0,52288055,gaussian,60.000000,10.000000,1000,44129794,44129830
2aec2acfed380,0,52288055,gaussian,60.000000,10.000000,1000,44181724,44181769
2aec2acfed380,0,52288055,gaussian,60.000000,10.000000,1000,44224605,44224643
2aec2acfed380,0,52288055,gaussian,60.000000,10.000000,1000,44279854,44279893
2aec2acfed380,0,52288055,gaussian,60.000000,10.000000,1000,44325812,44325852
2aec2acfed380,0,52288055,gaussian,60.000000,10.000000,1000,44384325,44384365
2aec2acfed380,0,52288055,gaussian,60.000000,10.000000,1000,44448068,44448111
2aec2acfed380,0,52288055,gaussian,60.000000,10.000000,1000,44478209,44478247
2aec2acfed380,0,52288055,gaussian,60.000000,10.000000,1000,44533588,44533627
2aec2acfed380,0,52288055,gaussian,60.000000,10.000000,1000,44581627,44581673
2aec2acfed380,0,52288055,gaussian,60.000000,10.000000,1000,44639679,44639724
2aec2acfed380,0,52288055,gaussian,60.000000,10.000000,1000,44681101,44681196
2aec2acfed380,0,52288055,gaussian,60.000000,10.000000,1000,44732878,44732919
2aec2acfed380,0,52288055,gaussian,60.000000,10.000000,1000,44790451,44790488
2aec2acfed380,0,52288055,gaussian,60.000000,10.000000,1000,44833074,44833112
2aec2acfed380,0,52288055,gaussian,60.000000,10.000000,1000,44870677,44870716
2aec2acfed380,0,52288055,gaussian,60.000000,10.000000,1000,44915042,44915084
2aec2acfed380,0,52288055,gaussian,60.000000,10.000000,1000,44954121,44954158
2aec2acfed380,0,52288055,gaussian,60.000000,10.000000,1000,45016545,45016588
2aec2acfed380,0,52288055,gaussian,60.000000,10.000000,1000,45066744,45066849
2aec2acfed380,0,52288055,gaussian,60.000000,10.000000,1000,45135554,45135652
2aec2acfed380,0,52288055,gaussian,60.000000,10.000000,1000,45182092,45182195
2aec2acfed380,0,52288055,gaussian,60.000000,10.000000,1000,45232734,45232772
2aec2acfed380,0,52288055,gaussian,60.000000,10.000000,1000,45277705,45277811
2aec2acfed380,0,52288055,gaussian,60.000000,10.000000,1000,45326229,45326358
2aec2acfed380,0,52288055,gaussian,60.000000,10.000000,1000,45393008,45393110
2aec2acfed380,0,52288055,gaussian,60.000000,10.000000,1000,45454462,45454502
2aec2acfed380,0,52288055,gaussian,60.000000,10.000000,1000,45508750,45508868
2aec2acfed380,0,52288055,gaussian,60.000000,10.000000,1000,45568456,45568675
2aec2acfed380,0,52288055,gaussian,60.000000,10.000000,1000,45623211,45623247
2aec2acfed380,0,52288055,gaussian,60.000000,10.000000,1000,45684844,45684889
2aec2acfed380,0,52288055,gaussian,60.000000,10.000000,1000,45745224,45745264
2aec2acfed380,0,52288055,gaussian,60.000000,10.000000,1000,45805308,45805410
2aec2acfed380,0,52288055,gaussian,60.000000,10.000000,1000,45866300,45866341
2aec2acfed380,0,52288055,gaussian,60.000000,10.000000,1000,45907381,45907424
2aec2acfed380,0,52288055,gaussian,60.000000,10.000000,1000,45955114,45955153
2aec2acfed380,0,52288055,gaussian,60.000000,10.000000,1000,46022454,46022492
2aec2acfed380,0,52288055,gaussian,60.000000,10.000000,1000,46080096,46080136
2aec2acfed380,0,52288055,gaussian,60.000000,10.000000,1000,46134541,46134585
2aec2acfed380,0,52288055,gaussian,60.000000,10.000000,1000,46191158,46191200
2aec2acfed380,0,52288055,gaussian,60.000000,10.000000,1000,46250741,46250784
2aec2acfed380,0,52288055,gaussian,60.000000,10.000000,1000,46297069,46297111
2aec2acfed380,0,52288055,gaussian,60.000000,10.000000,1000,46363976,46364474
2aec2acfed380,0,52288055,gaussian,60.000000,10.000000,1000,46418281,46418559
2aec2acfed380,0,52288055,gaussian,60.000000,10.000000,1000,46469279,46469316
2aec2acfed380,0,52288055,gaussian,60.000000,10.000000,1000,46512695,46512797
2aec2acfed380,0,52288055,gaussian,60.000000,10.000000,1000,46559854,46559959
2aec2acfed380,0,52288055,gaussian,60.000000,10.000000,1000,46614131,46614234
2aec2acfed380,0,52288055,gaussian,60.000000,10.000000,1000,46665377,46665420
2aec2acfed380,0,52288055,gaussian,60.000000,10.000000,1000,46701332,46701369
2aec2acfed380,0,52288055,gaussian,60.000000,10.000000,1000,46751261,46751305
2aec2acfed380,0,52288055,gaussian,60.000000,10.000000,1000,46793520,46793559
2aec2acfed380,0,52288055,gaussian,60.000000,10.000000,1000,46857986,46858100
2aec2acfed380,0,52288055,gaussian,60.000000,10.000000,1000,46915337,46915434
2aec2acfed380,0,52288055,gaussian,60.000000,10.000000,1000,46958848,46958946
2aec2acfed380,0,52288055,gaussian,60.000000,10.000000,1000,47002564,47002608
2aec2acfed380,0,52288055,gaussian,60.000000,10.000000,1000,47066340,47066379
2aec2acfed380,0,52288055,gaussian,60.000000,10.000000,1000,47104812,47104904
2aec2acfed380,0,52288055,gaussian,60.000000,10.000000,1000,47159726,47159771
2aec2acfed380,0,52288055,gaussian,60.000000,10.000000,1000,47207039,47207080
2aec2acfed380,0,52288055,gaussian,60.000000,10.000000,1000,47260295,47260333
2aec2acfed380,0,52288055,gaussian,60.000000,10.000000,1000,47323553,47323597
2aec2acfed380,0,52288055,gaussian,60.000000,10.000000,1000,47390637,47390741
2aec2acfed380,0,52288055,gaussian,60.000000,10.000000,1000,47439588,47439627
2aec2acfed380,0,52288055,gaussian,60.000000,10.000000,1000,47492230,47492272
2aec2acfed380,0,52288055,gaussian,60.000000,10.000000,1000,47533041,47533077
2aec2acfed380,0,52288055,gaussian,60.000000,10.000000,1000,47592495,47592589
2aec2acfed380,0,52288055,gaussian,60.000000,10.000000,1000,47650750,47650853
2aec2acfed380,0,52288055,gaussian,60.000000,10.000000,1000,47701334,47701379
2aec2acfed380,0,52288055,gaussian,60.000000,10.000000,1000,47754793,47754911
2aec2acfed380,0,52288055,gaussian,60.000000,10.000000,1000,47812314,47812356
2aec2acfed380,0,52288055,gaussian,60.000000,10.000000,1000,47859687,47859726
2aec2acfed380,0,52288055,gaussian,60.000000,10.000000,1000,47914115,47914157
2aec2acfed380,0,52288055,gaussian,60.000000,10.000000,1000,47981113,47981155
2aec2acfed380,0,52288055,gaussian,60.000000,10.000000,1000,48045838,48045881
2aec2acfed380,0,52288055,gaussian,60.000000,10.000000,1000,48095045,48095088
2aec2acfed380,0,52288055,gaussian,60.000000,10.000000,1000,48137499,48137538
2aec2acfed380,0,52288055,gaussian,60.000000,10.000000,1000,48197906,48198083
2aec2acfed380,0,52288055,gaussian,60.000000,10.000000,1000,48249367,48249405
2aec2acfed380,0,52288055,gaussian,60.000000,10.000000,1000,48306442,48306487
2aec2acfed380,0,52288055,gaussian,60.000000,10.000000,1000,48361873,48361917
2aec2acfed380,0,52288055,gaussian,60.000000,10.000000,1000,48425226,48425271
2aec2acfed380,0,52288055,gaussian,60.000000,10.000000,1000,48474248,48474286
2aec2acfed380,0,52288055,gaussian,60.000000,10.000000,1000,48529031,48529069
2aec2acfed380,0,52288055,gaussian,60.000000,10.000000,1000,48570824,48570863
2aec2acfed380,0,52288055,gaussian,60.000000,10.000000,1000,48616669,48616756
2aec2acfed380,0,52288055,gaussian,60.000000,10.000000,1000,48658888,48658932
2aec2acfed380,0,52288055,gaussian,60.000000,10.000000,1000,48723268,48723376
2aec2acfed380,0,52288055,gaussian,60.000000,10.000000,1000,48766346,48766384
2aec2acfed380,0,52288055,gaussian,60.000000,10.000000,1000,48812570,48812683
2aec2acfed380,0,52288055,gaussian,60.000000,10.000000,1000,48879172,48879213
2aec2acfed380,0,52288055,gaussian,60.000000,10.000000,1000,48936072,48936114
2aec2acfed380,0,52288055,gaussian,60.000000,10.000000,1000,48979893,48979931
2aec2acfed380,0,52288055,gaussian,60.000000,10.000000,1000,49038381,49038424
2aec2acfed380,0,52288055,gaussian,60.000000,10.000000,1000,49084381,49084479
2aec2acfed380,0,52288055,gaussian,60.000000,10.000000,1000,49139036,49139075
2aec2acfed380,0,52288055,gaussian,60.000000,10.000000,1000,49197512,49197554
2aec2acfed380,0,52288055,gaussian,60.000000,10.000000,1000,49241619,49241659
2aec2acfed380,0,52288055,gaussian,60.000000,10.000000,1000,49290604,49290644
2aec2acfed380,0,52288055,gaussian,60.000000,10.000000,1000,49337011,49337050
2aec2acfed380,0,52288055,gaussian,60.000000,10.000000,1000,49398375,49398518
2aec2acfed380,0,52288055,gaussian,60.000000,10.000000,1000,49451875,49451991
2aec2acfed380,0,52288055,gaussian,60.000000,10.000000,1000,49493107,49493146
2aec2acfed380,0,52288055,gaussian,60.000000,10.000000,1000,49543946,49543990
2aec2acfed380,0,52288055,gaussian,60.000000,10.000000,1000,49606930,49606971
2aec2acfed380,0,52288055,gaussian,60.000000,10.000000,1000,49662995,49663039
2aec2acfed380,0,52288055,gaussian,60.000000,10.000000,1000,49711588,49711628
2aec2acfed380,0,52288055,gaussian,60.000000,10.000000,1000,49775400,49775438
2aec2acfed380,0,52288055,gaussian,60.000000,10.000000,1000,49827205,49827244
2aec2acfed380,0,52288055,gaussian,60.000000,10.000000,1000,49872408,49872447
2aec2acfed380,0,52288055,gaussian,60.000000,10.000000,1000,49945880,49945917
2aec2acfed380,0,52288055,gaussian,60.000000,10.000000,1000,49996568,49996605
2aec2acfed380,0,52288055,gaussian,60.000000,10.000000,1000,50052249,50052293
2aec2acfed380,0,52288055,gaussian,60.000000,10.000000,1000,50116686,50116723
2aec2acfed380,0,52288055,gaussian,60.000000,10.000000,1000,50168691,50168737
2aec2acfed380,0,52288055,gaussian,60.000000,10.000000,1000,50227055,50227097
2aec2acfed380,0,52288055,gaussian,60.000000,10.000000,1000,50279445,50279483
2aec2acfed380,0,52288055,gaussian,60.000000,10.000000,1000,50338320,50338359
2aec2acfed380,0,52288055,gaussian,60.000000,10.000000,1000,50391893,50391930
2aec2acfed380,0,52288055,gaussian,60.000000,10.000000,1000,50449615,50449656
2aec2acfed380,0,52288055,gaussian,60.000000,10.000000,1000,50503850,50503894
2aec2acfed380,0,52288055,gaussian,60.000000,10.000000,1000,50545485,50545597
2aec2acfed380,0,52288055,gaussian,60.000000,10.000000,1000,50586986,50587027
2aec2acfed380,0,52288055,gaussian,60.000000,10.000000,1000,50636796,50636834
2aec2acfed380,0,52288055,gaussian,60.000000,10.000000,1000,50686561,50686671
2aec2acfed380,0,52288055,gaussian,60.000000,10.000000,1000,50728238,50728276
2aec2acfed380,0,52288055,gaussian,60.000000,10.000000,1000,50790299,50790344
2aec2acfed380,0,52288055,gaussian,60.000000,10.000000,1000,50824619,50824661
2aec2acfed380,0,52288055,gaussian,60.000000,10.000000,1000,50878613,50878652
2aec2acfed380,0,52288055,gaussian,60.000000,10.000000,1000,50930557,50930599
2aec2acfed380,0,52288055,gaussian,60.000000,10.000000,1000,50981775,50981876
2aec2acfed380,0,52288055,gaussian,60.000000,10.000000,1000,51036753,51036798
2aec2acfed380,0,52288055,gaussian,60.000000,10.000000,1000,51083357,51083394
2aec2acfed380,0,52288055,gaussian,60.000000,10.000000,1000,51127475,51127835
2aec2acfed380,0,52288055,gaussian,60.000000,10.000000,1000,51186356,51186400
2aec2acfed380,0,52288055,gaussian,60.000000,10.000000,1000,51240856,51240895
2aec2acfed380,0,52288055,gaussian,60.000000,10.000000,1000,51291913,51291954
2aec2acfed380,0,52288055,gaussian,60.000000,10.000000,1000,51341544,51341589
2aec2acfed380,0,52288055,gaussian,60.000000,10.000000,1000,51377022,51377187
2aec2acfed380,0,52288055,gaussian,60.000000,10.000000,1000,51422663,51422701
2aec2acfed380,0,52288055,gaussian,60.000000,10.000000,1000,51490237,51490277
2aec2acfed380,0,52288055,gaussian,60.000000,10.000000,1000,51531966,51532055
2aec2acfed380,0,52288055,gaussian,60.000000,10.000000,1000,51577223,51577369
2aec2acfed380,0,52288055,gaussian,60.000000,10.000000,1000,51638672,51638715
2aec2acfed380,0,52288055,gaussian,60.000000,10.000000,1000,51693154,51693191
2aec2acfed380,0,52288055,gaussian,60.000000,10.000000,1000,51754973,51755016
2aec2acfed380,0,52288055,gaussian,60.000000,10.000000,1000,51824033,51824112
2aec2acfed380,0,52288055,gaussian,60.000000,10.000000,1000,51872056,51872095
2aec2acfed380,0,52288055,gaussian,60.000000,10.000000,1000,51911241,51911342
2aec2acfed380,0,52288055,gaussian,60.000000,10.000000,1000,51960921,51960961
2aec2acfed380,0,52288055,gaussian,60.000000,10.000000,1000,52025527,52025566
2aec2acfed380,0,52288055,gaussian,60.000000,10.000000,1000,52067862,52067902
2aec2acfed380,0,52288055,gaussian,60.000000,10.000000,1000,52122618,52122657
2aec2acfed380,0,52288055,gaussian,60.000000,10.000000,1000,52155085,52155126
2aec2acfed380,0,52288055,gaussian,60.000000,10.000000,1000,52216208,52216249
2aec2acfed380,0,52288055,gaussian,60.000000,10.000000,1000,52271567,52271604

